id,codename,zone,level,max_hp,max_mp,exp_to_give,atk_min,atk_max,par,mar,er_parry,hr,chr,rarity,rarity_desc,service,country,speed_walk,speed_run,link
3666,MOB_AUTOMOB,AUTRE,1,9999999,0,24,0,0,0,0,0,0,0,0,normal,1,3,6,200,1640
1933,MOB_CI_MANGNYANG,Zone tutorielle / instance (CI),1,54,0,24,7,10,1,1,27,27,2,0,normal,1,0,8,22,27
16410,MOB_EU_HUNTER_NPC_00010001,Europe (Constantinople),1,65,0,24,9,8,1,1,27,27,2,0,normal,1,3,20,50,6045
16411,MOB_EU_HUNTER_NPC_00020002,Europe (Constantinople),1,54,0,24,9,8,1,1,27,27,2,0,normal,1,3,20,50,6046
16412,MOB_EU_HUNTER_NPC_00030003,Europe (Constantinople),1,54,0,24,9,8,1,1,27,27,2,0,normal,1,3,20,50,6047
16413,MOB_EU_HUNTER_NPC_00040004,Europe (Constantinople),1,54,0,24,7,10,1,1,27,27,2,0,normal,1,3,20,51,6048
16414,MOB_EU_HUNTER_NPC_00050005,Europe (Constantinople),1,65,0,24,7,10,1,1,27,27,2,0,normal,1,3,20,50,6049
16415,MOB_EU_HUNTER_NPC_00060006,Europe (Constantinople),1,65,0,24,5,14,1,1,27,27,2,0,normal,1,3,20,50,6050
16416,MOB_EU_HUNTER_NPC_00070007,Europe (Constantinople),1,65,0,24,5,14,1,1,27,27,2,0,normal,1,3,20,50,6051
16417,MOB_EU_HUNTER_NPC_00080008,Europe (Constantinople),1,65,0,24,5,14,1,1,27,27,2,0,normal,1,3,20,50,6052
16419,MOB_EU_HUNTER_NPC_00100010,Europe (Constantinople),1,65,0,24,5,14,1,1,27,27,2,0,normal,1,3,20,50,6054
5850,MOB_EU_MOVOI_CLON,Europe (Constantinople),1,54,0,24,9,8,1,1,27,27,2,0,normal,1,1,15,45,1720
15013,MOB_EU_THIEF_NPC,Europe (Constantinople),1,54,0,24,7,10,1,1,27,27,2,0,normal,1,3,20,51,4648
15010,MOB_EU_THIEF_NPC_00010001,Europe (Constantinople),1,54,0,24,9,8,1,1,27,27,2,0,normal,1,3,20,50,4645
15012,MOB_EU_THIEF_NPC_00030003,Europe (Constantinople),1,54,0,24,9,8,1,1,27,27,2,0,normal,1,3,20,50,4647
15014,MOB_EU_THIEF_NPC_00050005,Europe (Constantinople),1,65,0,24,7,10,1,16777217,27,27,2,0,normal,1,3,20,50,4649
15015,MOB_EU_THIEF_NPC_00060006,Europe (Constantinople),1,65,0,24,5,14,1,1,27,27,2,0,normal,1,3,20,50,4650
15016,MOB_EU_THIEF_NPC_00070007,Europe (Constantinople),1,65,0,24,5,14,1,1,27,27,2,0,normal,1,3,20,50,4651
15017,MOB_EU_THIEF_NPC_00080008,Europe (Constantinople),1,65,0,24,5,14,1,1,27,27,2,0,normal,1,3,20,50,4652
15018,MOB_EU_THIEF_NPC_00090009,Europe (Constantinople),1,65,0,24,5,14,1,1,27,27,2,0,normal,1,3,20,50,4653
15019,MOB_EU_THIEF_NPC_00100010,Europe (Constantinople),1,65,0,24,5,14,1,1,27,27,2,0,normal,1,3,20,50,4654
26928,MOB_EVENT_PANDORA,AUTRE,1,1000,0,0,7,10,1,1,27,27,2,0,normal,1,3,0,0,13734
34041,MOB_EVE_GM_MANGNYANGGM,Evenement,1,54,0,24,7,10,1,16777217,27,27,2,0,normal,0,0,8,22,17674
26665,MOB_EV_GHOSTSUNGSUNG,Evenement,1,13,0,0,7,10,1,1,27,27,2,0,normal,1,3,0,75,13471
35909,MOB_EV_GHOST_BASIC,Evenement,1,13,0,0,7,10,1,1,27,27,2,0,normal,0,3,50,50,17701
10368,MOB_EV_PUMPKIN,Evenement,1,5,0,0,7,10,1,1,27,27,2,0,normal,1,3,0,75,4507
26663,MOB_EV_THIEF,Evenement,1,11,0,0,7,10,1,1,27,27,2,0,normal,1,3,0,55,13469
26664,MOB_EV_THIEF_BOSS,Evenement,1,11,0,0,7,10,1,1,27,27,2,0,normal,1,3,0,75,13470
28811,MOB_EV_WINTER_SNOWMAN,Evenement,1,11,0,24,7,10,1,1,27,27,2,0,normal,1,3,30,120,15585
22519,MOB_FW_BATTLEGOLEM_001,Forteresse (guerre de forteresse),1,82877,0,45120,9,6,1,1,27,27,2,3,unique_notice,1,3,42,56,12073
22099,MOB_FW_HYEONGCHEON_001,Forteresse (guerre de forteresse),1,52170,0,33840,7,10,1,1,27,27,2,3,unique_notice,1,3,23,74,11653
22239,MOB_FW_MUJIGI_001,Forteresse (guerre de forteresse),1,62158,0,33840,7,10,1,1,27,27,2,3,unique_notice,1,3,38,399,11793
21399,MOB_FW_TAESE_001,Forteresse (guerre de forteresse),1,69560,0,45120,9,6,1,1,27,27,2,3,unique_notice,1,3,10,34,10953
7585,MOB_HUNTER_NPC_00010001,AUTRE,1,65,0,24,7,10,1,1,27,27,2,0,normal,1,3,20,50,2118
7586,MOB_HUNTER_NPC_00020002,AUTRE,1,54,0,24,5,14,1,1,27,27,2,0,normal,1,3,20,50,2119
7587,MOB_HUNTER_NPC_00030003,AUTRE,1,54,0,24,7,10,1,1,27,27,2,0,normal,1,3,20,50,2120
7588,MOB_HUNTER_NPC_00040004,AUTRE,1,65,0,24,9,8,1,1,27,27,2,0,normal,1,3,20,50,2121
7589,MOB_HUNTER_NPC_00050005,AUTRE,1,54,0,24,7,10,1,1,27,27,2,0,normal,1,3,20,51,2122
7590,MOB_HUNTER_NPC_00060006,AUTRE,1,54,0,24,5,14,1,1,27,27,2,0,normal,1,3,20,50,2123
7591,MOB_HUNTER_NPC_00070007,AUTRE,1,65,0,24,7,10,1,1,27,27,2,0,normal,1,3,20,50,2124
7592,MOB_HUNTER_NPC_00080008,AUTRE,1,54,0,24,9,8,1,1,27,27,2,0,normal,1,3,20,50,2125
7593,MOB_HUNTER_NPC_00090009,AUTRE,1,54,0,24,7,10,1,1,27,27,2,0,normal,1,3,20,50,2126
7594,MOB_HUNTER_NPC_00100010,AUTRE,1,65,0,24,5,14,1,1,27,27,2,0,normal,1,3,20,51,2127
26784,MOB_SD_HAROERIS_SUMMON1,Temple du Job / désert d'Alexandrie (Seth 101-110),1,1,0,0,5,14,1,1,27,27,2,0,normal,1,3,0,0,13590
26785,MOB_SD_HAROERIS_SUMMON2,Temple du Job / désert d'Alexandrie (Seth 101-110),1,1,0,0,5,14,1,1,27,27,2,0,normal,1,3,0,0,13591
26786,MOB_SD_SETH_SUMMON1,Temple du Job / désert d'Alexandrie (Seth 101-110),1,1,0,0,5,14,1,1,27,27,2,0,normal,1,3,0,0,13592
26787,MOB_SD_SETH_SUMMON2,Temple du Job / désert d'Alexandrie (Seth 101-110),1,1,0,0,5,14,1,1,27,27,2,0,normal,1,3,0,0,13593
26788,MOB_SD_SETH_SUMMON3,Temple du Job / désert d'Alexandrie (Seth 101-110),1,1,0,0,5,14,1,16777217,27,27,2,0,normal,1,3,0,0,13594
2222,MOB_THIEF_NPC_00010001,Evenement caravan/thief,1,65,0,24,7,10,1,1,27,27,2,0,normal,1,3,20,50,239
2223,MOB_THIEF_NPC_00020002,Evenement caravan/thief,1,54,0,24,5,14,1,1,27,27,2,0,normal,1,3,20,50,240
2224,MOB_THIEF_NPC_00030003,Evenement caravan/thief,1,54,0,24,7,10,1,1,27,27,2,0,normal,1,3,20,50,241
2225,MOB_THIEF_NPC_00040004,Evenement caravan/thief,1,65,0,24,9,8,1,1,27,27,2,0,normal,1,3,20,50,242
2226,MOB_THIEF_NPC_00050005,Evenement caravan/thief,1,54,0,24,7,10,1,1,27,27,2,0,normal,1,3,20,51,243
2227,MOB_THIEF_NPC_00060006,Evenement caravan/thief,1,54,0,24,5,14,1,1,27,27,2,0,normal,1,3,20,50,244
2228,MOB_THIEF_NPC_00070007,Evenement caravan/thief,1,65,0,24,7,10,1,1,27,27,2,0,normal,1,3,20,50,245
2229,MOB_THIEF_NPC_00080008,Evenement caravan/thief,1,54,0,24,9,8,1,1,27,27,2,0,normal,1,3,20,50,246
2231,MOB_THIEF_NPC_00100010,Evenement caravan/thief,1,65,0,24,5,14,1,1,27,27,2,0,normal,1,3,20,51,248
2243,MOB_THIEF_NPC_00220022,Evenement caravan/thief,1,93,0,71,9,18,3,3,31,31,2,0,normal,1,3,20,50,260
24013,MOV_EV_WOLF_A_001,AUTRE,1,360,0,96,8,13,1,1,27,27,2,0,normal,1,0,50,75,13288
41450,QTRUCTURE_JUPITER_HIDE_GATE_E4,AUTRE,1,10000,0,0,320,0,0,0,0,0,0,0,normal,0,3,0,0,18827
36366,STRUCTURE_GMD_SMALL_GATE_FLAME_B_2B,AUTRE,1,10000,0,0,320,0,0,0,0,0,0,0,normal,1,3,0,0,18158
36352,STRUCTURE_GMD_SMALL_GATE_TOGUI_B_3B,AUTRE,1,10000,0,0,320,0,0,0,0,0,0,0,normal,1,3,0,0,18144
36358,STRUCTURE_GOD_BIG_GATE_FLAME_1,AUTRE,1,10000,0,0,320,0,0,0,0,0,0,0,normal,1,3,0,0,18150
36359,STRUCTURE_GOD_BIG_GATE_FLAME_2,AUTRE,1,10000,0,0,320,0,0,0,0,0,0,0,normal,1,3,0,0,18151
36360,STRUCTURE_GOD_BIG_GATE_FLAME_3,AUTRE,1,10000,0,0,320,0,0,0,0,0,0,0,normal,1,3,0,0,18152
36343,STRUCTURE_GOD_BIG_GATE_TOGUI_1,AUTRE,1,10000,0,0,320,0,0,0,0,0,0,0,normal,1,3,0,0,18135
36344,STRUCTURE_GOD_BIG_GATE_TOGUI_2,AUTRE,1,10000,0,0,320,0,0,0,0,0,0,0,normal,1,3,0,0,18136
36345,STRUCTURE_GOD_BIG_GATE_TOGUI_3,AUTRE,1,10000,0,0,320,0,0,0,0,0,0,0,normal,1,3,0,0,18137
36383,STRUCTURE_GOD_BIG_GATE_URECK_1F_BLUE_5,AUTRE,1,10000,0,0,320,0,0,0,0,0,0,0,normal,1,3,0,0,18175
36379,STRUCTURE_GOD_BIG_GATE_WRECK_1F_BLUE_1,AUTRE,1,10000,0,0,320,0,0,0,0,0,0,0,normal,1,3,0,0,18171
36380,STRUCTURE_GOD_BIG_GATE_WRECK_1F_BLUE_2,AUTRE,1,10000,0,0,320,0,0,0,0,0,0,0,normal,1,3,0,0,18172
36381,STRUCTURE_GOD_BIG_GATE_WRECK_1F_BLUE_3,AUTRE,1,10000,0,0,320,0,0,16777216,0,0,0,0,normal,1,3,0,0,18173
36382,STRUCTURE_GOD_BIG_GATE_WRECK_1F_BLUE_4,AUTRE,1,10000,0,0,320,0,0,0,0,0,0,0,normal,1,3,0,0,18174
36384,STRUCTURE_GOD_BIG_GATE_WRECK_1F_BLUE_6,AUTRE,1,10000,0,0,320,0,0,0,0,0,0,0,normal,1,3,0,0,18176
36385,STRUCTURE_GOD_BIG_GATE_WRECK_1F_ORANGE_1,AUTRE,1,10000,0,0,320,0,0,0,0,0,0,0,normal,1,3,0,0,18177
36386,STRUCTURE_GOD_BIG_GATE_WRECK_1F_ORANGE_2,AUTRE,1,10000,0,0,320,0,0,0,0,0,0,0,normal,1,3,0,0,18178
36387,STRUCTURE_GOD_BIG_GATE_WRECK_1F_ORANGE_3,AUTRE,1,10000,0,0,320,0,0,0,0,0,0,0,normal,1,3,0,0,18179
36388,STRUCTURE_GOD_BIG_GATE_WRECK_1F_PURPLE_1,AUTRE,1,10000,0,0,320,0,0,0,0,0,0,0,normal,1,3,0,0,18180
36377,STRUCTURE_GOD_BIG_GATE_WRECK_B1_1,AUTRE,1,10000,0,0,320,0,0,0,0,0,0,0,normal,1,3,0,0,18169
36378,STRUCTURE_GOD_BIG_GATE_WRECK_B1_2,AUTRE,1,10000,0,0,320,0,0,0,0,0,0,0,normal,1,3,0,0,18170
36361,STRUCTURE_GOD_SMALL_GATE_ELAME_A_1A,AUTRE,1,10000,0,0,320,0,0,0,0,0,0,0,normal,1,3,0,0,18153
36362,STRUCTURE_GOD_SMALL_GATE_FLAME_A_2A,AUTRE,1,10000,0,0,320,0,0,0,0,0,0,0,normal,1,3,0,0,18154
36363,STRUCTURE_GOD_SMALL_GATE_FLAME_A_3A,AUTRE,1,10000,0,0,320,0,0,0,0,0,0,0,normal,1,3,0,0,18155
36364,STRUCTURE_GOD_SMALL_GATE_FLAME_A_4A,AUTRE,1,10000,0,0,320,0,0,0,0,0,0,0,normal,1,3,0,0,18156
36365,STRUCTURE_GOD_SMALL_GATE_FLAME_B_1B,AUTRE,1,10000,0,0,320,0,0,0,0,0,0,0,normal,1,3,0,0,18157
36367,STRUCTURE_GOD_SMALL_GATE_FLAME_B_3B,AUTRE,1,10000,0,0,320,0,0,0,0,0,0,0,normal,1,3,0,0,18159
36368,STRUCTURE_GOD_SMALL_GATE_FLAME_B_4B,AUTRE,1,10000,0,0,320,0,0,0,0,0,0,0,normal,1,3,0,0,18160
36369,STRUCTURE_GOD_SMALL_GATE_FLAME_C_1C,AUTRE,1,10000,0,0,320,0,0,0,0,0,0,0,normal,1,3,0,0,18161
36370,STRUCTURE_GOD_SMALL_GATE_FLAME_C_2C,AUTRE,1,10000,0,0,320,0,0,0,0,0,0,0,normal,1,3,0,0,18162
36371,STRUCTURE_GOD_SMALL_GATE_FLAME_C_3C,AUTRE,1,10000,0,0,320,0,0,0,0,0,0,0,normal,1,3,0,0,18163
36372,STRUCTURE_GOD_SMALL_GATE_FLAME_C_4C,AUTRE,1,10000,0,0,320,0,0,0,0,0,0,0,normal,1,3,0,0,18164
36373,STRUCTURE_GOD_SMALL_GATE_FLAME_D_1D,AUTRE,1,10000,0,0,320,0,0,0,0,0,0,0,normal,1,3,0,0,18165
36374,STRUCTURE_GOD_SMALL_GATE_FLAME_D_2D,AUTRE,1,10000,0,0,320,0,0,0,0,0,0,0,normal,1,3,0,0,18166
36375,STRUCTURE_GOD_SMALL_GATE_FLAME_D_3D,AUTRE,1,10000,0,0,320,0,0,0,0,0,0,0,normal,1,3,0,0,18167
36346,STRUCTURE_GOD_SMALL_GATE_TOGUI_A_1A,AUTRE,1,10000,0,0,320,0,0,0,0,0,0,0,normal,1,3,0,0,18138
36347,STRUCTURE_GOD_SMALL_GATE_TOGUI_A_2A,AUTRE,1,10000,0,0,320,0,0,0,0,0,0,0,normal,1,3,0,0,18139
36348,STRUCTURE_GOD_SMALL_GATE_TOGUI_A_3A,AUTRE,1,10000,0,0,320,0,0,0,0,0,0,0,normal,1,3,0,0,18140
36349,STRUCTURE_GOD_SMALL_GATE_TOGUI_A_4A,AUTRE,1,10000,0,0,320,0,0,0,0,0,0,0,normal,1,3,0,0,18141
36350,STRUCTURE_GOD_SMALL_GATE_TOGUI_B_1B,AUTRE,1,10000,0,0,320,0,0,0,0,0,0,0,normal,1,3,0,0,18142
36351,STRUCTURE_GOD_SMALL_GATE_TOGUI_B_2B,AUTRE,1,10000,0,0,320,0,0,0,0,0,0,0,normal,1,3,0,0,18143
36353,STRUCTURE_GOD_SMALL_GATE_TOGUI_B_4B,AUTRE,1,10000,0,0,320,0,0,0,0,0,0,0,normal,1,3,0,0,18145
36354,STRUCTURE_GOD_SMALL_GATE_TOGUI_C_1C,AUTRE,1,10000,0,0,320,0,0,0,0,0,0,0,normal,1,3,0,0,18146
36355,STRUCTURE_GOD_SMALL_GATE_TOGUI_C_2C,AUTRE,1,10000,0,0,320,0,0,0,0,0,0,0,normal,1,3,0,0,18147
36356,STRUCTURE_GOD_SMALL_GATE_TOGUI_C_3C,AUTRE,1,10000,0,0,320,0,0,0,0,0,0,0,normal,1,3,0,0,18148
36357,STRUCTURE_GOD_SMALL_GATE_TOGUI_C_4C,AUTRE,1,10000,0,0,320,0,0,16777216,0,0,0,0,normal,1,3,0,0,18149
36389,STRUCTURE_GOD_SMALL_GATE_WRECK_1F_A_1A,AUTRE,1,10000,0,0,320,0,0,0,0,0,0,0,normal,1,3,0,0,18181
36390,STRUCTURE_GOD_SMALL_GATE_WRECK_1F_A_2A,AUTRE,1,10000,0,0,320,0,0,0,0,0,0,0,normal,1,3,0,0,18182
36391,STRUCTURE_GOD_SMALL_GATE_WRECK_1F_A_3A,AUTRE,1,10000,0,0,320,0,0,0,0,0,0,0,normal,1,3,0,0,18183
36392,STRUCTURE_GOD_SMALL_GATE_WRECK_1F_A_4A,AUTRE,1,10000,0,0,320,0,0,0,0,0,0,0,normal,1,3,0,0,18184
36393,STRUCTURE_GOD_SMALL_GATE_WRECK_1F_B_1B,AUTRE,1,10000,0,0,320,0,0,0,0,0,0,0,normal,1,3,0,0,18185
36394,STRUCTURE_GOD_SMALL_GATE_WRECK_1F_B_2B,AUTRE,1,10000,0,0,320,0,0,0,0,0,0,0,normal,1,3,0,0,18186
36395,STRUCTURE_GOD_SMALL_GATE_WRECK_1F_B_3B,AUTRE,1,10000,0,0,320,0,0,0,0,0,0,0,normal,1,3,0,0,18187
41447,STRUCTURE_JUPITER_HIDE_GATE_E1,AUTRE,1,10000,0,0,320,0,0,0,0,0,0,0,normal,0,3,0,0,18824
41456,STRUCTURE_JUPITER_HIDE_GATE_E10,AUTRE,1,10000,0,0,320,0,0,0,0,0,0,0,normal,0,3,0,0,18833
41457,STRUCTURE_JUPITER_HIDE_GATE_E11,AUTRE,1,10000,0,0,320,0,0,0,0,0,0,0,normal,0,3,0,0,18834
41458,STRUCTURE_JUPITER_HIDE_GATE_E12,AUTRE,1,10000,0,0,320,0,0,0,0,0,0,0,normal,0,3,0,0,18835
41459,STRUCTURE_JUPITER_HIDE_GATE_E13,AUTRE,1,10000,0,0,320,0,0,0,0,0,0,0,normal,0,3,0,0,18836
41460,STRUCTURE_JUPITER_HIDE_GATE_E14,AUTRE,1,10000,0,0,320,0,0,0,0,0,0,0,normal,0,3,0,0,18837
41461,STRUCTURE_JUPITER_HIDE_GATE_E15,AUTRE,1,10000,0,0,320,0,0,0,0,0,0,0,normal,0,3,0,0,18838
41462,STRUCTURE_JUPITER_HIDE_GATE_E16,AUTRE,1,10000,0,0,320,0,0,0,0,0,0,0,normal,0,3,0,0,18839
41463,STRUCTURE_JUPITER_HIDE_GATE_E17,AUTRE,1,10000,0,0,320,0,0,0,0,0,0,0,normal,0,3,0,0,18840
41464,STRUCTURE_JUPITER_HIDE_GATE_E18,AUTRE,1,10000,0,0,320,0,0,0,0,0,0,0,normal,0,3,0,0,18841
41465,STRUCTURE_JUPITER_HIDE_GATE_E19,AUTRE,1,10000,0,0,320,0,0,0,0,0,0,0,normal,0,3,0,0,18842
41448,STRUCTURE_JUPITER_HIDE_GATE_E2,AUTRE,1,10000,0,0,320,0,0,0,0,0,0,0,normal,0,3,0,0,18825
41466,STRUCTURE_JUPITER_HIDE_GATE_E20,AUTRE,1,10000,0,0,320,0,0,0,0,0,0,0,normal,0,3,0,0,18843
41468,STRUCTURE_JUPITER_HIDE_GATE_E22,AUTRE,1,10000,0,0,320,0,0,0,0,0,0,0,normal,0,3,0,0,18845
41469,STRUCTURE_JUPITER_HIDE_GATE_E23,AUTRE,1,10000,0,0,320,0,0,0,0,0,0,0,normal,0,3,0,0,18846
41470,STRUCTURE_JUPITER_HIDE_GATE_E25,AUTRE,1,10000,0,0,320,0,0,0,0,0,0,0,normal,0,3,0,0,18847
41449,STRUCTURE_JUPITER_HIDE_GATE_E3,AUTRE,1,10000,0,0,320,0,0,0,0,0,0,0,normal,0,3,0,0,18826
41451,STRUCTURE_JUPITER_HIDE_GATE_E5,AUTRE,1,10000,0,0,320,0,0,0,0,0,0,0,normal,0,3,0,0,18828
41452,STRUCTURE_JUPITER_HIDE_GATE_E6,AUTRE,1,10000,0,0,320,0,0,0,0,0,0,0,normal,0,3,0,0,18829
41453,STRUCTURE_JUPITER_HIDE_GATE_E7,AUTRE,1,10000,0,0,320,0,0,16777216,0,0,0,0,normal,0,3,0,0,18830
41454,STRUCTURE_JUPITER_HIDE_GATE_E8,AUTRE,1,10000,0,0,320,0,0,0,0,0,0,0,normal,0,3,0,0,18831
41455,STRUCTURE_JUPITER_HIDE_GATE_E9,AUTRE,1,10000,0,0,320,0,0,0,0,0,0,0,normal,0,3,0,0,18832
41441,STRUCTURE_JUPITER_PIETY_GATE_A1,AUTRE,1,10000,0,0,320,0,0,0,0,0,0,0,normal,0,3,0,0,18818
41442,STRUCTURE_JUPITER_PIETY_GATE_A2,AUTRE,1,10000,0,0,320,0,0,0,0,0,0,0,normal,0,3,0,0,18819
41443,STRUCTURE_JUPITER_PIETY_GATE_A3,AUTRE,1,10000,0,0,320,0,0,0,0,0,0,0,normal,0,3,0,0,18820
41444,STRUCTURE_JUPITER_PIETY_GATE_A4,AUTRE,1,10000,0,0,320,0,0,0,0,0,0,0,normal,0,3,0,0,18821
41445,STRUCTURE_JUPITER_PIETY_GATE_A5,AUTRE,1,10000,0,0,320,0,0,0,0,0,0,0,normal,0,3,0,0,18822
41446,STRUCTURE_JUPITER_PIETY_GATE_A6,AUTRE,1,10000,0,0,320,0,0,0,0,0,0,0,normal,0,3,0,0,18823
41426,STRUCTURE_JUPITER_PIETY_GATE_E1,AUTRE,1,10000,0,0,320,0,0,0,0,0,0,0,normal,0,3,0,0,18803
41435,STRUCTURE_JUPITER_PIETY_GATE_E10,AUTRE,1,10000,0,0,320,0,0,0,0,0,0,0,normal,0,3,0,0,18812
41437,STRUCTURE_JUPITER_PIETY_GATE_E12,AUTRE,1,10000,0,0,320,0,0,0,0,0,0,0,normal,0,3,0,0,18814
41438,STRUCTURE_JUPITER_PIETY_GATE_E13,AUTRE,1,10000,0,0,320,0,0,0,0,0,0,0,normal,0,3,0,0,18815
41439,STRUCTURE_JUPITER_PIETY_GATE_E14,AUTRE,1,10000,0,0,320,0,0,0,0,0,0,0,normal,0,3,0,0,18816
41440,STRUCTURE_JUPITER_PIETY_GATE_E15,AUTRE,1,10000,0,0,320,0,0,0,0,0,0,0,normal,0,3,0,0,18817
41427,STRUCTURE_JUPITER_PIETY_GATE_E2,AUTRE,1,10000,0,0,320,0,0,0,0,0,0,0,normal,0,3,0,0,18804
41428,STRUCTURE_JUPITER_PIETY_GATE_E3,AUTRE,1,10000,0,0,320,0,0,0,0,0,0,0,normal,0,3,0,0,18805
41429,STRUCTURE_JUPITER_PIETY_GATE_E4,AUTRE,1,10000,0,0,320,0,0,16777216,0,0,0,0,normal,0,3,0,0,18806
41430,STRUCTURE_JUPITER_PIETY_GATE_E5,AUTRE,1,10000,0,0,320,0,0,0,0,0,0,0,normal,0,3,0,0,18807
41431,STRUCTURE_JUPITER_PIETY_GATE_E6,AUTRE,1,10000,0,0,320,0,0,0,0,0,0,0,normal,0,3,0,0,18808
41432,STRUCTURE_JUPITER_PIETY_GATE_E7,AUTRE,1,10000,0,0,320,0,0,0,0,0,0,0,normal,0,3,0,0,18809
41433,STRUCTURE_JUPITER_PIETY_GATE_E8,AUTRE,1,10000,0,0,320,0,0,0,0,0,0,0,normal,0,3,0,0,18810
41434,STRUCTURE_JUPITER_PIETY_GATE_E9,AUTRE,1,10000,0,0,320,0,0,0,0,0,0,0,normal,0,3,0,0,18811
41425,STRUCTURE_JUPITER_PIETY_START_GATE,AUTRE,1,10000,0,0,320,0,0,0,0,0,0,0,normal,0,3,0,0,18802
1934,MOB_CH_BIGEYEGHOST_CLON,Chine (Jangan-Donwhang),2,55,0,47,9,14,2,2,29,29,2,0,normal,1,0,14,55,28
16420,MOB_EU_HUNTER_NPC_00110011,Europe (Constantinople),2,68,0,47,9,10,2,2,29,29,2,0,normal,1,3,20,51,6055
16421,MOB_EU_HUNTER_NPC_00120012,Europe (Constantinople),2,55,0,47,9,10,2,2,29,29,2,0,normal,1,3,20,51,6056
16422,MOB_EU_HUNTER_NPC_00130013,Europe (Constantinople),2,55,0,47,9,10,2,2,29,29,2,0,normal,1,3,20,51,6057
16423,MOB_EU_HUNTER_NPC_00140014,Europe (Constantinople),2,55,0,47,9,14,2,2,29,29,2,0,normal,1,3,20,51,6058
16424,MOB_EU_HUNTER_NPC_00150015,Europe (Constantinople),2,68,0,47,9,14,2,2,29,29,2,0,normal,1,3,20,50,6059
16425,MOB_EU_HUNTER_NPC_00160016,Europe (Constantinople),2,68,0,47,7,15,2,2,29,29,2,0,normal,1,3,20,51,6060
16427,MOB_EU_HUNTER_NPC_00180018,Europe (Constantinople),2,68,0,47,7,15,2,2,29,29,2,0,normal,1,3,20,51,6062
16429,MOB_EU_HUNTER_NPC_00200020,Europe (Constantinople),2,68,0,47,7,15,2,2,29,29,2,0,normal,1,3,20,51,6064
16428,MOB_EU_HUNTER_NPC_01190019,Europe (Constantinople),2,68,0,47,7,15,2,2,29,29,2,0,normal,1,3,20,51,6063
5851,MOB_EU_MOVOI,Europe (Constantinople),2,55,0,47,9,10,2,16777218,29,29,2,0,normal,1,1,15,45,1721
15020,MOB_EU_THIEF_NPC_00110011,Europe (Constantinople),2,55,0,47,9,10,2,2,29,29,2,0,normal,1,3,20,51,4655
15021,MOB_EU_THIEF_NPC_00120012,Europe (Constantinople),2,55,0,47,9,10,2,2,29,29,2,0,normal,1,3,20,51,4656
15022,MOB_EU_THIEF_NPC_00130013,Europe (Constantinople),2,55,0,47,9,10,2,2,29,29,2,0,normal,1,3,20,51,4657
15023,MOB_EU_THIEF_NPC_00140014,Europe (Constantinople),2,55,0,47,9,14,2,2,29,29,2,0,normal,1,3,20,51,4658
15024,MOB_EU_THIEF_NPC_00150015,Europe (Constantinople),2,68,0,47,9,14,2,2,29,29,2,0,normal,1,3,20,50,4659
15025,MOB_EU_THIEF_NPC_00160016,Europe (Constantinople),2,68,0,47,7,15,2,2,29,29,2,0,normal,1,3,20,51,4660
15026,MOB_EU_THIEF_NPC_00170017,Europe (Constantinople),2,68,0,47,7,15,2,2,29,29,2,0,normal,1,3,20,51,4661
15027,MOB_EU_THIEF_NPC_00180018,Europe (Constantinople),2,68,0,47,7,15,2,2,29,29,2,0,normal,1,3,20,307,4662
15028,MOB_EU_THIEF_NPC_00190019,Europe (Constantinople),2,68,0,47,7,15,2,2,29,29,2,0,normal,1,3,20,51,4663
15029,MOB_EU_THIEF_NPC_00200020,Europe (Constantinople),2,68,0,47,7,15,2,2,29,29,2,0,normal,1,3,20,51,4664
34042,MOB_EVE_GM_MOVOIGM,Evenement,2,55,0,47,9,14,2,2,29,29,2,0,normal,0,1,15,45,17675
35910,MOB_EV_GHOST_SUNGSUNG,Evenement,2,13,0,0,7,10,2,2,29,29,2,0,normal,0,3,70,70,17702
22520,MOB_FW_BATTLEGOLEM_002,Forteresse (guerre de forteresse),2,86466,0,90240,12,8,2,2,29,29,2,3,unique_notice,1,3,42,56,12074
22240,MOB_FW_MUJIGI_002,Forteresse (guerre de forteresse),2,64850,0,67680,9,14,2,2,29,29,2,3,unique_notice,1,3,38,143,11794
21400,MOB_FW_TAESE_002,Forteresse (guerre de forteresse),2,70347,0,90240,12,8,2,2,29,29,2,3,unique_notice,1,3,10,34,10954
7595,MOB_HUNTER_NPC_00110011,AUTRE,2,55,0,47,9,14,2,2,29,29,2,0,normal,1,3,20,50,2128
7597,MOB_HUNTER_NPC_00130013,AUTRE,2,68,0,47,9,14,2,2,29,29,2,0,normal,1,3,20,50,2130
7597,MOB_HUNTER_NPC_00130013,AUTRE,2,68,0,47,9,14,2,2,29,29,2,0,normal,1,3,20,50,2130
7598,MOB_HUNTER_NPC_00140014,AUTRE,2,55,0,47,7,15,2,2,29,29,2,0,normal,1,3,20,51,2131
7599,MOB_HUNTER_NPC_00150015,AUTRE,2,55,0,47,9,14,2,2,29,29,2,0,normal,1,3,20,51,2132
7600,MOB_HUNTER_NPC_00160016,AUTRE,2,68,0,47,9,10,2,2,29,29,2,0,normal,1,3,20,50,2133
7601,MOB_HUNTER_NPC_00170017,AUTRE,2,55,0,47,9,14,2,2,29,29,2,0,normal,1,3,20,50,2134
7602,MOB_HUNTER_NPC_00180018,AUTRE,2,55,0,47,7,15,2,2,29,29,2,0,normal,1,3,20,50,2135
7603,MOB_HUNTER_NPC_00190019,AUTRE,2,68,0,47,9,14,2,2,29,29,2,0,normal,1,3,20,51,2136
7604,MOB_HUNTER_NPC_00200020,AUTRE,2,55,0,47,9,10,2,2,29,29,2,0,normal,1,3,20,51,2137
2232,MOB_THIEF_NPC_00110011,Evenement caravan/thief,2,55,0,47,9,14,2,2,29,29,2,0,normal,1,3,20,50,249
2233,MOB_THIEF_NPC_00120012,Evenement caravan/thief,2,55,0,47,9,10,2,2,29,29,2,0,normal,1,3,20,50,250
2234,MOB_THIEF_NPC_00130013,Evenement caravan/thief,2,68,0,47,9,14,2,16777218,29,29,2,0,normal,1,3,20,50,251
2235,MOB_THIEF_NPC_00140014,Evenement caravan/thief,2,55,0,47,7,15,2,2,29,29,2,0,normal,1,3,20,51,252
2236,MOB_THIEF_NPC_00150015,Evenement caravan/thief,2,55,0,47,9,14,2,2,29,29,2,0,normal,1,3,20,51,253
2237,MOB_THIEF_NPC_00160016,Evenement caravan/thief,2,68,0,47,9,10,2,2,29,29,2,0,normal,1,3,20,50,254
2238,MOB_THIEF_NPC_00170017,Evenement caravan/thief,2,55,0,47,9,14,2,2,29,29,2,0,normal,1,3,20,50,255
2239,MOB_THIEF_NPC_00180018,Evenement caravan/thief,2,55,0,47,7,15,2,2,29,29,2,0,normal,1,3,20,50,256
2240,MOB_THIEF_NPC_00190019,Evenement caravan/thief,2,68,0,47,9,14,2,2,29,29,2,0,normal,1,3,20,51,257
2241,MOB_THIEF_NPC_00200020,Evenement caravan/thief,2,55,0,47,9,10,2,2,29,29,2,0,normal,1,3,20,51,258
24014,MOV_EV_WOLF_A_002,AUTRE,2,441,0,188,10,16,2,16777218,29,29,2,0,normal,1,0,50,75,13289
1935,MOB_CH_BIGEYEGHOST,Chine (Jangan-Donwhang),3,85,0,71,9,15,3,3,31,31,2,0,normal,1,0,14,55,29
5852,MOB_EU_EDENP_CLON,Europe (Constantinople),3,85,0,71,9,18,3,3,31,31,2,0,normal,1,1,15,40,1722
16430,MOB_EU_HUNTER_NPC_00210021,Europe (Constantinople),3,93,0,71,12,14,3,16777219,31,31,2,0,normal,1,3,20,51,6065
16431,MOB_EU_HUNTER_NPC_00220022,Europe (Constantinople),3,85,0,71,12,14,3,3,31,31,2,0,normal,1,3,20,51,6066
16432,MOB_EU_HUNTER_NPC_00230023,Europe (Constantinople),3,85,0,71,12,14,3,3,31,31,2,0,normal,1,3,20,51,6067
16433,MOB_EU_HUNTER_NPC_00240024,Europe (Constantinople),3,85,0,71,9,15,3,3,31,31,2,0,normal,1,3,20,52,6068
16434,MOB_EU_HUNTER_NPC_00250025,Europe (Constantinople),3,93,0,71,9,15,3,3,31,31,2,0,normal,1,3,20,51,6069
16435,MOB_EU_HUNTER_NPC_00260026,Europe (Constantinople),3,93,0,71,9,18,3,3,31,31,2,0,normal,1,3,20,51,6070
16436,MOB_EU_HUNTER_NPC_00270027,Europe (Constantinople),3,93,0,71,9,18,3,3,31,31,2,0,normal,1,3,20,51,6071
16437,MOB_EU_HUNTER_NPC_00280028,Europe (Constantinople),3,93,0,71,9,18,3,3,31,31,2,0,normal,1,3,20,51,6072
16438,MOB_EU_HUNTER_NPC_00290029,Europe (Constantinople),3,93,0,71,9,18,3,3,31,31,2,0,normal,1,3,20,51,6073
16439,MOB_EU_HUNTER_NPC_00300030,Europe (Constantinople),3,93,0,71,9,18,3,3,31,31,2,0,normal,1,3,20,51,6074
15030,MOB_EU_THIEF_NPC_00210021,Europe (Constantinople),3,85,0,71,12,14,3,3,31,31,2,0,normal,1,3,20,51,4665
15031,MOB_EU_THIEF_NPC_00220022,Europe (Constantinople),3,85,0,71,12,14,3,3,31,31,2,0,normal,1,3,20,51,4666
15032,MOB_EU_THIEF_NPC_00230023,Europe (Constantinople),3,85,0,71,12,14,3,3,31,31,2,0,normal,1,3,20,51,4667
15033,MOB_EU_THIEF_NPC_00240024,Europe (Constantinople),3,85,0,71,9,15,3,3,31,31,2,0,normal,1,3,20,52,4668
15034,MOB_EU_THIEF_NPC_00250025,Europe (Constantinople),3,93,0,71,9,15,3,3,31,31,2,0,normal,1,3,20,51,4669
15035,MOB_EU_THIEF_NPC_00260026,Europe (Constantinople),3,93,0,71,9,18,3,3,31,31,2,0,normal,1,3,20,51,4670
15036,MOB_EU_THIEF_NPC_00270027,Europe (Constantinople),3,93,0,71,9,18,3,3,31,31,2,0,normal,1,3,20,51,4671
15037,MOB_EU_THIEF_NPC_00280028,Europe (Constantinople),3,93,0,71,9,18,3,3,31,31,2,0,normal,1,3,20,51,4672
15038,MOB_EU_THIEF_NPC_00290029,Europe (Constantinople),3,93,0,71,9,18,3,16777219,31,31,2,0,normal,1,3,20,51,4673
15039,MOB_EU_THIEF_NPC_00300030,Europe (Constantinople),3,93,0,71,9,18,3,3,31,31,2,0,normal,1,3,20,51,4674
35911,MOB_EV_GHOST_MANGRYANG,Evenement,3,13,0,0,7,10,3,3,31,31,2,0,normal,0,3,95,95,17703
22521,MOB_FW_BATTLEGOLEM_003,Forteresse (guerre de forteresse),3,118717,0,135360,12,10,3,3,31,31,2,3,unique_notice,1,3,42,56,12075
22101,MOB_FW_HYEONGCHEON_003,Forteresse (guerre de forteresse),3,81211,0,101520,9,15,3,3,31,31,2,3,unique_notice,1,3,23,74,11655
22241,MOB_FW_MUJIGI_003,Forteresse (guerre de forteresse),3,89038,0,101520,9,15,3,3,31,31,2,3,unique_notice,1,3,38,143,11795
21401,MOB_FW_TAESE_003,Forteresse (guerre de forteresse),3,108282,0,135360,12,10,3,3,31,31,2,3,unique_notice,1,3,10,34,10955
7605,MOB_HUNTER_NPC_00210021,AUTRE,3,85,0,71,9,15,3,3,31,31,2,0,normal,1,3,20,50,2138
7607,MOB_HUNTER_NPC_00230023,AUTRE,3,85,0,71,9,15,3,3,31,31,2,0,normal,1,3,20,51,2140
7608,MOB_HUNTER_NPC_00240024,AUTRE,3,85,0,71,12,14,3,3,31,31,2,0,normal,1,3,20,51,2141
7609,MOB_HUNTER_NPC_00250025,AUTRE,3,93,0,71,9,15,3,3,31,31,2,0,normal,1,3,20,52,2142
7610,MOB_HUNTER_NPC_00260026,AUTRE,3,85,0,71,9,18,3,3,31,31,2,0,normal,1,3,20,50,2143
7611,MOB_HUNTER_NPC_00270027,AUTRE,3,85,0,71,9,15,3,3,31,31,2,0,normal,1,3,20,50,2144
7612,MOB_HUNTER_NPC_00280028,AUTRE,3,93,0,71,12,14,3,3,31,31,2,0,normal,1,3,20,51,2145
7613,MOB_HUNTER_NPC_00290029,AUTRE,3,85,0,71,9,15,3,3,31,31,2,0,normal,1,3,20,51,2146
7614,MOB_HUNTER_NPC_00300030,AUTRE,3,85,0,71,9,18,3,3,31,31,2,0,normal,1,3,20,52,2147
2242,MOB_THIEF_NPC_00210021,Evenement caravan/thief,3,85,0,71,9,15,3,3,31,31,2,0,normal,1,3,20,50,259
2244,MOB_THIEF_NPC_00230023,Evenement caravan/thief,3,85,0,71,9,15,3,3,31,31,2,0,normal,1,3,20,51,261
2245,MOB_THIEF_NPC_00240024,Evenement caravan/thief,3,85,0,71,12,14,3,3,31,31,2,0,normal,1,3,20,51,262
2247,MOB_THIEF_NPC_00260026,Evenement caravan/thief,3,85,0,71,9,18,3,3,31,31,2,0,normal,1,3,20,50,264
2248,MOB_THIEF_NPC_00270027,Evenement caravan/thief,3,85,0,71,9,15,3,3,31,31,2,0,normal,1,3,20,50,265
2249,MOB_THIEF_NPC_00280028,Evenement caravan/thief,3,93,0,71,12,14,3,3,31,31,2,0,normal,1,3,20,51,266
2250,MOB_THIEF_NPC_00290029,Evenement caravan/thief,3,85,0,71,9,15,3,3,31,31,2,0,normal,1,3,20,51,267
2251,MOB_THIEF_NPC_00300030,Evenement caravan/thief,3,85,0,71,9,18,3,3,31,31,2,0,normal,1,3,20,52,268
24015,MOV_EV_WOLF_A_003,AUTRE,3,524,0,284,12,20,3,3,31,31,2,0,normal,1,0,50,75,13290
7624,MMB_HUNTER_NPC_00400040,AUTRE,4,94,0,94,12,15,4,4,33,33,2,0,normal,1,3,20,52,2157
1936,MOB_CH_GYO_CLON,Chine (Jangan-Donwhang),4,83,0,94,12,18,4,4,33,33,2,0,normal,1,0,12,55,30
16440,MOB_EU_HUNTER_NPC_00310031,Europe (Constantinople),4,94,0,94,12,15,4,4,33,33,2,0,normal,1,3,20,51,6075
16441,MOB_EU_HUNTER_NPC_00320032,Europe (Constantinople),4,83,0,94,12,15,4,4,33,33,2,0,normal,1,3,20,51,6076
16442,MOB_EU_HUNTER_NPC_00330033,Europe (Constantinople),4,83,0,94,12,15,4,4,33,33,2,0,normal,1,3,20,51,6077
16443,MOB_EU_HUNTER_NPC_00340034,Europe (Constantinople),4,83,0,94,12,18,4,4,33,33,2,0,normal,1,3,20,52,6078
16444,MOB_EU_HUNTER_NPC_00350035,Europe (Constantinople),4,94,0,94,12,18,4,4,33,33,2,0,normal,1,3,20,51,6079
16445,MOB_EU_HUNTER_NPC_00360036,Europe (Constantinople),4,94,0,94,9,19,4,4,33,33,2,0,normal,1,3,20,51,6080
16446,MOB_EU_HUNTER_NPC_00370037,Europe (Constantinople),4,94,0,94,9,19,4,4,33,33,2,0,normal,1,3,20,51,6081
16447,MOB_EU_HUNTER_NPC_00380038,Europe (Constantinople),4,94,0,94,9,19,4,4,33,33,2,0,normal,1,3,20,51,6082
16448,MOB_EU_HUNTER_NPC_00390039,Europe (Constantinople),4,94,0,94,9,19,4,4,33,33,2,0,normal,1,3,20,51,6083
15040,MOB_EU_THIEF_NPC_00310031,Europe (Constantinople),4,83,0,94,12,15,4,4,33,33,2,0,normal,1,3,20,51,4675
15041,MOB_EU_THIEF_NPC_00320032,Europe (Constantinople),4,83,0,94,12,15,4,4,33,33,2,0,normal,1,3,20,51,4676
15042,MOB_EU_THIEF_NPC_00330033,Europe (Constantinople),4,83,0,94,12,15,4,4,33,33,2,0,normal,1,3,20,51,4677
15043,MOB_EU_THIEF_NPC_00340034,Europe (Constantinople),4,83,0,94,12,18,4,4,33,33,2,0,normal,1,3,20,52,4678
15044,MOB_EU_THIEF_NPC_00350035,Europe (Constantinople),4,94,0,94,12,18,4,4,33,33,2,0,normal,1,3,20,51,4679
15045,MOB_EU_THIEF_NPC_00360036,Europe (Constantinople),4,94,0,94,9,19,4,4,33,33,2,0,normal,1,3,20,51,4680
15046,MOB_EU_THIEF_NPC_00370037,Europe (Constantinople),4,94,0,94,9,19,4,4,33,33,2,0,normal,1,3,20,51,4681
15047,MOB_EU_THIEF_NPC_00380038,Europe (Constantinople),4,94,0,94,9,19,4,4,33,33,2,0,normal,1,3,20,51,4682
15048,MOB_EU_THIEF_NPC_00390039,Europe (Constantinople),4,94,0,94,9,19,4,4,33,33,2,0,normal,1,3,20,51,4683
15049,MOB_EU_THIEF_NPC_00400040,Europe (Constantinople),4,94,0,94,9,19,4,4,33,33,2,0,normal,1,3,20,51,4684
35912,MOB_EV_GHOST_TOMBSTONE,Evenement,4,13,0,0,7,10,4,4,33,33,2,0,normal,0,3,125,125,17704
22522,MOB_FW_BATTLEGOLEM_004,Forteresse (guerre de forteresse),4,120257,0,180480,15,14,4,4,33,33,2,3,unique_notice,1,3,42,56,12076
22102,MOB_FW_HYEONGCHEON_004,Forteresse (guerre de forteresse),4,79750,0,135360,12,18,4,4,33,33,2,3,unique_notice,1,3,23,74,11656
22242,MOB_FW_MUJIGI_004,Forteresse (guerre de forteresse),4,90193,0,135360,12,18,4,4,33,33,2,3,unique_notice,1,3,38,143,11796
21402,MOB_FW_TAESE_004,Forteresse (guerre de forteresse),4,106333,0,180480,15,14,4,4,33,33,2,3,unique_notice,1,3,10,34,10956
7615,MOB_HUNTER_NPC_00310031,AUTRE,4,94,0,94,12,18,4,4,33,33,2,0,normal,1,3,20,51,2148
7616,MOB_HUNTER_NPC_00320032,AUTRE,4,83,0,94,12,15,4,4,33,33,2,0,normal,1,3,20,51,2149
7617,MOB_HUNTER_NPC_00330033,AUTRE,4,83,0,94,12,18,4,4,33,33,2,0,normal,1,3,20,51,2150
7618,MOB_HUNTER_NPC_00340034,AUTRE,4,94,0,94,9,19,4,4,33,33,2,0,normal,1,3,20,51,2151
7619,MOB_HUNTER_NPC_00350035,AUTRE,4,83,0,94,12,18,4,4,33,33,2,0,normal,1,3,20,52,2152
7620,MOB_HUNTER_NPC_00360036,AUTRE,4,83,0,94,12,15,4,16777220,33,33,2,0,normal,1,3,20,51,2153
7621,MOB_HUNTER_NPC_00370037,AUTRE,4,94,0,94,12,18,4,4,33,33,2,0,normal,1,3,20,51,2154
7622,MOB_HUNTER_NPC_00380038,AUTRE,4,83,0,94,9,19,4,4,33,33,2,0,normal,1,3,20,51,2155
7623,MOB_HUNTER_NPC_00390039,AUTRE,4,83,0,94,12,18,4,4,33,33,2,0,normal,1,3,20,51,2156
2252,MOB_THIEF_NPC_00310031,Evenement caravan/thief,4,94,0,94,12,18,4,4,33,33,2,0,normal,1,3,20,51,269
2253,MOB_THIEF_NPC_00320032,Evenement caravan/thief,4,83,0,94,12,15,4,4,33,33,2,0,normal,1,3,20,51,270
2254,MOB_THIEF_NPC_00330033,Evenement caravan/thief,4,83,0,94,12,18,4,4,33,33,2,0,normal,1,3,20,51,271
2255,MOB_THIEF_NPC_00340034,Evenement caravan/thief,4,94,0,94,9,19,4,4,33,33,2,0,normal,1,3,20,51,272
2256,MOB_THIEF_NPC_00350035,Evenement caravan/thief,4,83,0,94,12,18,4,4,33,33,2,0,normal,1,3,20,308,273
2257,MOB_THIEF_NPC_00360036,Evenement caravan/thief,4,83,0,94,12,15,4,4,33,33,2,0,normal,1,3,20,51,274
2259,MOB_THIEF_NPC_00380038,Evenement caravan/thief,4,83,0,94,9,19,4,4,33,33,2,0,normal,1,3,20,51,276
2260,MOB_THIEF_NPC_00390039,Evenement caravan/thief,4,83,0,94,12,18,4,16777220,33,33,2,0,normal,1,3,20,51,277
2261,MOB_THIEF_NPC_00400040,Evenement caravan/thief,4,94,0,94,12,15,4,4,33,33,2,0,normal,1,3,20,52,278
2258,MOB_THIEF_NPC_01370037,Evenement caravan/thief,4,94,0,94,12,18,4,4,33,33,2,0,normal,1,3,20,51,275
24016,MOV_EV_WOLF_A_004,AUTRE,4,611,0,376,15,24,4,4,33,33,2,0,normal,1,0,50,75,13291
1937,MOB_CH_GYO,Chine (Jangan-Donwhang),5,119,0,118,12,19,5,5,35,35,2,0,normal,1,0,12,55,31
5854,MOB_EU_BARUSWOLF_CLON,Europe (Constantinople),5,119,0,118,15,18,5,5,35,35,2,0,normal,1,1,11,55,1724
16450,MOB_EU_HUNTER_NPC_00410041,Europe (Constantinople),5,124,0,118,15,18,5,5,35,35,2,0,normal,1,3,20,52,6085
16451,MOB_EU_HUNTER_NPC_00420042,Europe (Constantinople),5,119,0,118,15,18,5,5,35,35,2,0,normal,1,3,20,52,6086
16452,MOB_EU_HUNTER_NPC_00430043,Europe (Constantinople),5,119,0,118,15,18,5,5,35,35,2,0,normal,1,3,20,52,6087
16453,MOB_EU_HUNTER_NPC_00440044,Europe (Constantinople),5,119,0,118,12,19,5,5,35,35,2,0,normal,1,3,20,53,6088
16454,MOB_EU_HUNTER_NPC_00450045,Europe (Constantinople),5,124,0,118,12,19,5,16777221,35,35,2,0,normal,1,3,20,51,6089
16455,MOB_EU_HUNTER_NPC_00460046,Europe (Constantinople),5,124,0,118,12,24,5,5,35,35,2,0,normal,1,3,20,51,6090
16456,MOB_EU_HUNTER_NPC_00470047,Europe (Constantinople),5,124,0,118,12,24,5,5,35,35,2,0,normal,1,3,20,51,6091
16457,MOB_EU_HUNTER_NPC_00480048,Europe (Constantinople),5,124,0,118,12,24,5,5,35,35,2,0,normal,1,3,20,51,6092
16458,MOB_EU_HUNTER_NPC_00490049,Europe (Constantinople),5,124,0,118,12,24,5,5,35,35,2,0,normal,1,3,20,51,6093
16459,MOB_EU_HUNTER_NPC_01500050,Europe (Constantinople),5,124,0,118,12,24,5,5,35,35,2,0,normal,1,3,20,51,6094
15050,MOB_EU_THIEF_NPC_00410041,Europe (Constantinople),5,119,0,118,15,18,5,5,35,35,2,0,normal,1,3,20,52,4685
15051,MOB_EU_THIEF_NPC_00420042,Europe (Constantinople),5,119,0,118,15,18,5,5,35,35,2,0,normal,1,3,20,52,4686
15052,MOB_EU_THIEF_NPC_00430043,Europe (Constantinople),5,119,0,118,15,18,5,5,35,35,2,0,normal,1,3,20,52,4687
15053,MOB_EU_THIEF_NPC_00440044,Europe (Constantinople),5,119,0,118,12,19,5,5,35,35,2,0,normal,1,3,20,53,4688
15054,MOB_EU_THIEF_NPC_00450045,Europe (Constantinople),5,124,0,118,12,19,5,5,35,35,2,0,normal,1,3,20,51,4689
15055,MOB_EU_THIEF_NPC_00460046,Europe (Constantinople),5,124,0,118,12,24,5,5,35,35,2,0,normal,1,3,20,51,4690
15056,MOB_EU_THIEF_NPC_00470047,Europe (Constantinople),5,124,0,118,12,24,5,5,35,35,2,0,normal,1,3,20,51,4691
15057,MOB_EU_THIEF_NPC_00480048,Europe (Constantinople),5,124,0,118,12,24,5,5,35,35,2,0,normal,1,3,20,51,4692
15058,MOB_EU_THIEF_NPC_00490049,Europe (Constantinople),5,124,0,118,12,24,5,5,35,35,2,0,normal,1,3,20,307,4693
15059,MOB_EU_THIEF_NPC_00500050,Europe (Constantinople),5,124,0,118,12,24,5,5,35,35,2,0,normal,1,3,20,51,4694
35913,MOB_EV_GHOST_EARTH,Evenement,5,13,0,0,7,10,5,5,35,35,2,0,normal,0,3,150,406,17705
22523,MOB_FW_BATTLEGOLEM_005,Forteresse (guerre de forteresse),5,158795,0,225600,15,15,5,5,35,35,2,3,unique_notice,1,3,42,56,12077
22103,MOB_FW_HYEONGCHEON_105,Forteresse (guerre de forteresse),5,114299,0,169200,12,19,5,16777221,35,35,2,3,unique_notice,1,3,23,74,11657
22243,MOB_FW_MUJIGI_005,Forteresse (guerre de forteresse),5,119096,0,169200,12,19,5,5,35,35,2,3,unique_notice,1,3,38,143,11797
21403,MOB_FW_TAESE_005,Forteresse (guerre de forteresse),5,152399,0,225600,15,15,5,5,35,35,2,3,unique_notice,1,3,10,34,10957
7625,MOB_HUNTER_NPC_00410041,AUTRE,5,119,0,118,12,19,5,5,35,35,2,0,normal,1,3,20,51,2158
7626,MOB_HUNTER_NPC_00420042,AUTRE,5,119,0,118,12,24,5,5,35,35,2,0,normal,1,3,20,51,2159
7627,MOB_HUNTER_NPC_00430043,AUTRE,5,124,0,118,12,19,5,5,35,35,2,0,normal,1,3,20,51,2160
7628,MOB_HUNTER_NPC_00440044,AUTRE,5,119,0,118,15,18,5,5,35,35,2,0,normal,1,3,20,51,2161
7629,MOB_HUNTER_NPC_00450045,AUTRE,5,119,0,118,12,19,5,5,35,35,2,0,normal,1,3,20,53,2162
7629,MOB_HUNTER_NPC_00450045,AUTRE,5,119,0,118,12,19,5,5,35,35,2,0,normal,1,3,20,53,2162
7630,MOB_HUNTER_NPC_00460046,AUTRE,5,124,0,118,12,24,5,5,35,35,2,0,normal,1,3,20,51,2163
7631,MOB_HUNTER_NPC_00470047,AUTRE,5,119,0,118,12,19,5,5,35,35,2,0,normal,1,3,20,51,2164
7632,MOB_HUNTER_NPC_00480048,AUTRE,5,119,0,118,15,18,5,5,35,35,2,0,normal,1,3,20,51,2165
7633,MOB_HUNTER_NPC_00490049,AUTRE,5,124,0,118,12,19,5,5,35,35,2,0,normal,1,3,20,51,2166
7634,MOB_HUNTER_NPC_00500050,AUTRE,5,119,0,118,12,24,5,5,35,35,2,0,normal,1,3,20,53,2167
2262,MOB_THIEF_NPC_00410041,Evenement caravan/thief,5,119,0,118,12,19,5,5,35,35,2,0,normal,1,3,20,51,279
2263,MOB_THIEF_NPC_00420042,Evenement caravan/thief,5,119,0,118,12,24,5,5,35,35,2,0,normal,1,3,20,51,280
2264,MOB_THIEF_NPC_00430043,Evenement caravan/thief,5,124,0,118,12,19,5,5,35,35,2,0,normal,1,3,20,51,281
2266,MOB_THIEF_NPC_00450045,Evenement caravan/thief,5,119,0,118,12,19,5,5,35,35,2,0,normal,1,3,20,53,283
2267,MOB_THIEF_NPC_00460046,Evenement caravan/thief,5,124,0,118,12,24,5,5,35,35,2,0,normal,1,3,20,51,284
2268,MOB_THIEF_NPC_00470047,Evenement caravan/thief,5,119,0,118,12,19,5,5,35,35,2,0,normal,1,3,20,51,285
2269,MOB_THIEF_NPC_00480048,Evenement caravan/thief,5,119,0,118,15,18,5,5,35,35,2,0,normal,1,3,20,51,286
2270,MOB_THIEF_NPC_00490049,Evenement caravan/thief,5,124,0,118,12,19,5,5,35,35,2,0,normal,1,3,20,51,287
2271,MOB_THIEF_NPC_00500050,Evenement caravan/thief,5,119,0,118,12,24,5,5,35,35,2,0,normal,1,3,20,53,288
24017,MOV_EV_WOLF_A_005,AUTRE,5,701,0,472,18,28,5,5,35,35,2,0,normal,1,0,50,75,13292
1938,MOB_CH_WATERGHOST_CLON,Chine (Jangan-Donwhang),6,114,0,141,15,19,6,6,37,37,2,0,normal,1,0,15,55,32
5855,MOB_EU_BARUSWOLF,Europe (Constantinople),6,114,0,141,15,19,6,6,37,37,2,0,normal,1,1,11,55,1725
16460,MOB_EU_HUNTER_NPC_00510051,Europe (Constantinople),6,123,0,141,15,19,6,6,37,37,2,0,normal,1,3,20,52,6095
16461,MOB_EU_HUNTER_NPC_00520052,Europe (Constantinople),6,114,0,141,15,19,6,6,37,37,2,0,normal,1,3,20,52,6096
16462,MOB_EU_HUNTER_NPC_00530053,Europe (Constantinople),6,114,0,141,15,19,6,6,37,37,2,0,normal,1,3,20,52,6097
16463,MOB_EU_HUNTER_NPC_00540054,Europe (Constantinople),6,114,0,141,15,24,6,6,37,37,2,0,normal,1,3,20,53,6098
16464,MOB_EU_HUNTER_NPC_00550055,Europe (Constantinople),6,123,0,141,15,24,6,6,37,37,2,0,normal,1,3,20,51,6099
16465,MOB_EU_HUNTER_NPC_00560056,Europe (Constantinople),6,123,0,141,12,24,6,6,37,37,2,0,normal,1,3,20,52,6100
16466,MOB_EU_HUNTER_NPC_00570057,Europe (Constantinople),6,123,0,141,12,24,6,6,37,37,2,0,normal,1,1,20,52,6101
16467,MOB_EU_HUNTER_NPC_00580058,Europe (Constantinople),6,123,0,141,12,24,6,6,37,37,2,0,normal,1,3,20,52,6102
16468,MOB_EU_HUNTER_NPC_00590059,Europe (Constantinople),6,123,0,141,12,24,6,6,37,37,2,0,normal,1,3,20,52,6103
16469,MOB_EU_HUNTER_NPC_00600060,Europe (Constantinople),6,123,0,141,12,24,6,6,37,37,2,0,normal,1,3,20,52,6104
15061,MOB_EU_THIEF_NPC_00520052,Europe (Constantinople),6,114,0,141,15,19,6,6,37,37,2,0,normal,1,3,20,52,4696
15062,MOB_EU_THIEF_NPC_00530053,Europe (Constantinople),6,114,0,141,15,19,6,16777222,37,37,2,0,normal,1,3,20,52,4697
15063,MOB_EU_THIEF_NPC_00540054,Europe (Constantinople),6,114,0,141,15,24,6,6,37,37,2,0,normal,1,3,20,53,4698
15064,MOB_EU_THIEF_NPC_00550055,Europe (Constantinople),6,123,0,141,15,24,6,6,37,37,2,0,normal,1,3,20,51,4699
15065,MOB_EU_THIEF_NPC_00560056,Europe (Constantinople),6,123,0,141,12,24,6,6,37,37,2,0,normal,1,3,20,52,4700
15066,MOB_EU_THIEF_NPC_00570057,Europe (Constantinople),6,123,0,141,12,24,6,6,37,37,2,0,normal,1,3,20,52,4701
15067,MOB_EU_THIEF_NPC_00580058,Europe (Constantinople),6,123,0,141,12,24,6,6,37,37,2,0,normal,1,3,20,52,4702
15068,MOB_EU_THIEF_NPC_00590059,Europe (Constantinople),6,123,0,141,12,24,6,6,37,37,2,0,normal,1,3,20,52,4703
15069,MOB_EU_THIEF_NPC_00600060,Europe (Constantinople),6,123,0,141,12,24,6,6,37,37,2,0,normal,1,3,20,52,4704
22524,MOB_FW_BATTLEGOLEM_006,Forteresse (guerre de forteresse),6,156825,0,270720,18,18,6,6,37,37,2,3,unique_notice,1,3,42,56,12078
22104,MOB_FW_HYEONGCHEON_006,Forteresse (guerre de forteresse),6,109345,0,203040,15,24,6,6,37,37,2,3,unique_notice,1,3,23,74,11658
22244,MOB_FW_MUJIGI_006,Forteresse (guerre de forteresse),6,117619,0,203040,15,24,6,6,37,37,2,3,unique_notice,1,3,38,143,11798
21404,MOB_FW_TAESE_006,Forteresse (guerre de forteresse),6,145793,0,270720,18,18,6,6,37,37,2,3,unique_notice,1,3,10,34,10958
7635,MOB_HUNTER_NPC_00510051,AUTRE,6,114,0,141,15,24,6,6,37,37,2,0,normal,1,3,20,51,2168
7636,MOB_HUNTER_NPC_00520052,AUTRE,6,123,0,141,15,19,6,6,37,37,2,0,normal,1,3,20,51,2169
7637,MOB_HUNTER_NPC_00530053,AUTRE,6,114,0,141,15,24,6,6,37,37,2,0,normal,1,3,20,51,2170
7639,MOB_HUNTER_NPC_00550055,AUTRE,6,123,0,141,15,24,6,6,37,37,2,0,normal,1,3,20,53,2172
7640,MOB_HUNTER_NPC_00560056,AUTRE,6,114,0,141,15,19,6,6,37,37,2,0,normal,1,3,20,51,2173
7641,MOB_HUNTER_NPC_00570057,AUTRE,6,114,0,141,15,24,6,6,37,37,2,0,normal,1,3,20,51,2174
7642,MOB_HUNTER_NPC_00580058,AUTRE,6,123,0,141,12,24,6,6,37,37,2,0,normal,1,3,20,51,2175
7643,MOB_HUNTER_NPC_00590059,AUTRE,6,114,0,141,15,24,6,6,37,37,2,0,normal,1,3,20,52,2176
7644,MOB_HUNTER_NPC_00600060,AUTRE,6,114,0,141,15,19,6,16777222,37,37,2,0,normal,1,3,20,53,2177
2272,MOB_THIEF_NPC_00510051,Evenement caravan/thief,6,114,0,141,15,24,6,6,37,37,2,0,normal,1,3,20,307,289
2273,MOB_THIEF_NPC_00520052,Evenement caravan/thief,6,123,0,141,15,19,6,6,37,37,2,0,normal,1,3,20,51,290
2275,MOB_THIEF_NPC_00540054,Evenement caravan/thief,6,114,0,141,12,24,6,6,37,37,2,0,normal,1,3,20,52,292
2276,MOB_THIEF_NPC_00550055,Evenement caravan/thief,6,123,0,141,15,24,6,6,37,37,2,0,normal,1,3,20,53,293
2277,MOB_THIEF_NPC_00560056,Evenement caravan/thief,6,114,0,141,15,19,6,6,37,37,2,0,normal,1,3,20,51,294
2278,MOB_THIEF_NPC_00570057,Evenement caravan/thief,6,114,0,141,15,24,6,6,37,37,2,0,normal,1,3,20,51,295
2279,MOB_THIEF_NPC_00580058,Evenement caravan/thief,6,123,0,141,12,24,6,6,37,37,2,0,normal,1,3,20,51,296
2280,MOB_THIEF_NPC_00590059,Evenement caravan/thief,6,114,0,141,15,24,6,6,37,37,2,0,normal,1,3,20,52,297
2274,MOB_THIEF_NPC_01530053,Evenement caravan/thief,6,114,0,141,15,24,6,6,37,37,2,0,normal,1,3,20,51,291
24018,MOV_EV_WOLF_A_006,AUTRE,6,795,0,564,21,34,6,6,37,37,2,0,normal,1,0,50,75,13293
1939,MOB_CH_WATERGHOST,Chine (Jangan-Donwhang),7,156,0,165,15,29,7,7,39,39,2,0,normal,1,0,15,55,33
5856,MOB_EU_BAROI_CLON,Europe (Constantinople),7,158,0,165,15,29,7,7,39,39,2,0,normal,1,1,17,75,1726
16470,MOB_EU_HUNTER_NPC_00610061,Europe (Constantinople),7,158,0,165,18,24,7,7,39,39,2,0,normal,1,3,20,52,6105
16471,MOB_EU_HUNTER_NPC_00620062,Europe (Constantinople),7,156,0,165,18,24,7,7,39,39,2,0,normal,1,3,20,52,6106
16472,MOB_EU_HUNTER_NPC_00630063,Europe (Constantinople),7,156,0,165,18,24,7,7,39,39,2,0,normal,1,3,20,52,6107
16473,MOB_EU_HUNTER_NPC_00640064,Europe (Constantinople),7,156,0,165,15,24,7,7,39,39,2,0,normal,1,3,20,54,6108
16474,MOB_EU_HUNTER_NPC_00650065,Europe (Constantinople),7,158,0,165,15,24,7,7,39,39,2,0,normal,1,3,20,51,6109
16475,MOB_EU_HUNTER_NPC_00660066,Europe (Constantinople),7,158,0,165,15,29,7,7,39,39,2,0,normal,1,3,20,52,6110
16476,MOB_EU_HUNTER_NPC_00670067,Europe (Constantinople),7,158,0,165,15,29,7,7,39,39,2,0,normal,1,3,20,52,6111
16477,MOB_EU_HUNTER_NPC_00680068,Europe (Constantinople),7,158,0,165,15,29,7,7,39,39,2,0,normal,1,3,20,52,6112
16478,MOB_EU_HUNTER_NPC_00690069,Europe (Constantinople),7,158,0,165,15,29,7,16777223,39,39,2,0,normal,1,3,20,52,6113
16479,MOB_EU_HUNTER_NPC_00700070,Europe (Constantinople),7,158,0,165,15,29,7,7,39,39,2,0,normal,1,3,20,52,6114
15070,MOB_EU_THIEF_NPC_00610061,Europe (Constantinople),7,156,0,165,18,24,7,7,39,39,2,0,normal,1,3,20,52,4705
15071,MOB_EU_THIEF_NPC_00620062,Europe (Constantinople),7,156,0,165,18,24,7,7,39,39,2,0,normal,1,3,20,52,4706
15072,MOB_EU_THIEF_NPC_00630063,Europe (Constantinople),7,156,0,165,18,24,7,7,39,39,2,0,normal,1,3,20,52,4707
15074,MOB_EU_THIEF_NPC_00650065,Europe (Constantinople),7,158,0,165,15,24,7,7,39,39,2,0,normal,1,3,20,51,4709
15075,MOB_EU_THIEF_NPC_00661066,Europe (Constantinople),7,158,0,165,15,29,7,7,39,39,2,0,normal,1,3,20,52,4710
15076,MOB_EU_THIEF_NPC_00670067,Europe (Constantinople),7,158,0,165,15,29,7,7,39,39,2,0,normal,1,3,20,52,4711
15077,MOB_EU_THIEF_NPC_00680068,Europe (Constantinople),7,158,0,165,15,29,7,7,39,39,2,0,normal,1,3,20,52,4712
15078,MOB_EU_THIEF_NPC_00690069,Europe (Constantinople),7,158,0,165,15,29,7,7,39,39,2,0,normal,1,3,20,52,4713
15079,MOB_EU_THIEF_NPC_00700070,Europe (Constantinople),7,158,0,165,15,29,7,7,39,39,2,0,normal,1,3,20,52,4714
22525,MOB_FW_BATTLEGOLEM_007,Forteresse (guerre de forteresse),7,201621,0,315840,22,19,7,7,39,39,2,3,unique_notice,1,3,42,56,12079
22105,MOB_FW_HYEONGCHEON_007,Forteresse (guerre de forteresse),7,149962,0,236880,15,24,7,7,39,39,2,3,unique_notice,1,3,23,74,11659
22245,MOB_FW_MUJIGI_007,Forteresse (guerre de forteresse),7,151215,0,236880,15,24,7,7,39,39,2,1,champion,1,3,38,143,11799
21405,MOB_FW_TAESE_007,Forteresse (guerre de forteresse),7,199950,0,315840,22,19,7,7,39,39,2,3,unique_notice,1,3,10,34,10959
7645,MOB_HUNTER_NPC_00610061,AUTRE,7,158,0,165,15,24,7,7,39,39,2,0,normal,1,3,20,51,2178
7646,MOB_HUNTER_NPC_00620062,AUTRE,7,156,0,165,15,29,7,7,39,39,2,0,normal,1,3,20,51,2179
7647,MOB_HUNTER_NPC_00630063,AUTRE,7,156,0,165,15,24,7,7,39,39,2,0,normal,1,3,20,51,2180
7648,MOB_HUNTER_NPC_00640064,AUTRE,7,158,0,165,18,24,7,7,39,39,2,0,normal,1,3,20,52,2181
7649,MOB_HUNTER_NPC_00650065,AUTRE,7,156,0,165,15,24,7,7,39,39,2,0,normal,1,3,20,54,2182
7650,MOB_HUNTER_NPC_00660066,AUTRE,7,156,0,165,15,29,7,7,39,39,2,0,normal,1,3,20,51,2183
7651,MOB_HUNTER_NPC_00670067,AUTRE,7,158,0,165,15,24,7,7,39,39,2,0,normal,1,3,20,51,2184
7652,MOB_HUNTER_NPC_00680068,AUTRE,7,156,0,165,18,24,7,7,39,39,2,0,normal,1,3,20,51,2185
7653,MOB_HUNTER_NPC_00690069,AUTRE,7,156,0,165,15,24,7,7,39,39,2,0,normal,1,3,20,52,2186
7654,MOB_HUNTER_NPC_00700070,AUTRE,7,158,0,165,15,29,7,7,39,39,2,0,normal,1,3,20,54,2187
2282,MOB_THIEF_NPC_00610061,Evenement caravan/thief,7,158,0,165,15,24,7,7,39,39,2,0,normal,1,3,20,51,299
2283,MOB_THIEF_NPC_00620062,Evenement caravan/thief,7,156,0,165,15,29,7,7,39,39,2,0,normal,1,3,20,51,300
2284,MOB_THIEF_NPC_00630063,Evenement caravan/thief,7,156,0,165,15,24,7,7,39,39,2,0,normal,1,3,20,51,301
2285,MOB_THIEF_NPC_00640064,Evenement caravan/thief,7,158,0,165,18,24,7,7,39,39,2,0,normal,1,3,20,52,302
2286,MOB_THIEF_NPC_00650065,Evenement caravan/thief,7,156,0,165,15,24,7,16777223,39,39,2,0,normal,1,3,20,54,303
2287,MOB_THIEF_NPC_00660066,Evenement caravan/thief,7,156,0,165,15,29,7,7,39,39,2,0,normal,1,3,20,51,304
2288,MOB_THIEF_NPC_00670067,Evenement caravan/thief,7,158,0,165,15,24,7,7,39,39,2,0,normal,1,3,20,51,305
2289,MOB_THIEF_NPC_00680068,Evenement caravan/thief,7,156,0,165,18,24,7,7,39,39,2,0,normal,1,3,20,307,306
2290,MOB_THIEF_NPC_00690069,Evenement caravan/thief,7,156,0,165,15,24,7,7,39,39,2,0,normal,1,3,20,52,307
2291,MOB_THIEF_NPC_01700070,Evenement caravan/thief,7,158,0,165,15,29,7,7,39,39,2,0,normal,1,3,20,54,308
24019,MOV_EV_WOLF_A_007,AUTRE,7,892,0,660,25,39,7,7,39,39,2,0,normal,1,0,50,75,13294
18377,COS_GUILD_EU_SOLDIER4_008,COS (pets/vehicules),8,2121,0,752,23,39,8,8,41,41,2,0,normal,1,1,20,50,8012
7656,MMB_HUNTER_NPC_00720072,AUTRE,8,204,0,188,22,24,8,8,41,41,2,0,normal,1,3,20,51,2189
1940,MOB_CH_STONEGHOST_CLON,Chine (Jangan-Donwhang),8,204,0,188,22,24,8,8,41,41,2,0,normal,1,0,14,55,34
1950,MOB_CH_TOMBSTONE_CLON,Chine (Jangan-Donwhang),8,204,0,188,15,35,8,8,41,41,2,0,normal,1,0,15,55,44
5857,MOB_EU_BARPOLLE_CLON,Europe (Constantinople),8,204,0,188,22,24,8,8,41,41,2,0,normal,1,1,12,27,1727
16481,MOB_EU_HUNTER_NPC_00720072,Europe (Constantinople),8,204,0,188,22,24,8,8,41,41,2,0,normal,1,3,20,53,6116
16482,MOB_EU_HUNTER_NPC_00730073,Europe (Constantinople),8,204,0,188,22,24,8,8,41,41,2,0,normal,1,3,20,53,6117
16483,MOB_EU_HUNTER_NPC_00740074,Europe (Constantinople),8,204,0,188,18,29,8,8,41,41,2,0,normal,1,3,20,54,6118
16484,MOB_EU_HUNTER_NPC_00750075,Europe (Constantinople),8,197,0,188,18,29,8,8,41,41,2,0,normal,1,3,20,51,6119
16485,MOB_EU_HUNTER_NPC_00760076,Europe (Constantinople),8,197,0,188,15,35,8,8,41,41,2,0,normal,1,3,20,52,6120
16486,MOB_EU_HUNTER_NPC_00770077,Europe (Constantinople),8,197,0,188,15,35,8,8,41,41,2,0,normal,1,3,20,52,6121
16487,MOB_EU_HUNTER_NPC_00780078,Europe (Constantinople),8,197,0,188,15,35,8,8,41,41,2,0,normal,1,3,20,52,6122
16489,MOB_EU_HUNTER_NPC_00800080,Europe (Constantinople),8,197,0,188,15,35,8,8,41,41,2,0,normal,1,3,20,52,6124
15080,MOB_EU_THIEF_NPC_00710071,Europe (Constantinople),8,204,0,188,22,24,8,8,41,41,2,0,normal,1,3,20,53,4715
15081,MOB_EU_THIEF_NPC_00720072,Europe (Constantinople),8,204,0,188,22,24,8,8,41,41,2,0,normal,1,3,20,53,4716
15082,MOB_EU_THIEF_NPC_00730073,Europe (Constantinople),8,204,0,188,22,24,8,8,41,41,2,0,normal,1,3,20,53,4717
15083,MOB_EU_THIEF_NPC_00740074,Europe (Constantinople),8,204,0,188,18,29,8,8,41,41,2,0,normal,1,3,20,54,4718
15084,MOB_EU_THIEF_NPC_00750075,Europe (Constantinople),8,197,0,188,18,29,8,8,41,41,2,0,normal,1,3,20,51,4719
15085,MOB_EU_THIEF_NPC_00760076,Europe (Constantinople),8,197,0,188,15,35,8,8,41,41,2,0,normal,1,3,20,52,4720
15086,MOB_EU_THIEF_NPC_00770077,Europe (Constantinople),8,197,0,188,15,35,8,16777224,41,41,2,0,normal,1,3,20,52,4721
15087,MOB_EU_THIEF_NPC_00780078,Europe (Constantinople),8,197,0,188,15,35,8,8,41,41,2,0,normal,1,3,20,52,4722
15088,MOB_EU_THIEF_NPC_00790079,Europe (Constantinople),8,197,0,188,15,35,8,8,41,41,2,0,normal,1,3,20,52,4723
15089,MOB_EU_THIEF_NPC_00800080,Europe (Constantinople),8,197,0,188,15,35,8,8,41,41,2,0,normal,1,3,20,308,4724
22526,MOB_FW_BATTLEGOLEM_008,Forteresse (guerre de forteresse),8,252097,0,360960,22,24,8,8,41,41,2,3,unique_notice,1,3,42,56,12080
22106,MOB_FW_HYEONGCHEON_008,Forteresse (guerre de forteresse),8,196112,0,270720,18,29,8,8,41,41,2,3,unique_notice,1,3,23,74,11660
22246,MOB_FW_MUJIGI_008,Forteresse (guerre de forteresse),8,189073,0,270720,18,29,8,8,41,41,2,3,unique_notice,1,3,38,143,11800
21406,MOB_FW_TAESE_008,Forteresse (guerre de forteresse),8,261483,0,360960,22,24,8,8,41,41,2,3,unique_notice,1,3,10,34,10960
7655,MOB_HUNTER_NPC_00710071,AUTRE,8,204,0,188,18,29,8,8,41,41,2,0,normal,1,3,20,51,2188
7657,MOB_HUNTER_NPC_00730073,AUTRE,8,197,0,188,18,29,8,8,41,41,2,0,normal,1,3,20,51,2190
7658,MOB_HUNTER_NPC_00740074,AUTRE,8,204,0,188,15,35,8,8,41,41,2,0,normal,1,3,20,52,2191
7659,MOB_HUNTER_NPC_00750075,AUTRE,8,204,0,188,18,29,8,8,41,41,2,0,normal,1,3,20,54,2192
7660,MOB_HUNTER_NPC_00760076,AUTRE,8,197,0,188,22,24,8,8,41,41,2,0,normal,1,3,20,51,2193
7661,MOB_HUNTER_NPC_00770077,AUTRE,8,204,0,188,18,29,8,8,41,41,2,0,normal,1,3,20,51,2194
7661,MOB_HUNTER_NPC_00770077,AUTRE,8,204,0,188,18,29,8,8,41,41,2,0,normal,1,3,20,51,2194
7662,MOB_HUNTER_NPC_00780078,AUTRE,8,204,0,188,15,35,8,8,41,41,2,0,normal,1,3,20,51,2195
7663,MOB_HUNTER_NPC_00790079,AUTRE,8,197,0,188,18,29,8,8,41,41,2,0,normal,1,3,20,52,2196
7664,MOB_HUNTER_NPC_00800080,AUTRE,8,204,0,188,22,24,8,8,41,41,2,0,normal,1,3,20,54,2197
2292,MOB_THIEF_NPC_00710071,Evenement caravan/thief,8,204,0,188,18,29,8,8,41,41,2,0,normal,1,3,20,51,309
2293,MOB_THIEF_NPC_00720072,Evenement caravan/thief,8,204,0,188,22,24,8,8,41,41,2,0,normal,1,3,20,51,310
2294,MOB_THIEF_NPC_00730073,Evenement caravan/thief,8,197,0,188,18,29,8,8,41,41,2,0,normal,1,3,20,51,311
2296,MOB_THIEF_NPC_00750075,Evenement caravan/thief,8,204,0,188,18,29,8,8,41,41,2,0,normal,1,3,20,54,313
2297,MOB_THIEF_NPC_00760076,Evenement caravan/thief,8,197,0,188,22,24,8,8,41,41,2,0,normal,1,3,20,51,314
2299,MOB_THIEF_NPC_00780078,Evenement caravan/thief,8,204,0,188,15,35,8,8,41,41,2,0,normal,1,3,20,51,316
2300,MOB_THIEF_NPC_00790079,Evenement caravan/thief,8,197,0,188,18,29,8,8,41,41,2,0,normal,1,3,20,52,317
2301,MOB_THIEF_NPC_00800080,Evenement caravan/thief,8,204,0,188,22,24,8,8,41,41,2,0,normal,1,3,20,54,318
24020,MOV_EV_WOLF_A_008,AUTRE,8,992,0,752,29,46,8,8,41,41,2,0,normal,1,0,50,75,13295
1941,MOB_CH_STONEGHOST,Chine (Jangan-Donwhang),9,194,0,212,22,35,9,9,43,43,2,0,normal,1,0,14,55,35
1951,MOB_CH_TOMBSTONE,Chine (Jangan-Donwhang),9,194,0,212,22,29,9,9,43,43,2,0,normal,1,0,15,55,45
5858,MOB_EU_BAROI,Europe (Constantinople),9,192,0,212,18,34,9,9,43,43,2,0,normal,1,1,17,75,1728
16491,MOB_EU_HUNTER_NPC_00820082,Europe (Constantinople),9,194,0,212,22,29,9,9,43,43,2,0,normal,1,3,20,53,6126
16492,MOB_EU_HUNTER_NPC_00830083,Europe (Constantinople),9,194,0,212,22,29,9,9,43,43,2,0,normal,1,3,20,53,6127
16493,MOB_EU_HUNTER_NPC_00840084,Europe (Constantinople),9,194,0,212,22,35,9,9,43,43,2,0,normal,1,3,20,55,6128
16494,MOB_EU_HUNTER_NPC_00850085,Europe (Constantinople),9,192,0,212,22,35,9,9,43,43,2,0,normal,1,3,20,52,6129
16495,MOB_EU_HUNTER_NPC_00860086,Europe (Constantinople),9,192,0,212,18,34,9,9,43,43,2,0,normal,1,3,20,52,6130
16496,MOB_EU_HUNTER_NPC_00870087,Europe (Constantinople),9,192,0,212,18,34,9,9,43,43,2,0,normal,1,3,20,52,6131
16498,MOB_EU_HUNTER_NPC_00890089,Europe (Constantinople),9,192,0,212,18,34,9,9,43,43,2,0,normal,1,3,20,52,6133
16499,MOB_EU_HUNTER_NPC_00900090,Europe (Constantinople),9,192,0,212,18,34,9,9,43,43,2,0,normal,1,3,20,52,6134
16490,MOB_EU_HUNTER_NPC_01810081,Europe (Constantinople),9,192,0,212,22,29,9,9,43,43,2,0,normal,1,3,20,53,6125
15090,MOB_EU_THIEF_NPC_00810081,Europe (Constantinople),9,194,0,212,22,29,9,9,43,43,2,0,normal,1,3,20,53,4725
15091,MOB_EU_THIEF_NPC_00820082,Europe (Constantinople),9,194,0,212,22,29,9,9,43,43,2,0,normal,1,3,20,53,4726
15092,MOB_EU_THIEF_NPC_00830083,Europe (Constantinople),9,194,0,212,22,29,9,9,43,43,2,0,normal,1,3,20,53,4727
15093,MOB_EU_THIEF_NPC_00840084,Europe (Constantinople),9,194,0,212,22,35,9,9,43,43,2,0,normal,1,3,20,55,4728
15094,MOB_EU_THIEF_NPC_00850085,Europe (Constantinople),9,192,0,212,22,35,9,9,43,43,2,0,normal,1,3,20,52,4729
15095,MOB_EU_THIEF_NPC_00860086,Europe (Constantinople),9,192,0,212,18,34,9,9,43,43,2,0,normal,1,3,20,52,4730
15096,MOB_EU_THIEF_NPC_00870087,Europe (Constantinople),9,192,0,212,18,34,9,9,43,43,2,0,normal,1,3,20,52,4731
15097,MOB_EU_THIEF_NPC_00880088,Europe (Constantinople),9,192,0,212,18,34,9,9,43,43,2,0,normal,1,3,20,52,4732
15098,MOB_EU_THIEF_NPC_00890089,Europe (Constantinople),9,192,0,212,18,34,9,9,43,43,2,0,normal,1,3,20,52,4733
15099,MOB_EU_THIEF_NPC_00900090,Europe (Constantinople),9,192,0,212,18,34,9,9,43,43,2,0,normal,1,3,20,52,4734
22527,MOB_FW_BATTLEGOLEM_009,Forteresse (guerre de forteresse),9,245357,0,406080,26,24,9,9,43,43,2,3,unique_notice,1,3,42,56,12081
22107,MOB_FW_HYEONGCHEON_009,Forteresse (guerre de forteresse),9,186384,0,304560,22,35,9,9,43,43,2,3,unique_notice,1,3,23,74,11661
22247,MOB_FW_MUJIGI_009,Forteresse (guerre de forteresse),9,184018,0,304560,22,35,9,16777225,43,43,2,3,unique_notice,1,3,38,143,11801
21407,MOB_FW_TAESE_009,Forteresse (guerre de forteresse),9,248512,0,406080,26,24,9,16777225,43,43,2,3,unique_notice,1,3,10,34,10961
7665,MOB_HUNTER_NPC_00810081,AUTRE,9,194,0,212,22,35,9,9,43,43,2,0,normal,1,3,20,51,2198
7666,MOB_HUNTER_NPC_00820082,AUTRE,9,192,0,212,18,34,9,9,43,43,2,0,normal,1,3,20,51,2199
7667,MOB_HUNTER_NPC_00830083,AUTRE,9,194,0,212,22,35,9,9,43,43,2,0,normal,1,3,20,52,2200
7668,MOB_HUNTER_NPC_00840084,AUTRE,9,194,0,212,22,29,9,16777225,43,43,2,0,normal,1,3,20,52,2201
7669,MOB_HUNTER_NPC_00850085,AUTRE,9,192,0,212,22,35,9,9,43,43,2,0,normal,1,3,20,55,2202
7671,MOB_HUNTER_NPC_00870087,AUTRE,9,194,0,212,22,35,9,9,43,43,2,0,normal,1,3,20,51,2204
7672,MOB_HUNTER_NPC_00880088,AUTRE,9,192,0,212,22,29,9,9,43,43,2,0,normal,1,3,20,52,2205
7673,MOB_HUNTER_NPC_00890089,AUTRE,9,194,0,212,22,35,9,9,43,43,2,0,normal,1,3,20,52,2206
7674,MOB_HUNTER_NPC_00900090,AUTRE,9,194,0,212,18,34,9,9,43,43,2,0,normal,1,3,20,55,2207
2295,MOB_THIEF_NPC_00740074,Evenement caravan/thief,9,204,0,188,15,35,8,8,41,41,2,0,normal,1,3,20,52,312
2302,MOB_THIEF_NPC_00810081,Evenement caravan/thief,9,194,0,212,22,35,9,9,43,43,2,0,normal,1,3,20,51,319
2303,MOB_THIEF_NPC_00820082,Evenement caravan/thief,9,192,0,212,18,34,9,9,43,43,2,0,normal,1,3,20,51,320
2304,MOB_THIEF_NPC_00830083,Evenement caravan/thief,9,194,0,212,22,35,9,9,43,43,2,0,normal,1,3,20,52,321
2305,MOB_THIEF_NPC_00840084,Evenement caravan/thief,9,194,0,212,22,29,9,9,43,43,2,0,normal,1,3,20,308,322
2306,MOB_THIEF_NPC_00850085,Evenement caravan/thief,9,192,0,212,22,35,9,9,43,43,2,0,normal,1,3,20,55,323
2308,MOB_THIEF_NPC_00870087,Evenement caravan/thief,9,194,0,212,22,35,9,9,43,43,2,0,normal,1,3,20,51,325
2309,MOB_THIEF_NPC_00880088,Evenement caravan/thief,9,192,0,212,22,29,9,9,43,43,2,0,normal,1,3,20,52,326
2310,MOB_THIEF_NPC_00890089,Evenement caravan/thief,9,194,0,212,22,35,9,9,43,43,2,0,normal,1,3,20,52,327
2311,MOB_THIEF_NPC_00900090,Evenement caravan/thief,9,194,0,212,18,34,9,9,43,43,2,0,normal,1,3,20,55,328
2321,MOB_THIEF_NPC_01000100,Evenement caravan/thief,9,236,0,235,26,35,10,10,45,45,2,0,normal,1,3,20,55,338
2307,MOB_THIEF_NPC_01860086,Evenement caravan/thief,9,194,0,212,18,34,9,9,43,43,2,0,normal,1,3,20,51,324
24021,MOV_EV_WOLF_A_009,AUTRE,9,1097,0,848,33,53,9,9,43,43,2,0,normal,1,0,50,75,13296
3946,MOB_CH_STRONG_YEOHA,Chine (Jangan-Donwhang),10,7462,0,4935,22,41,10,10,45,45,2,0,normal,1,0,16,20,1711
1943,MOB_CH_YEOHA,Chine (Jangan-Donwhang),10,249,0,235,22,41,10,10,45,45,2,0,normal,1,0,9,20,37
1942,MOB_CH_YEOHA_CLON,Chine (Jangan-Donwhang),10,249,0,235,26,35,10,10,45,45,2,0,normal,1,0,9,20,36
5859,MOB_EU_BARPOLLE,Europe (Constantinople),10,249,0,235,26,35,10,10,45,45,2,0,normal,1,1,12,27,1729
5860,MOB_EU_DOWB_CLON,Europe (Constantinople),10,249,0,235,26,35,10,10,45,45,2,0,normal,1,1,20,55,1729
16500,MOB_EU_HUNTER_NPC_00910091,Europe (Constantinople),10,236,0,235,26,35,10,10,45,45,2,0,normal,1,3,20,53,6135
16501,MOB_EU_HUNTER_NPC_00920092,Europe (Constantinople),10,249,0,235,26,35,10,10,45,45,2,0,normal,1,3,20,53,6136
16502,MOB_EU_HUNTER_NPC_00930093,Europe (Constantinople),10,249,0,235,26,35,10,16777226,45,45,2,0,normal,1,3,20,53,6137
16503,MOB_EU_HUNTER_NPC_00940094,Europe (Constantinople),10,249,0,235,22,34,10,10,45,45,2,0,normal,1,3,20,55,6138
16504,MOB_EU_HUNTER_NPC_00950095,Europe (Constantinople),10,236,0,235,22,34,10,10,45,45,2,0,normal,1,3,20,52,6139
16505,MOB_EU_HUNTER_NPC_00960096,Europe (Constantinople),10,236,0,235,22,41,10,10,45,45,2,0,normal,1,3,20,53,6140
16506,MOB_EU_HUNTER_NPC_00970097,Europe (Constantinople),10,236,0,235,22,41,10,10,45,45,2,0,normal,1,3,20,53,6141
16507,MOB_EU_HUNTER_NPC_00980098,Europe (Constantinople),10,236,0,235,22,41,10,10,45,45,2,0,normal,1,3,20,53,6142
16508,MOB_EU_HUNTER_NPC_00990099,Europe (Constantinople),10,236,0,235,22,41,10,10,45,45,2,0,normal,1,3,20,53,6143
16509,MOB_EU_HUNTER_NPC_01000100,Europe (Constantinople),10,236,0,235,22,41,10,10,45,45,2,0,normal,1,3,20,53,6144
15100,MOB_EU_THIEF_NPC_00910091,Europe (Constantinople),10,249,0,235,26,35,10,10,45,45,2,0,normal,1,3,20,53,4735
15101,MOB_EU_THIEF_NPC_00920092,Europe (Constantinople),10,249,0,235,26,35,10,10,45,45,2,0,normal,1,3,20,53,4736
15102,MOB_EU_THIEF_NPC_00930093,Europe (Constantinople),10,249,0,235,26,35,10,10,45,45,2,0,normal,1,3,20,53,4737
15103,MOB_EU_THIEF_NPC_00940094,Europe (Constantinople),10,249,0,235,22,34,10,10,45,45,2,0,normal,1,3,20,55,4738
15105,MOB_EU_THIEF_NPC_00960096,Europe (Constantinople),10,236,0,235,22,41,10,10,45,45,2,0,normal,1,3,20,53,4740
15106,MOB_EU_THIEF_NPC_00970097,Europe (Constantinople),10,236,0,235,22,41,10,10,45,45,2,0,normal,1,3,20,53,4741
15107,MOB_EU_THIEF_NPC_00980098,Europe (Constantinople),10,236,0,235,22,41,10,10,45,45,2,0,normal,1,3,20,53,4742
15108,MOB_EU_THIEF_NPC_00990099,Europe (Constantinople),10,236,0,235,22,41,10,10,45,45,2,0,normal,1,3,20,53,4743
15109,MOB_EU_THIEF_NPC_01000100,Europe (Constantinople),10,236,0,235,22,41,10,10,45,45,2,0,normal,1,3,20,53,4744
22528,MOB_FW_BATTLEGOLEM_010,Forteresse (guerre de forteresse),10,302264,0,451200,29,29,10,10,45,45,2,3,unique_notice,1,3,42,56,12082
22108,MOB_FW_HYEONGCHEON_010,Forteresse (guerre de forteresse),10,238770,0,338400,22,34,10,10,45,45,2,3,unique_notice,1,3,23,74,11662
22248,MOB_FW_MUJIGI_010,Forteresse (guerre de forteresse),10,226698,0,338400,22,34,10,10,45,45,2,3,unique_notice,1,3,38,143,11802
21408,MOB_FW_TAESE_010,Forteresse (guerre de forteresse),10,318360,0,451200,29,29,10,10,45,45,2,3,unique_notice,1,3,10,34,10962
7675,MOB_HUNTER_NPC_00910091,AUTRE,10,236,0,235,22,34,10,10,45,45,2,0,normal,1,3,20,51,2208
7676,MOB_HUNTER_NPC_00920092,AUTRE,10,249,0,235,26,35,10,10,45,45,2,0,normal,1,3,20,51,2209
7677,MOB_HUNTER_NPC_00930093,AUTRE,10,249,0,235,22,34,10,10,45,45,2,0,normal,1,3,20,52,2210
7678,MOB_HUNTER_NPC_00940094,AUTRE,10,236,0,235,22,41,10,10,45,45,2,0,normal,1,3,20,53,2211
7679,MOB_HUNTER_NPC_00950095,AUTRE,10,249,0,235,22,34,10,10,45,45,2,0,normal,1,3,20,55,2212
7680,MOB_HUNTER_NPC_00960096,AUTRE,10,249,0,235,26,35,10,10,45,45,2,0,normal,1,3,20,51,2213
7681,MOB_HUNTER_NPC_00970097,AUTRE,10,236,0,235,22,34,10,10,45,45,2,0,normal,1,3,20,51,2214
7682,MOB_HUNTER_NPC_00980098,AUTRE,10,249,0,235,22,41,10,10,45,45,2,0,normal,1,3,20,52,2215
7683,MOB_HUNTER_NPC_00990099,AUTRE,10,249,0,235,22,34,10,10,45,45,2,0,normal,1,3,20,53,2216
7684,MOB_HUNTER_NPC_01000100,AUTRE,10,236,0,235,26,35,10,10,45,45,2,0,normal,1,3,20,55,2217
2312,MOB_THIEF_NPC_00910091,Evenement caravan/thief,10,236,0,235,22,34,10,16777226,45,45,2,0,normal,1,3,20,51,329
2313,MOB_THIEF_NPC_00920092,Evenement caravan/thief,10,249,0,235,26,35,10,10,45,45,2,0,normal,1,3,20,51,330
2315,MOB_THIEF_NPC_00940094,Evenement caravan/thief,10,236,0,235,22,41,10,10,45,45,2,0,normal,1,3,20,53,332
2316,MOB_THIEF_NPC_00950095,Evenement caravan/thief,10,249,0,235,22,34,10,10,45,45,2,0,normal,1,3,20,55,333
2317,MOB_THIEF_NPC_00960096,Evenement caravan/thief,10,249,0,235,26,35,10,10,45,45,2,0,normal,1,3,20,51,334
2318,MOB_THIEF_NPC_00970097,Evenement caravan/thief,10,236,0,235,22,34,10,10,45,45,2,0,normal,1,3,20,51,335
2319,MOB_THIEF_NPC_00980098,Evenement caravan/thief,10,249,0,235,22,41,10,10,45,45,2,0,normal,1,3,20,52,336
2320,MOB_THIEF_NPC_00990099,Evenement caravan/thief,10,249,0,235,22,34,10,10,45,45,2,0,normal,1,3,20,53,337
24022,MOV_EV_WOLF_A_010,AUTRE,10,1205,0,940,38,60,10,10,45,45,2,0,normal,1,0,50,75,13297
7688,MMB_HUNTER_NPC_01040104,AUTRE,11,310,0,259,29,34,11,11,47,47,2,0,normal,1,3,20,53,2221
1948,MOB_CH_BANDIT_CLON,Chine (Jangan-Donwhang),11,310,0,259,29,34,11,11,47,47,2,0,normal,1,0,15,55,42
16510,MOB_EU_HUNTER_NPC_01010101,Europe (Constantinople),11,286,0,259,29,34,11,11,47,47,2,0,normal,1,3,20,54,6145
16512,MOB_EU_HUNTER_NPC_01030103,Europe (Constantinople),11,310,0,259,29,34,11,11,47,47,2,0,normal,1,3,20,54,6147
16513,MOB_EU_HUNTER_NPC_01040104,Europe (Constantinople),11,310,0,259,26,41,11,11,47,47,2,0,normal,1,3,20,56,6148
16514,MOB_EU_HUNTER_NPC_01050105,Europe (Constantinople),11,286,0,259,26,41,11,11,47,47,2,0,normal,1,3,20,52,6149
16515,MOB_EU_HUNTER_NPC_01060106,Europe (Constantinople),11,286,0,259,22,46,11,11,47,47,2,0,normal,1,3,20,53,6150
16516,MOB_EU_HUNTER_NPC_01070107,Europe (Constantinople),11,286,0,259,22,46,11,11,47,47,2,0,normal,1,3,20,53,6151
16517,MOB_EU_HUNTER_NPC_01080108,Europe (Constantinople),11,286,0,259,22,46,11,11,47,47,2,0,normal,1,3,20,53,6152
16518,MOB_EU_HUNTER_NPC_01090109,Europe (Constantinople),11,286,0,259,22,46,11,11,47,47,2,0,normal,1,3,20,53,6153
15110,MOB_EU_THIEF_NPC_01010101,Europe (Constantinople),11,310,0,259,29,34,11,16777227,47,47,2,0,normal,1,3,20,54,4745
15111,MOB_EU_THIEF_NPC_01020102,Europe (Constantinople),11,310,0,259,29,34,11,11,47,47,2,0,normal,1,3,20,54,4746
15112,MOB_EU_THIEF_NPC_01030103,Europe (Constantinople),11,310,0,259,29,34,11,11,47,47,2,0,normal,1,3,20,54,4747
15113,MOB_EU_THIEF_NPC_01040104,Europe (Constantinople),11,310,0,259,26,41,11,11,47,47,2,0,normal,1,3,20,56,4748
15114,MOB_EU_THIEF_NPC_01050105,Europe (Constantinople),11,286,0,259,26,41,11,11,47,47,2,0,normal,1,3,20,52,4749
15115,MOB_EU_THIEF_NPC_01060106,Europe (Constantinople),11,286,0,259,22,46,11,11,47,47,2,0,normal,1,3,20,53,4750
15116,MOB_EU_THIEF_NPC_01070107,Europe (Constantinople),11,286,0,259,22,46,11,11,47,47,2,0,normal,1,3,20,53,4751
15117,MOB_EU_THIEF_NPC_01080108,Europe (Constantinople),11,286,0,259,22,46,11,11,47,47,2,0,normal,1,3,20,53,4752
15118,MOB_EU_THIEF_NPC_01090109,Europe (Constantinople),11,286,0,259,22,46,11,11,47,47,2,0,normal,1,3,20,53,4753
15119,MOB_EU_THIEF_NPC_01100110,Europe (Constantinople),11,286,0,259,22,46,11,11,47,47,2,0,normal,1,3,20,53,4754
22529,MOB_FW_BATTLEGOLEM_011,Forteresse (guerre de forteresse),11,365440,0,496320,32,35,11,11,47,47,2,3,unique_notice,1,3,42,56,12083
22109,MOB_FW_HYEONGCHEON_011,Forteresse (guerre de forteresse),11,297267,0,372240,26,41,11,11,47,47,2,3,unique_notice,1,3,23,74,11663
22249,MOB_FW_MUJIGI_011,Forteresse (guerre de forteresse),11,274080,0,372240,26,41,11,11,47,47,2,3,unique_notice,1,3,38,143,11803
21409,MOB_FW_TAESE_011,Forteresse (guerre de forteresse),11,396356,0,496320,32,35,11,11,47,47,2,3,unique_notice,1,3,10,34,10963
7685,MOB_HUNTER_NPC_01010101,AUTRE,11,310,0,259,26,41,11,11,47,47,2,0,normal,1,3,20,51,2218
7686,MOB_HUNTER_NPC_01020102,AUTRE,11,310,0,259,22,46,11,11,47,47,2,0,normal,1,3,20,51,2219
7687,MOB_HUNTER_NPC_01030103,AUTRE,11,286,0,259,26,41,11,11,47,47,2,0,normal,1,3,20,52,2220
7689,MOB_HUNTER_NPC_01050105,AUTRE,11,310,0,259,26,41,11,11,47,47,2,0,normal,1,3,20,56,2222
7690,MOB_HUNTER_NPC_01060106,AUTRE,11,286,0,259,22,46,11,11,47,47,2,0,normal,1,3,20,51,2223
7691,MOB_HUNTER_NPC_01070107,AUTRE,11,310,0,259,26,41,11,11,47,47,2,0,normal,1,3,20,51,2224
7692,MOB_HUNTER_NPC_01080108,AUTRE,11,310,0,259,29,34,11,16777227,47,47,2,0,normal,1,3,20,52,2225
7693,MOB_HUNTER_NPC_01090109,AUTRE,11,286,0,259,26,41,11,11,47,47,2,0,normal,1,3,20,53,2226
7693,MOB_HUNTER_NPC_01090109,AUTRE,11,286,0,259,26,41,11,11,47,47,2,0,normal,1,3,20,53,2226
7694,MOB_HUNTER_NPC_01100110,AUTRE,11,310,0,259,22,46,11,11,47,47,2,0,normal,1,3,20,56,2227
14902,MOB_QT_01_BAROI,Tombe de Qin-Shi (clones/quete),11,298,0,86,22,46,11,11,47,47,2,0,normal,1,1,37,75,4537
2322,MOB_THIEF_NPC_01010101,Evenement caravan/thief,11,310,0,259,26,41,11,11,47,47,2,0,normal,1,3,20,307,339
2323,MOB_THIEF_NPC_01020102,Evenement caravan/thief,11,310,0,259,22,46,11,11,47,47,2,0,normal,1,3,20,51,340
2324,MOB_THIEF_NPC_01030103,Evenement caravan/thief,11,286,0,259,26,41,11,11,47,47,2,0,normal,1,3,20,52,341
2325,MOB_THIEF_NPC_01040104,Evenement caravan/thief,11,310,0,259,29,34,11,11,47,47,2,0,normal,1,3,20,53,342
2326,MOB_THIEF_NPC_01050105,Evenement caravan/thief,11,310,0,259,26,41,11,11,47,47,2,0,normal,1,3,20,56,343
2327,MOB_THIEF_NPC_01060106,Evenement caravan/thief,11,286,0,259,22,46,11,11,47,47,2,0,normal,1,3,20,51,344
2328,MOB_THIEF_NPC_01070107,Evenement caravan/thief,11,310,0,259,26,41,11,11,47,47,2,0,normal,1,3,20,51,345
2329,MOB_THIEF_NPC_01080108,Evenement caravan/thief,11,310,0,259,29,34,11,11,47,47,2,0,normal,1,3,20,52,346
2330,MOB_THIEF_NPC_01090109,Evenement caravan/thief,11,286,0,259,26,41,11,11,47,47,2,0,normal,1,3,20,53,347
24023,MOV_EV_JINN_A_011,AUTRE,11,1317,0,1036,43,69,11,11,47,47,2,0,normal,1,0,50,75,13298
1945,MOB_CH_BANDITARCHER,Chine (Jangan-Donwhang),12,324,0,282,29,46,12,12,49,49,2,0,normal,1,0,15,75,39
5862,MOB_EU_DOWB,Europe (Constantinople),12,359,0,282,32,41,12,12,49,49,2,0,normal,1,1,20,55,1732
16520,MOB_EU_HUNTER_NPC_01110111,Europe (Constantinople),12,324,0,282,32,41,12,12,49,49,2,0,normal,1,3,20,54,6155
16522,MOB_EU_HUNTER_NPC_01130113,Europe (Constantinople),12,359,0,282,32,41,12,12,49,49,2,0,normal,1,3,20,54,6157
16523,MOB_EU_HUNTER_NPC_01140114,Europe (Constantinople),12,359,0,282,29,46,12,12,49,49,2,0,normal,1,3,20,56,6158
16524,MOB_EU_HUNTER_NPC_01150115,Europe (Constantinople),12,324,0,282,29,46,12,12,49,49,2,0,normal,1,3,20,52,6159
16525,MOB_EU_HUNTER_NPC_01160116,Europe (Constantinople),12,324,0,282,26,51,12,12,49,49,2,0,normal,1,3,20,53,6160
16526,MOB_EU_HUNTER_NPC_01170117,Europe (Constantinople),12,324,0,282,26,51,12,16777228,49,49,2,0,normal,1,3,20,53,6161
16527,MOB_EU_HUNTER_NPC_01180118,Europe (Constantinople),12,324,0,282,26,51,12,12,49,49,2,0,normal,1,3,20,53,6162
16528,MOB_EU_HUNTER_NPC_01190119,Europe (Constantinople),12,324,0,282,26,51,12,12,49,49,2,0,normal,1,3,20,53,6163
16529,MOB_EU_HUNTER_NPC_01200120,Europe (Constantinople),12,324,0,282,26,51,12,12,49,49,2,0,normal,1,3,20,53,6164
16521,MOB_EU_HUNTER_NPC_11120112,Europe (Constantinople),12,359,0,282,32,41,12,12,49,49,2,0,normal,1,3,20,54,6156
5861,MOB_EU_KYKLOPES_CLON2,Europe (Constantinople),12,359,0,282,32,41,12,12,49,49,2,0,normal,1,1,12,40,1731
15120,MOB_EU_THIEF_NPC_01110111,Europe (Constantinople),12,359,0,282,32,41,12,12,49,49,2,0,normal,1,3,20,310,4755
15121,MOB_EU_THIEF_NPC_01120112,Europe (Constantinople),12,359,0,282,32,41,12,12,49,49,2,0,normal,1,3,20,54,4756
15123,MOB_EU_THIEF_NPC_01140114,Europe (Constantinople),12,359,0,282,29,46,12,12,49,49,2,0,normal,1,3,20,56,4758
15124,MOB_EU_THIEF_NPC_01150115,Europe (Constantinople),12,324,0,282,29,46,12,12,49,49,2,0,normal,1,3,20,52,4759
15125,MOB_EU_THIEF_NPC_01160116,Europe (Constantinople),12,324,0,282,26,51,12,12,49,49,2,0,normal,1,3,20,53,4760
15126,MOB_EU_THIEF_NPC_01170117,Europe (Constantinople),12,324,0,282,26,51,12,12,49,49,2,0,normal,1,3,20,53,4761
15127,MOB_EU_THIEF_NPC_01180118,Europe (Constantinople),12,324,0,282,26,51,12,12,49,49,2,0,normal,1,3,20,53,4762
15128,MOB_EU_THIEF_NPC_01190119,Europe (Constantinople),12,324,0,282,26,51,12,12,49,49,2,0,normal,1,3,20,53,4763
22530,MOB_FW_BATTLEGOLEM_012,Forteresse (guerre de forteresse),12,414471,0,541440,35,34,12,12,49,49,2,3,unique_notice,1,3,42,56,12084
22110,MOB_FW_HYEONGCHEON_012,Forteresse (guerre de forteresse),12,344934,0,406080,29,46,12,12,49,49,2,3,unique_notice,1,3,23,74,11664
22250,MOB_FW_MUJIGI_012,Forteresse (guerre de forteresse),12,310853,0,406080,29,46,12,12,49,49,2,3,unique_notice,1,3,38,143,11804
21410,MOB_FW_TAESE_012,Forteresse (guerre de forteresse),12,459913,0,541440,35,34,12,12,49,49,2,3,unique_notice,1,3,10,34,10964
7695,MOB_HUNTER_NPC_01110111,AUTRE,12,359,0,282,29,46,12,12,49,49,2,0,normal,1,3,20,52,2228
7696,MOB_HUNTER_NPC_01120112,AUTRE,12,324,0,282,32,41,12,12,49,49,2,0,normal,1,3,20,52,2229
7697,MOB_HUNTER_NPC_01130113,AUTRE,12,359,0,282,29,46,12,12,49,49,2,0,normal,1,3,20,52,2230
7698,MOB_HUNTER_NPC_01140114,AUTRE,12,359,0,282,26,51,12,12,49,49,2,0,normal,1,3,20,53,2231
7699,MOB_HUNTER_NPC_01150115,AUTRE,12,324,0,282,29,46,12,12,49,49,2,0,normal,1,3,20,56,2232
7700,MOB_HUNTER_NPC_01160116,AUTRE,12,359,0,282,32,41,12,12,49,49,2,0,normal,1,3,20,52,2233
7701,MOB_HUNTER_NPC_01170117,AUTRE,12,359,0,282,29,46,12,12,49,49,2,0,normal,1,3,20,52,2234
7703,MOB_HUNTER_NPC_01190119,AUTRE,12,359,0,282,29,46,12,12,49,49,2,0,normal,1,3,20,53,2236
7704,MOB_HUNTER_NPC_01200120,AUTRE,12,359,0,282,32,41,12,12,49,49,2,0,normal,1,3,20,56,2237
2332,MOB_THIEF_NPC_01110111,Evenement caravan/thief,12,359,0,282,29,46,12,12,49,49,2,0,normal,1,3,20,52,349
2333,MOB_THIEF_NPC_01120112,Evenement caravan/thief,12,324,0,282,32,41,12,12,49,49,2,0,normal,1,3,20,52,350
2334,MOB_THIEF_NPC_01130113,Evenement caravan/thief,12,359,0,282,29,46,12,12,49,49,2,0,normal,1,3,20,52,351
2335,MOB_THIEF_NPC_01140114,Evenement caravan/thief,12,359,0,282,26,51,12,12,49,49,2,0,normal,1,3,20,53,352
2336,MOB_THIEF_NPC_01150115,Evenement caravan/thief,12,324,0,282,29,46,12,12,49,49,2,0,normal,1,3,20,56,353
2337,MOB_THIEF_NPC_01160116,Evenement caravan/thief,12,359,0,282,32,41,12,12,49,49,2,0,normal,1,3,20,52,354
2338,MOB_THIEF_NPC_01170117,Evenement caravan/thief,12,359,0,282,29,46,12,16777228,49,49,2,0,normal,1,3,20,308,355
2339,MOB_THIEF_NPC_01180118,Evenement caravan/thief,12,324,0,282,26,51,12,12,49,49,2,0,normal,1,3,20,52,356
2340,MOB_THIEF_NPC_01190119,Evenement caravan/thief,12,359,0,282,29,46,12,12,49,49,2,0,normal,1,3,20,53,357
2341,MOB_THIEF_NPC_01200120,Evenement caravan/thief,12,359,0,282,32,41,12,12,49,49,2,0,normal,1,3,20,56,358
24024,MOV_EV_JINN_A_012,AUTRE,12,1432,0,1128,46,74,12,12,49,49,2,0,normal,1,0,50,75,13299
1946,MOB_CH_TIGER_CLON,Chine (Jangan-Donwhang),13,387,0,306,29,56,13,13,51,51,2,0,normal,1,0,16,75,40
16530,MOB_EU_HUNTER_NPC_01210121,Europe (Constantinople),13,364,0,306,35,46,13,13,51,51,2,0,normal,1,3,20,54,6165
16531,MOB_EU_HUNTER_NPC_01220122,Europe (Constantinople),13,411,0,306,35,46,13,13,51,51,2,0,normal,1,3,20,54,6166
16532,MOB_EU_HUNTER_NPC_01230123,Europe (Constantinople),13,411,0,306,35,46,13,13,51,51,2,0,normal,1,3,20,54,6167
16533,MOB_EU_HUNTER_NPC_01240124,Europe (Constantinople),13,411,0,306,32,51,13,13,51,51,2,0,normal,1,3,20,56,6168
16534,MOB_EU_HUNTER_NPC_01250125,Europe (Constantinople),13,364,0,306,32,51,13,13,51,51,2,0,normal,1,3,20,52,6169
16535,MOB_EU_HUNTER_NPC_01260126,Europe (Constantinople),13,364,0,306,29,56,13,13,51,51,2,0,normal,1,3,20,53,6170
16536,MOB_EU_HUNTER_NPC_01270127,Europe (Constantinople),13,364,0,306,29,56,13,13,51,51,2,0,normal,1,3,20,53,6171
16537,MOB_EU_HUNTER_NPC_01280128,Europe (Constantinople),13,364,0,306,29,56,13,13,51,51,2,0,normal,1,3,20,53,6172
16538,MOB_EU_HUNTER_NPC_01290129,Europe (Constantinople),13,364,0,306,29,56,13,13,51,51,2,0,normal,1,3,20,53,6173
16539,MOB_EU_HUNTER_NPC_01300130,Europe (Constantinople),13,364,0,306,29,56,13,13,51,51,2,0,normal,1,3,20,53,6174
5863,MOB_EU_KYKLOPES_CLON,Europe (Constantinople),13,411,0,306,35,46,13,13,51,51,2,0,normal,1,1,12,40,1733
15130,MOB_EU_THIEF_NPC_01210121,Europe (Constantinople),13,411,0,306,35,46,13,13,51,51,2,0,normal,1,3,20,54,4765
15131,MOB_EU_THIEF_NPC_01220122,Europe (Constantinople),13,411,0,306,35,46,13,13,51,51,2,0,normal,1,3,20,54,4766
15132,MOB_EU_THIEF_NPC_01230123,Europe (Constantinople),13,411,0,306,35,46,13,13,51,51,2,0,normal,1,3,20,54,4767
15133,MOB_EU_THIEF_NPC_01240124,Europe (Constantinople),13,411,0,306,32,51,13,13,51,51,2,0,normal,1,3,20,56,4768
15134,MOB_EU_THIEF_NPC_01250125,Europe (Constantinople),13,364,0,306,32,51,13,16777229,51,51,2,0,normal,1,3,20,52,4769
15136,MOB_EU_THIEF_NPC_01270127,Europe (Constantinople),13,364,0,306,29,56,13,13,51,51,2,0,normal,1,3,20,53,4771
15137,MOB_EU_THIEF_NPC_01280128,Europe (Constantinople),13,364,0,306,29,56,13,13,51,51,2,0,normal,1,3,20,53,4772
15138,MOB_EU_THIEF_NPC_01290129,Europe (Constantinople),13,364,0,306,29,56,13,13,51,51,2,0,normal,1,3,20,53,4773
15139,MOB_EU_THIEF_NPC_01300130,Europe (Constantinople),13,364,0,306,29,56,13,13,51,51,2,0,normal,1,3,20,53,4774
22531,MOB_FW_BATTLEGOLEM_013,Forteresse (guerre de forteresse),13,465317,0,586560,44,41,13,13,51,51,2,3,unique_notice,1,3,42,56,12085
22111,MOB_FW_HYEONGCHEON_013,Forteresse (guerre de forteresse),13,394389,0,439920,32,51,13,13,51,51,2,3,unique_notice,1,3,23,74,11665
22251,MOB_FW_MUJIGI_013,Forteresse (guerre de forteresse),13,348987,0,439920,32,51,13,13,51,51,2,3,unique_notice,1,3,38,143,11805
21411,MOB_FW_TAESE_013,Forteresse (guerre de forteresse),13,525853,0,586560,44,41,13,13,51,51,2,3,unique_notice,1,3,10,34,10965
7705,MOB_HUNTER_NPC_01210121,AUTRE,13,364,0,306,32,51,13,13,51,51,2,0,normal,1,3,20,52,2238
7706,MOB_HUNTER_NPC_01220122,AUTRE,13,411,0,306,29,56,13,13,51,51,2,0,normal,1,3,20,52,2239
7707,MOB_HUNTER_NPC_01230123,AUTRE,13,411,0,306,32,51,13,13,51,51,2,0,normal,1,3,20,52,2240
7708,MOB_HUNTER_NPC_01240124,AUTRE,13,364,0,306,35,46,13,13,51,51,2,0,normal,1,3,20,53,2241
7709,MOB_HUNTER_NPC_01250125,AUTRE,13,411,0,306,32,51,13,13,51,51,2,0,normal,1,3,20,56,2242
7710,MOB_HUNTER_NPC_01260126,AUTRE,13,411,0,306,29,56,13,13,51,51,2,0,normal,1,3,20,52,2243
7711,MOB_HUNTER_NPC_01270127,AUTRE,13,364,0,306,32,51,13,13,51,51,2,0,normal,1,3,20,52,2244
7712,MOB_HUNTER_NPC_01280128,AUTRE,13,411,0,306,35,46,13,13,51,51,2,0,normal,1,3,20,52,2245
7713,MOB_HUNTER_NPC_01290129,AUTRE,13,411,0,306,32,51,13,13,51,51,2,0,normal,1,3,20,53,2246
7714,MOB_HUNTER_NPC_01300130,AUTRE,13,364,0,306,29,56,13,13,51,51,2,0,normal,1,3,20,56,2247
2342,MOB_THIEF_NPC_01210121,Evenement caravan/thief,13,364,0,306,32,51,13,13,51,51,2,0,normal,1,3,20,52,359
2343,MOB_THIEF_NPC_01220122,Evenement caravan/thief,13,411,0,306,29,56,13,13,51,51,2,0,normal,1,3,20,52,360
2344,MOB_THIEF_NPC_01230123,Evenement caravan/thief,13,411,0,306,32,51,13,13,51,51,2,0,normal,1,3,20,52,361
2345,MOB_THIEF_NPC_01240124,Evenement caravan/thief,13,364,0,306,35,46,13,13,51,51,2,0,normal,1,3,20,53,362
2346,MOB_THIEF_NPC_01250125,Evenement caravan/thief,13,411,0,306,32,51,13,13,51,51,2,0,normal,1,3,20,56,363
2348,MOB_THIEF_NPC_01270127,Evenement caravan/thief,13,364,0,306,32,51,13,13,51,51,2,0,normal,1,3,20,52,365
2349,MOB_THIEF_NPC_01280128,Evenement caravan/thief,13,411,0,306,35,46,13,13,51,51,2,0,normal,1,3,20,52,366
2350,MOB_THIEF_NPC_01290129,Evenement caravan/thief,13,411,0,306,32,51,13,13,51,51,2,0,normal,1,3,20,53,367
2351,MOB_THIEF_NPC_01300130,Evenement caravan/thief,13,364,0,306,29,56,13,13,51,51,2,0,normal,1,3,20,56,368
24025,MOV_EV_JINN_A_013,AUTRE,13,1552,0,1224,50,79,13,13,51,51,2,0,normal,1,0,50,75,13300
7720,MMB_HUNTER_NPC_01360136,AUTRE,14,470,0,329,44,51,14,14,53,53,2,0,normal,1,3,20,52,2253
3921,MOB_CH_STRONG_TIGER,Chine (Jangan-Donwhang),14,15275,0,6909,35,56,14,16777230,53,53,2,0,normal,1,0,16,75,1697
1947,MOB_CH_TIGER,Chine (Jangan-Donwhang),14,509,0,329,35,56,14,16777230,53,53,2,0,normal,1,0,16,75,41
16540,MOB_EU_HUNTER_NPC_01310131,Europe (Constantinople),14,470,0,329,44,51,14,14,53,53,2,0,normal,1,3,20,55,6175
16541,MOB_EU_HUNTER_NPC_01320132,Europe (Constantinople),14,549,0,329,44,51,14,14,53,53,2,0,normal,1,3,20,55,6176
16542,MOB_EU_HUNTER_NPC_01330133,Europe (Constantinople),14,549,0,329,44,51,14,14,53,53,2,0,normal,1,3,20,55,6177
16543,MOB_EU_HUNTER_NPC_01340134,Europe (Constantinople),14,549,0,329,35,56,14,14,53,53,2,0,normal,1,3,20,57,6178
16544,MOB_EU_HUNTER_NPC_01350135,Europe (Constantinople),14,470,0,329,35,56,14,14,53,53,2,0,normal,1,3,20,52,6179
16545,MOB_EU_HUNTER_NPC_01360136,Europe (Constantinople),14,470,0,329,32,70,14,14,53,53,2,0,normal,1,3,20,54,6180
16546,MOB_EU_HUNTER_NPC_01370137,Europe (Constantinople),14,470,0,329,32,70,14,14,53,53,2,0,normal,1,3,20,54,6181
16547,MOB_EU_HUNTER_NPC_01380138,Europe (Constantinople),14,470,0,329,32,70,14,14,53,53,2,0,normal,1,3,20,54,6182
16548,MOB_EU_HUNTER_NPC_01390139,Europe (Constantinople),14,470,0,329,32,70,14,14,53,53,2,0,normal,1,3,20,54,6183
16549,MOB_EU_HUNTER_NPC_01400140,Europe (Constantinople),14,470,0,329,32,70,14,14,53,53,2,0,normal,1,3,20,54,6184
5864,MOB_EU_LADON_CLON,Europe (Constantinople),14,470,0,329,32,70,14,14,53,53,2,0,normal,1,1,30,55,1734
15140,MOB_EU_THIEF_NPC_01310131,Europe (Constantinople),14,549,0,329,44,51,14,14,53,53,2,0,normal,1,3,20,55,4775
15141,MOB_EU_THIEF_NPC_01320132,Europe (Constantinople),14,549,0,329,44,51,14,14,53,53,2,0,normal,1,3,20,55,4776
15142,MOB_EU_THIEF_NPC_01330133,Europe (Constantinople),14,549,0,329,44,51,14,14,53,53,2,0,normal,1,3,20,55,4777
15143,MOB_EU_THIEF_NPC_01340134,Europe (Constantinople),14,549,0,329,35,56,14,14,53,53,2,0,normal,1,3,20,57,4778
15144,MOB_EU_THIEF_NPC_01350135,Europe (Constantinople),14,470,0,329,35,56,14,14,53,53,2,0,normal,1,3,20,52,4779
15145,MOB_EU_THIEF_NPC_01360136,Europe (Constantinople),14,470,0,329,32,70,14,14,53,53,2,0,normal,1,3,20,54,4780
15146,MOB_EU_THIEF_NPC_01370137,Europe (Constantinople),14,470,0,329,32,70,14,14,53,53,2,0,normal,1,3,20,54,4781
15147,MOB_EU_THIEF_NPC_01380138,Europe (Constantinople),14,470,0,329,32,70,14,14,53,53,2,0,normal,1,3,20,54,4782
15148,MOB_EU_THIEF_NPC_01390139,Europe (Constantinople),14,470,0,329,32,70,14,14,53,53,2,0,normal,1,3,20,54,4783
15149,MOB_EU_THIEF_NPC_01400140,Europe (Constantinople),14,470,0,329,32,70,14,14,53,53,2,0,normal,1,3,20,54,4784
22532,MOB_FW_BATTLEGOLEM_014,Forteresse (guerre de forteresse),14,601029,0,631680,42,46,14,14,53,53,2,3,unique_notice,1,3,42,56,12086
22112,MOB_FW_HYEONGCHEON_014,Forteresse (guerre de forteresse),14,526855,0,473760,35,56,14,14,53,53,2,3,unique_notice,1,3,23,74,11666
22252,MOB_FW_MUJIGI_014,Forteresse (guerre de forteresse),14,450771,0,473760,35,56,14,14,53,53,2,3,unique_notice,1,3,38,143,11806
21412,MOB_FW_TAESE_014,Forteresse (guerre de forteresse),14,702473,0,631680,42,46,14,14,53,53,2,3,unique_notice,1,3,10,34,10966
7715,MOB_HUNTER_NPC_01310131,AUTRE,14,549,0,329,35,56,14,14,53,53,2,0,normal,1,3,20,52,2248
7716,MOB_HUNTER_NPC_01320132,AUTRE,14,549,0,329,44,51,14,16777230,53,53,2,0,normal,1,3,20,52,2249
7717,MOB_HUNTER_NPC_01330133,AUTRE,14,470,0,329,35,56,14,14,53,53,2,0,normal,1,3,20,52,2250
7718,MOB_HUNTER_NPC_01340134,AUTRE,14,549,0,329,32,70,14,14,53,53,2,0,normal,1,3,20,54,2251
7719,MOB_HUNTER_NPC_01350135,AUTRE,14,549,0,329,35,56,14,14,53,53,2,0,normal,1,3,20,57,2252
7721,MOB_HUNTER_NPC_01370137,AUTRE,14,549,0,329,35,56,14,14,53,53,2,0,normal,1,3,20,52,2254
7722,MOB_HUNTER_NPC_01380138,AUTRE,14,549,0,329,32,70,14,14,53,53,2,0,normal,1,3,20,52,2255
7723,MOB_HUNTER_NPC_01390139,AUTRE,14,470,0,329,35,56,14,14,53,53,2,0,normal,1,3,20,54,2256
7724,MOB_HUNTER_NPC_01400140,AUTRE,14,549,0,329,44,51,14,14,53,53,2,0,normal,1,3,20,57,2257
2352,MOB_THIEF_NPC_01310131,Evenement caravan/thief,14,549,0,329,35,56,14,14,53,53,2,0,normal,1,3,20,52,369
2353,MOB_THIEF_NPC_01320132,Evenement caravan/thief,14,549,0,329,44,51,14,14,53,53,2,0,normal,1,3,20,52,370
2354,MOB_THIEF_NPC_01330133,Evenement caravan/thief,14,470,0,329,35,56,14,14,53,53,2,0,normal,1,3,20,52,371
2355,MOB_THIEF_NPC_01340134,Evenement caravan/thief,14,549,0,329,32,70,14,14,53,53,2,0,normal,1,3,20,310,372
2356,MOB_THIEF_NPC_01350135,Evenement caravan/thief,14,549,0,329,35,56,14,14,53,53,2,0,normal,1,3,20,57,373
2357,MOB_THIEF_NPC_01360136,Evenement caravan/thief,14,470,0,329,44,51,14,14,53,53,2,0,normal,1,3,20,52,374
2358,MOB_THIEF_NPC_01370137,Evenement caravan/thief,14,549,0,329,35,56,14,14,53,53,2,0,normal,1,3,20,52,375
2359,MOB_THIEF_NPC_01380138,Evenement caravan/thief,14,549,0,329,32,70,14,14,53,53,2,0,normal,1,3,20,52,376
2360,MOB_THIEF_NPC_01390139,Evenement caravan/thief,14,470,0,329,35,56,14,14,53,53,2,0,normal,1,3,20,54,377
2361,MOB_THIEF_NPC_01400140,Evenement caravan/thief,14,549,0,329,44,51,14,14,53,53,2,0,normal,1,3,20,57,378
24025,MOV_EV_JINN_A_014,AUTRE,14,1677,0,1316,53,85,14,14,53,53,2,0,normal,1,0,50,75,13301
1944,MOB_CH_BANDITARCHER_CLON,Chine (Jangan-Donwhang),15,514,0,353,44,70,15,15,55,55,2,0,normal,1,0,15,75,38
16552,MOB_EU_HUNTER_NPC,Europe (Constantinople),15,607,0,353,42,56,15,15,55,55,2,0,normal,1,3,20,55,6187
16551,MOB_EU_HUNTER_NPC_01420142,Europe (Constantinople),15,607,0,353,42,56,15,15,55,55,2,0,normal,1,3,20,55,6186
16553,MOB_EU_HUNTER_NPC_01440144,Europe (Constantinople),15,607,0,353,44,70,15,15,55,55,2,0,normal,1,3,20,57,6188
16554,MOB_EU_HUNTER_NPC_01450145,Europe (Constantinople),15,514,0,353,44,70,15,15,55,55,2,0,normal,1,3,20,53,6189
16555,MOB_EU_HUNTER_NPC_01460146,Europe (Constantinople),15,514,0,353,35,67,15,15,55,55,2,0,normal,1,3,20,54,6190
16556,MOB_EU_HUNTER_NPC_01470147,Europe (Constantinople),15,514,0,353,35,67,15,15,55,55,2,0,normal,1,3,20,54,6191
16557,MOB_EU_HUNTER_NPC_01480148,Europe (Constantinople),15,514,0,353,35,67,15,15,55,55,2,0,normal,1,3,20,54,6192
16558,MOB_EU_HUNTER_NPC_01490149,Europe (Constantinople),15,514,0,353,35,67,15,15,55,55,2,0,normal,1,3,20,54,6193
16559,MOB_EU_HUNTER_NPC_01500150,Europe (Constantinople),15,514,0,353,35,67,15,15,55,55,2,0,normal,1,3,20,54,6194
5865,MOB_EU_KYKLOPES,Europe (Constantinople),15,607,0,353,42,56,15,15,55,55,2,0,normal,1,1,12,40,1735
15150,MOB_EU_THIEF_NPC_01410141,Europe (Constantinople),15,607,0,353,42,56,15,15,55,55,2,0,normal,1,3,20,55,4785
15151,MOB_EU_THIEF_NPC_01420142,Europe (Constantinople),15,607,0,353,42,56,15,15,55,55,2,0,normal,1,3,20,311,4786
15152,MOB_EU_THIEF_NPC_01430143,Europe (Constantinople),15,607,0,353,42,56,15,15,55,55,2,0,normal,1,3,20,55,4787
15153,MOB_EU_THIEF_NPC_01440144,Europe (Constantinople),15,607,0,353,44,70,15,15,55,55,2,0,normal,1,3,20,57,4788
15154,MOB_EU_THIEF_NPC_01450145,Europe (Constantinople),15,514,0,353,44,70,15,15,55,55,2,0,normal,1,3,20,53,4789
15155,MOB_EU_THIEF_NPC_01460146,Europe (Constantinople),15,514,0,353,35,67,15,15,55,55,2,0,normal,1,3,20,54,4790
15156,MOB_EU_THIEF_NPC_01470147,Europe (Constantinople),15,514,0,353,35,67,15,15,55,55,2,0,normal,1,3,20,54,4791
15157,MOB_EU_THIEF_NPC_01480148,Europe (Constantinople),15,514,0,353,35,67,15,15,55,55,2,0,normal,1,3,20,54,4792
15158,MOB_EU_THIEF_NPC_01490149,Europe (Constantinople),15,514,0,353,35,67,15,16777231,55,55,2,0,normal,1,3,20,54,4793
15159,MOB_EU_THIEF_NPC_01500150,Europe (Constantinople),15,514,0,353,35,67,15,15,55,55,2,0,normal,1,3,20,54,4794
34053,MOB_EVE_ANGRY_TAHOMET01,Evenement,15,538309,0,169200,35,67,15,15,55,55,2,3,unique_notice,0,3,23,75,17686
34043,MOB_EVE_HAPPY_TIGERWOMAN01,Evenement,15,493833,0,169200,44,70,15,15,55,55,2,3,unique_notice,0,0,20,90,17676
22533,MOB_FW_BATTLEGOLEM_015,Forteresse (guerre de forteresse),15,658444,0,676800,51,51,15,15,55,55,2,3,unique_notice,1,3,42,56,12087
22113,MOB_FW_HYEONGCHEON_015,Forteresse (guerre de forteresse),15,582786,0,507600,44,70,15,15,55,55,2,3,unique_notice,1,3,23,74,11667
22253,MOB_FW_MUJIGI_015,Forteresse (guerre de forteresse),15,493833,0,507600,44,70,15,15,55,55,2,3,unique_notice,1,3,38,143,11807
21413,MOB_FW_TAESE_015,Forteresse (guerre de forteresse),15,777048,0,676800,51,51,15,15,55,55,2,3,unique_notice,1,3,10,34,10967
7725,MOB_HUNTER_NPC_01410141,AUTRE,15,607,0,353,44,70,15,15,55,55,2,0,normal,1,3,20,52,2258
7725,MOB_HUNTER_NPC_01410141,AUTRE,15,607,0,353,44,70,15,15,55,55,2,0,normal,1,3,20,52,2258
7726,MOB_HUNTER_NPC_01420142,AUTRE,15,514,0,353,35,67,15,15,55,55,2,0,normal,1,3,20,52,2259
7727,MOB_HUNTER_NPC_01430143,AUTRE,15,607,0,353,44,70,15,15,55,55,2,0,normal,1,3,20,53,2260
7728,MOB_HUNTER_NPC_01440144,AUTRE,15,607,0,353,42,56,15,15,55,55,2,0,normal,1,3,20,54,2261
7729,MOB_HUNTER_NPC_01450145,AUTRE,15,514,0,353,44,70,15,15,55,55,2,0,normal,1,3,20,57,2262
7730,MOB_HUNTER_NPC_01460146,AUTRE,15,607,0,353,35,67,15,15,55,55,2,0,normal,1,3,20,52,2263
7731,MOB_HUNTER_NPC_01470147,AUTRE,15,607,0,353,44,70,15,15,55,55,2,0,normal,1,3,20,52,2264
7732,MOB_HUNTER_NPC_01480148,AUTRE,15,514,0,353,42,56,15,15,55,55,2,0,normal,1,3,20,53,2265
7733,MOB_HUNTER_NPC_01490149,AUTRE,15,607,0,353,44,70,15,15,55,55,2,0,normal,1,3,20,54,2266
2362,MOB_THIEF_NPC_01410141,Evenement caravan/thief,15,607,0,353,44,70,15,15,55,55,2,0,normal,1,3,20,52,379
2363,MOB_THIEF_NPC_01420142,Evenement caravan/thief,15,514,0,353,35,67,15,15,55,55,2,0,normal,1,3,20,52,380
2365,MOB_THIEF_NPC_01440144,Evenement caravan/thief,15,607,0,353,42,56,15,15,55,55,2,0,normal,1,3,20,54,382
2366,MOB_THIEF_NPC_01450145,Evenement caravan/thief,15,514,0,353,44,70,15,15,55,55,2,0,normal,1,3,20,57,383
2367,MOB_THIEF_NPC_01460146,Evenement caravan/thief,15,607,0,353,35,67,15,15,55,55,2,0,normal,1,3,20,52,384
2368,MOB_THIEF_NPC_01470147,Evenement caravan/thief,15,607,0,353,44,70,15,15,55,55,2,0,normal,1,3,20,52,385
2369,MOB_THIEF_NPC_01480148,Evenement caravan/thief,15,514,0,353,42,56,15,15,55,55,2,0,normal,1,3,20,53,386
2370,MOB_THIEF_NPC_01490149,Evenement caravan/thief,15,607,0,353,44,70,15,15,55,55,2,0,normal,1,3,20,54,387
2371,MOB_THIEF_NPC_01500150,Evenement caravan/thief,15,607,0,353,35,67,15,15,55,55,2,0,normal,1,3,20,313,388
24027,MOV_EV_JINN_A_015,AUTRE,15,1805,0,1412,57,91,15,15,55,55,2,0,normal,1,0,50,75,13302
1949,MOB_CH_BANDIT,Chine (Jangan-Donwhang),16,755,0,376,51,70,16,16,57,57,2,0,normal,1,0,15,55,43
16560,MOB_EU_HUNTER_NPC_01510151,Europe (Constantinople),16,628,0,376,51,70,16,16,57,57,2,0,normal,1,3,20,55,6195
16561,MOB_EU_HUNTER_NPC_01520152,Europe (Constantinople),16,755,0,376,51,70,16,16,57,57,2,0,normal,1,3,20,55,6196
16562,MOB_EU_HUNTER_NPC_01530153,Europe (Constantinople),16,755,0,376,51,70,16,16,57,57,2,0,normal,1,3,20,55,6197
16563,MOB_EU_HUNTER_NPC_01540154,Europe (Constantinople),16,755,0,376,42,67,16,16,57,57,2,0,normal,1,3,20,58,6198
16564,MOB_EU_HUNTER_NPC_01550155,Europe (Constantinople),16,628,0,376,42,67,16,16,57,57,2,0,normal,1,3,20,53,6199
16565,MOB_EU_HUNTER_NPC_01560156,Europe (Constantinople),16,628,0,376,44,82,16,16,57,57,2,0,normal,1,3,20,54,6200
16566,MOB_EU_HUNTER_NPC_01570157,Europe (Constantinople),16,628,0,376,44,82,16,16,57,57,2,0,normal,1,3,20,54,6201
16567,MOB_EU_HUNTER_NPC_01580158,Europe (Constantinople),16,628,0,376,44,82,16,16,57,57,2,0,normal,1,3,20,54,6202
16568,MOB_EU_HUNTER_NPC_01590159,Europe (Constantinople),16,628,0,376,44,82,16,16,57,57,2,0,normal,1,3,20,54,6203
16569,MOB_EU_HUNTER_NPC_01600160,Europe (Constantinople),16,628,0,376,44,82,16,16,57,57,2,0,normal,1,3,20,54,6204
5866,MOB_EU_LADON,Europe (Constantinople),16,628,0,376,44,82,16,16,57,57,2,0,normal,1,1,30,55,1736
15160,MOB_EU_THIEF_NPC_01510151,Europe (Constantinople),16,755,0,376,51,70,16,16,57,57,2,0,normal,1,3,20,55,4795
15161,MOB_EU_THIEF_NPC_01520152,Europe (Constantinople),16,755,0,376,51,70,16,16,57,57,2,0,normal,1,3,20,55,4796
15162,MOB_EU_THIEF_NPC_01530153,Europe (Constantinople),16,755,0,376,51,70,16,16,57,57,2,0,normal,1,3,20,55,4797
15163,MOB_EU_THIEF_NPC_01540154,Europe (Constantinople),16,755,0,376,42,67,16,16,57,57,2,0,normal,1,3,20,58,4798
15164,MOB_EU_THIEF_NPC_01550155,Europe (Constantinople),16,628,0,376,42,67,16,16,57,57,2,0,normal,1,3,20,53,4799
15165,MOB_EU_THIEF_NPC_01560156,Europe (Constantinople),16,628,0,376,44,82,16,16,57,57,2,0,normal,1,3,20,54,4800
15166,MOB_EU_THIEF_NPC_01570157,Europe (Constantinople),16,628,0,376,44,82,16,16,57,57,2,0,normal,1,3,20,54,4801
15167,MOB_EU_THIEF_NPC_01580158,Europe (Constantinople),16,628,0,376,44,82,16,16,57,57,2,0,normal,1,3,20,54,4802
15168,MOB_EU_THIEF_NPC_01590159,Europe (Constantinople),16,628,0,376,44,82,16,16,57,57,2,0,normal,1,3,20,54,4803
15169,MOB_EU_THIEF_NPC_01600160,Europe (Constantinople),16,628,0,376,44,82,16,16,57,57,2,0,normal,1,3,20,54,4804
22534,MOB_FW_BATTLEGOLEM_016,Forteresse (guerre de forteresse),16,803692,0,721920,55,56,16,16,57,57,2,3,unique_notice,1,3,42,56,12088
22114,MOB_FW_HYEONGCHEON_016,Forteresse (guerre de forteresse),16,724657,0,541440,42,67,16,16,57,57,2,3,unique_notice,1,3,23,74,11668
22254,MOB_FW_MUJIGI_016,Forteresse (guerre de forteresse),16,602769,0,541440,42,67,16,16,57,57,2,3,unique_notice,1,3,38,143,11808
21414,MOB_FW_TAESE_016,Forteresse (guerre de forteresse),16,966209,0,721920,55,56,16,16,57,57,2,3,unique_notice,1,3,10,34,10968
7735,MOB_HUNTER_NPC_01510151,AUTRE,16,628,0,376,42,67,16,16,57,57,2,0,normal,1,3,20,52,2268
7736,MOB_HUNTER_NPC_01520152,AUTRE,16,755,0,376,51,70,16,16,57,57,2,0,normal,1,3,20,52,2269
7737,MOB_HUNTER_NPC_01530153,AUTRE,16,755,0,376,42,67,16,16,57,57,2,0,normal,1,3,20,53,2270
7738,MOB_HUNTER_NPC_01540154,AUTRE,16,628,0,376,44,82,16,16,57,57,2,0,normal,1,3,20,54,2271
7739,MOB_HUNTER_NPC_01550155,AUTRE,16,755,0,376,42,67,16,16,57,57,2,0,normal,1,3,20,58,2272
7740,MOB_HUNTER_NPC_01560156,AUTRE,16,755,0,376,51,70,16,16777232,57,57,2,0,normal,1,3,20,52,2273
7741,MOB_HUNTER_NPC_01570157,AUTRE,16,628,0,376,42,67,16,16,57,57,2,0,normal,1,3,20,52,2274
7742,MOB_HUNTER_NPC_01580158,AUTRE,16,755,0,376,44,82,16,16,57,57,2,0,normal,1,3,20,53,2275
7743,MOB_HUNTER_NPC_01590159,AUTRE,16,755,0,376,42,67,16,16,57,57,2,0,normal,1,3,20,54,2276
7744,MOB_HUNTER_NPC_01600160,AUTRE,16,628,0,376,51,70,16,16,57,57,2,0,normal,1,3,20,58,2277
2372,MOB_THIEF_NPC_01510151,Evenement caravan/thief,16,628,0,376,42,67,16,16,57,57,2,0,normal,1,3,20,52,389
2374,MOB_THIEF_NPC_01530153,Evenement caravan/thief,16,755,0,376,42,67,16,16,57,57,2,0,normal,1,3,20,53,391
2375,MOB_THIEF_NPC_01540154,Evenement caravan/thief,16,628,0,376,44,82,16,16,57,57,2,0,normal,1,3,20,54,392
2376,MOB_THIEF_NPC_01550155,Evenement caravan/thief,16,755,0,376,42,67,16,16,57,57,2,0,normal,1,3,20,58,393
2377,MOB_THIEF_NPC_01560156,Evenement caravan/thief,16,755,0,376,51,70,16,16,57,57,2,0,normal,1,3,20,52,394
2378,MOB_THIEF_NPC_01570157,Evenement caravan/thief,16,628,0,376,42,67,16,16,57,57,2,0,normal,1,3,20,52,395
2379,MOB_THIEF_NPC_01580158,Evenement caravan/thief,16,755,0,376,44,82,16,16,57,57,2,0,normal,1,3,20,53,396
2381,MOB_THIEF_NPC_01600160,Evenement caravan/thief,16,628,0,376,51,70,16,16,57,57,2,0,normal,1,3,20,58,398
24028,MOV_EV_JINN_A_016,AUTRE,16,1938,0,1504,60,97,16,16,57,57,2,0,normal,1,0,50,75,13303
7752,MMB_HUNTER_NPC_01680168,AUTRE,17,820,0,400,55,67,17,17,59,59,2,0,normal,1,3,20,53,2285
3947,MOB_CH_STRONG_WHITETIGER_CLON,Chine (Jangan-Donwhang),17,22478,0,8390,42,89,17,17,59,59,2,0,normal,1,0,15,75,1712
1952,MOB_CH_WHITETIGER_CLON,Chine (Jangan-Donwhang),17,749,0,400,42,89,17,17,59,59,2,0,normal,1,0,16,75,46
16570,MOB_EU_HUNTER_NPC_01610161,Europe (Constantinople),17,678,0,400,55,67,17,17,59,59,2,0,normal,1,3,20,56,6205
16571,MOB_EU_HUNTER_NPC_01620162,Europe (Constantinople),17,820,0,400,55,67,17,17,59,59,2,0,normal,1,3,20,56,6206
16572,MOB_EU_HUNTER_NPC_01630163,Europe (Constantinople),17,820,0,400,55,67,17,17,59,59,2,0,normal,1,3,20,56,6207
16573,MOB_EU_HUNTER_NPC_01640164,Europe (Constantinople),17,820,0,400,51,82,17,17,59,59,2,0,normal,1,3,20,59,6208
16574,MOB_EU_HUNTER_NPC_01650165,Europe (Constantinople),17,678,0,400,51,82,17,16777233,59,59,2,0,normal,1,3,20,53,6209
16575,MOB_EU_HUNTER_NPC_01660166,Europe (Constantinople),17,678,0,400,42,89,17,17,59,59,2,0,normal,1,3,20,54,6210
16576,MOB_EU_HUNTER_NPC_01670167,Europe (Constantinople),17,678,0,400,42,89,17,17,59,59,2,0,normal,1,3,20,54,6211
16577,MOB_EU_HUNTER_NPC_01680168,Europe (Constantinople),17,678,0,400,42,89,17,17,59,59,2,0,normal,1,3,20,54,6212
16578,MOB_EU_HUNTER_NPC_01690169,Europe (Constantinople),17,678,0,400,42,89,17,17,59,59,2,0,normal,1,3,20,54,6213
16579,MOB_EU_HUNTER_NPC_01700170,Europe (Constantinople),17,678,0,400,42,89,17,17,59,59,2,0,normal,1,3,20,54,6214
15170,MOB_EU_THIEF_NPC_01610161,Europe (Constantinople),17,820,0,400,55,67,17,17,59,59,2,0,normal,1,3,20,56,4805
15171,MOB_EU_THIEF_NPC_01620162,Europe (Constantinople),17,820,0,400,55,67,17,17,59,59,2,0,normal,1,3,20,56,4806
15172,MOB_EU_THIEF_NPC_01630163,Europe (Constantinople),17,820,0,400,55,67,17,17,59,59,2,0,normal,1,3,20,56,4807
15173,MOB_EU_THIEF_NPC_01640164,Europe (Constantinople),17,820,0,400,51,82,17,17,59,59,2,0,normal,1,3,20,59,4808
15174,MOB_EU_THIEF_NPC_01650165,Europe (Constantinople),17,678,0,400,51,82,17,17,59,59,2,0,normal,1,3,20,53,4809
15175,MOB_EU_THIEF_NPC_01660166,Europe (Constantinople),17,678,0,400,42,89,17,17,59,59,2,0,normal,1,3,20,54,4810
15176,MOB_EU_THIEF_NPC_01670167,Europe (Constantinople),17,678,0,400,42,89,17,17,59,59,2,0,normal,1,3,20,54,4811
15177,MOB_EU_THIEF_NPC_01680168,Europe (Constantinople),17,678,0,400,42,89,17,17,59,59,2,0,normal,1,3,20,54,4812
15178,MOB_EU_THIEF_NPC_01690169,Europe (Constantinople),17,678,0,400,42,89,17,17,59,59,2,0,normal,1,3,20,54,4813
15179,MOB_EU_THIEF_NPC_01700170,Europe (Constantinople),17,678,0,400,42,89,17,17,59,59,2,0,normal,1,3,20,54,4814
22535,MOB_FW_BATTLEGOLEM_017,Forteresse (guerre de forteresse),17,868135,0,767040,59,70,17,16777233,59,59,2,3,unique_notice,1,3,42,56,12089
22115,MOB_FW_HYEONGCHEON_017,Forteresse (guerre de forteresse),17,787519,0,575280,51,82,17,17,59,59,2,3,unique_notice,1,3,23,74,11669
22255,MOB_FW_MUJIGI_017,Forteresse (guerre de forteresse),17,651101,0,575280,51,82,17,17,59,59,2,3,unique_notice,1,3,38,143,11809
21415,MOB_FW_TAESE_017,Forteresse (guerre de forteresse),17,1050026,0,767040,59,70,17,17,59,59,2,3,unique_notice,1,3,10,34,10969
7745,MOB_HUNTER_NPC_01610161,AUTRE,17,820,0,400,51,82,17,17,59,59,2,0,normal,1,3,20,52,2278
7746,MOB_HUNTER_NPC_01620162,AUTRE,17,820,0,400,42,89,17,17,59,59,2,0,normal,1,3,20,52,2279
7747,MOB_HUNTER_NPC_01630163,AUTRE,17,678,0,400,51,82,17,17,59,59,2,0,normal,1,3,20,53,2280
7748,MOB_HUNTER_NPC_01640164,AUTRE,17,820,0,400,55,67,17,17,59,59,2,0,normal,1,3,20,54,2281
7749,MOB_HUNTER_NPC_01650165,AUTRE,17,820,0,400,51,82,17,17,59,59,2,0,normal,1,3,20,59,2282
7750,MOB_HUNTER_NPC_01660166,AUTRE,17,678,0,400,42,89,17,17,59,59,2,0,normal,1,3,20,52,2283
7751,MOB_HUNTER_NPC_01670167,AUTRE,17,820,0,400,51,82,17,17,59,59,2,0,normal,1,3,20,52,2284
7753,MOB_HUNTER_NPC_01690169,AUTRE,17,678,0,400,51,82,17,17,59,59,2,0,normal,1,3,20,54,2286
7754,MOB_HUNTER_NPC_01700170,AUTRE,17,820,0,400,42,89,17,17,59,59,2,0,normal,1,3,20,59,2287
2373,MOB_THIEF_NPC_01520152,Evenement caravan/thief,17,755,0,376,51,70,16,16,57,57,2,0,normal,1,3,20,52,390
2382,MOB_THIEF_NPC_01610161,Evenement caravan/thief,17,820,0,400,51,82,17,17,59,59,2,0,normal,1,3,20,52,399
2383,MOB_THIEF_NPC_01620162,Evenement caravan/thief,17,820,0,400,42,89,17,17,59,59,2,0,normal,1,3,20,52,400
2384,MOB_THIEF_NPC_01630163,Evenement caravan/thief,17,678,0,400,51,82,17,16777233,59,59,2,0,normal,1,3,20,53,401
2385,MOB_THIEF_NPC_01640164,Evenement caravan/thief,17,820,0,400,55,67,17,17,59,59,2,0,normal,1,3,20,54,402
2386,MOB_THIEF_NPC_01650165,Evenement caravan/thief,17,820,0,400,51,82,17,17,59,59,2,0,normal,1,3,20,59,403
2387,MOB_THIEF_NPC_01660166,Evenement caravan/thief,17,678,0,400,42,89,17,17,59,59,2,0,normal,1,3,20,52,404
2388,MOB_THIEF_NPC_01670167,Evenement caravan/thief,17,820,0,400,51,82,17,17,59,59,2,0,normal,1,3,20,308,405
2389,MOB_THIEF_NPC_01680168,Evenement caravan/thief,17,820,0,400,55,67,17,17,59,59,2,0,normal,1,3,20,53,406
2390,MOB_THIEF_NPC_01690169,Evenement caravan/thief,17,678,0,400,51,82,17,17,59,59,2,0,normal,1,3,20,54,407
2391,MOB_THIEF_NPC_01700170,Evenement caravan/thief,17,820,0,400,42,89,17,17,59,59,2,0,normal,1,3,20,59,408
24029,MOV_EV_JINN_A_017,AUTRE,17,2076,0,1600,64,103,17,17,59,59,2,0,normal,1,0,50,75,13304
1953,MOB_CH_WHITETIGER,Chine (Jangan-Donwhang),18,809,0,423,55,89,18,18,61,61,2,0,normal,1,0,16,75,47
16583,MOB_EU_HUNTER_NPA_01740174,Europe (Constantinople),18,888,0,423,55,89,18,18,61,61,2,0,normal,1,3,20,59,6218
16580,MOB_EU_HUNTER_NPC_01710171,Europe (Constantinople),18,730,0,423,59,82,18,18,61,61,2,0,normal,1,3,20,56,6215
16582,MOB_EU_HUNTER_NPC_01730173,Europe (Constantinople),18,888,0,423,59,82,18,18,61,61,2,0,normal,1,3,20,56,6217
16584,MOB_EU_HUNTER_NPC_01750175,Europe (Constantinople),18,730,0,423,55,89,18,18,61,61,2,0,normal,1,3,20,53,6219
16585,MOB_EU_HUNTER_NPC_01760176,Europe (Constantinople),18,730,0,423,51,95,18,18,61,61,2,0,normal,1,3,20,55,6220
16586,MOB_EU_HUNTER_NPC_01770177,Europe (Constantinople),18,730,0,423,51,95,18,18,61,61,2,0,normal,1,3,20,55,6221
16587,MOB_EU_HUNTER_NPC_01780178,Europe (Constantinople),18,730,0,423,51,95,18,18,61,61,2,0,normal,1,3,20,55,6222
16588,MOB_EU_HUNTER_NPC_01790179,Europe (Constantinople),18,730,0,423,51,95,18,18,61,61,2,0,normal,1,3,20,55,6223
16589,MOB_EU_HUNTER_NPC_01800180,Europe (Constantinople),18,730,0,423,51,95,18,18,61,61,2,0,normal,1,3,20,55,6224
5868,MOB_EU_SIREN_CLON,Europe (Constantinople),18,730,0,423,51,95,18,18,61,61,2,0,normal,1,1,30,55,1738
15180,MOB_EU_THIEF_NPC_01710171,Europe (Constantinople),18,888,0,423,59,82,18,18,61,61,2,0,normal,1,3,20,56,4815
15181,MOB_EU_THIEF_NPC_01720172,Europe (Constantinople),18,888,0,423,59,82,18,18,61,61,2,0,normal,1,3,20,56,4816
15182,MOB_EU_THIEF_NPC_01730173,Europe (Constantinople),18,888,0,423,59,82,18,16777234,61,61,2,0,normal,1,3,20,312,4817
15183,MOB_EU_THIEF_NPC_01740174,Europe (Constantinople),18,888,0,423,55,89,18,18,61,61,2,0,normal,1,3,20,59,4818
15185,MOB_EU_THIEF_NPC_01760176,Europe (Constantinople),18,730,0,423,51,95,18,18,61,61,2,0,normal,1,3,20,55,4820
15186,MOB_EU_THIEF_NPC_01770177,Europe (Constantinople),18,730,0,423,51,95,18,18,61,61,2,0,normal,1,3,20,55,4821
15187,MOB_EU_THIEF_NPC_01780178,Europe (Constantinople),18,730,0,423,51,95,18,18,61,61,2,0,normal,1,3,20,55,4822
15188,MOB_EU_THIEF_NPC_01790179,Europe (Constantinople),18,730,0,423,51,95,18,18,61,61,2,0,normal,1,3,20,55,4823
15189,MOB_EU_THIEF_NPC_01800180,Europe (Constantinople),18,730,0,423,51,95,18,18,61,61,2,0,normal,1,3,20,55,4824
22536,MOB_FW_BATTLEGOLEM_018,Forteresse (guerre de forteresse),18,934835,0,812160,64,67,18,18,61,61,2,3,unique_notice,1,3,42,56,12090
22116,MOB_FW_HYEONGCHEON_018,Forteresse (guerre de forteresse),18,852607,0,609120,55,89,18,18,61,61,2,3,unique_notice,1,3,23,74,11670
22256,MOB_FW_MUJIGI_018,Forteresse (guerre de forteresse),18,701126,0,609120,55,89,18,18,61,61,2,3,unique_notice,1,3,38,143,11810
21416,MOB_FW_TAESE_018,Forteresse (guerre de forteresse),18,1136809,0,812160,64,67,18,18,61,61,2,3,unique_notice,1,3,10,34,10970
7755,MOB_HUNTER_NPC_01710171,AUTRE,18,888,0,423,55,89,18,18,61,61,2,0,normal,1,3,20,52,2288
7756,MOB_HUNTER_NPC_01720172,AUTRE,18,730,0,423,59,82,18,18,61,61,2,0,normal,1,3,20,52,2289
7757,MOB_HUNTER_NPC_01730173,AUTRE,18,888,0,423,55,89,18,18,61,61,2,0,normal,1,3,20,53,2290
7757,MOB_HUNTER_NPC_01730173,AUTRE,18,888,0,423,55,89,18,18,61,61,2,0,normal,1,3,20,53,2290
7758,MOB_HUNTER_NPC_01740174,AUTRE,18,888,0,423,51,95,18,18,61,61,2,0,normal,1,3,20,55,2291
7759,MOB_HUNTER_NPC_01750175,AUTRE,18,730,0,423,55,89,18,18,61,61,2,0,normal,1,3,20,59,2292
7760,MOB_HUNTER_NPC_01760176,AUTRE,18,888,0,423,59,82,18,18,61,61,2,0,normal,1,3,20,52,2293
7761,MOB_HUNTER_NPC_01770177,AUTRE,18,888,0,423,55,89,18,18,61,61,2,0,normal,1,3,20,52,2294
7762,MOB_HUNTER_NPC_01780178,AUTRE,18,730,0,423,51,95,18,18,61,61,2,0,normal,1,3,20,53,2295
7763,MOB_HUNTER_NPC_01790179,AUTRE,18,888,0,423,55,89,18,18,61,61,2,0,normal,1,3,20,55,2296
7764,MOB_HUNTER_NPC_01800180,AUTRE,18,888,0,423,59,82,18,16777234,61,61,2,0,normal,1,3,20,59,2297
2392,MOB_THIEF_NPC_01710171,Evenement caravan/thief,18,888,0,423,55,89,18,18,61,61,2,0,normal,1,3,20,52,409
2393,MOB_THIEF_NPC_01720172,Evenement caravan/thief,18,730,0,423,59,82,18,18,61,61,2,0,normal,1,3,20,52,410
2394,MOB_THIEF_NPC_01730173,Evenement caravan/thief,18,888,0,423,55,89,18,18,61,61,2,0,normal,1,3,20,53,411
2395,MOB_THIEF_NPC_01740174,Evenement caravan/thief,18,888,0,423,51,95,18,18,61,61,2,0,normal,1,3,20,55,412
2396,MOB_THIEF_NPC_01750175,Evenement caravan/thief,18,730,0,423,55,89,18,18,61,61,2,0,normal,1,3,20,59,413
2398,MOB_THIEF_NPC_01770177,Evenement caravan/thief,18,888,0,423,55,89,18,18,61,61,2,0,normal,1,3,20,52,415
2399,MOB_THIEF_NPC_01780178,Evenement caravan/thief,18,730,0,423,51,95,18,18,61,61,2,0,normal,1,3,20,53,416
2400,MOB_THIEF_NPC_01790179,Evenement caravan/thief,18,888,0,423,55,89,18,18,61,61,2,0,normal,1,3,20,55,417
2401,MOB_THIEF_NPC_01800180,Evenement caravan/thief,18,888,0,423,59,82,18,18,61,61,2,0,normal,1,3,20,59,418
24030,MOV_EV_JINN_A_018,AUTRE,18,2218,0,1692,68,109,18,18,61,61,2,0,normal,1,0,50,75,13305
1955,MOB_CH_CHAKJI_CLON,Chine (Jangan-Donwhang),19,958,0,447,59,95,19,19,63,63,2,0,normal,1,0,15,55,49
16590,MOB_EU_HUNTER_NPC_01810181,Europe (Constantinople),19,784,0,447,64,89,19,19,63,63,2,0,normal,1,3,20,56,6225
16591,MOB_EU_HUNTER_NPC_01820182,Europe (Constantinople),19,958,0,447,64,89,19,19,63,63,2,0,normal,1,3,20,56,6226
16592,MOB_EU_HUNTER_NPC_01830183,Europe (Constantinople),19,958,0,447,64,89,19,19,63,63,2,0,normal,1,3,20,56,6227
16593,MOB_EU_HUNTER_NPC_01840184,Europe (Constantinople),19,958,0,447,59,95,19,19,63,63,2,0,normal,1,3,20,60,6228
16594,MOB_EU_HUNTER_NPC_01850185,Europe (Constantinople),19,784,0,447,59,95,19,19,63,63,2,0,normal,1,3,20,53,6229
16595,MOB_EU_HUNTER_NPC_01860186,Europe (Constantinople),19,784,0,447,55,102,19,19,63,63,2,0,normal,1,3,20,55,6230
16596,MOB_EU_HUNTER_NPC_01870187,Europe (Constantinople),19,784,0,447,55,102,19,19,63,63,2,0,normal,1,3,20,55,6231
16597,MOB_EU_HUNTER_NPC_01880188,Europe (Constantinople),19,784,0,447,55,102,19,19,63,63,2,0,normal,1,3,20,55,6232
16598,MOB_EU_HUNTER_NPC_01890189,Europe (Constantinople),19,784,0,447,55,102,19,16777235,63,63,2,0,normal,1,3,20,55,6233
16599,MOB_EU_HUNTER_NPC_01900190,Europe (Constantinople),19,784,0,447,55,102,19,19,63,63,2,0,normal,1,3,20,55,6234
5869,MOB_EU_LION,Europe (Constantinople),19,871,0,447,64,89,19,19,63,63,2,0,normal,1,1,10,75,1739
15190,MOB_EU_THIEF_NPC_01810181,Europe (Constantinople),19,958,0,447,64,89,19,19,63,63,2,0,normal,1,3,20,56,4825
15191,MOB_EU_THIEF_NPC_01820182,Europe (Constantinople),19,958,0,447,64,89,19,19,63,63,2,0,normal,1,3,20,56,4826
15192,MOB_EU_THIEF_NPC_01830183,Europe (Constantinople),19,958,0,447,64,89,19,19,63,63,2,0,normal,1,3,20,56,4827
15193,MOB_EU_THIEF_NPC_01840184,Europe (Constantinople),19,958,0,447,59,95,19,19,63,63,2,0,normal,1,3,20,60,4828
15194,MOB_EU_THIEF_NPC_01850185,Europe (Constantinople),19,784,0,447,59,95,19,19,63,63,2,0,normal,1,3,20,53,4829
15195,MOB_EU_THIEF_NPC_01860186,Europe (Constantinople),19,784,0,447,55,102,19,19,63,63,2,0,normal,1,3,20,55,4830
15196,MOB_EU_THIEF_NPC_01870187,Europe (Constantinople),19,784,0,447,55,102,19,19,63,63,2,0,normal,1,3,20,55,4831
15197,MOB_EU_THIEF_NPC_01880188,Europe (Constantinople),19,784,0,447,55,102,19,19,63,63,2,0,normal,1,3,20,55,4832
15198,MOB_EU_THIEF_NPC_01890189,Europe (Constantinople),19,784,0,447,55,102,19,19,63,63,2,0,normal,1,3,20,55,4833
15199,MOB_EU_THIEF_NPC_01901190,Europe (Constantinople),19,784,0,447,55,102,19,19,63,63,2,0,normal,1,3,20,55,4834
22537,MOB_FW_BATTLEGOLEM_019,Forteresse (guerre de forteresse),19,1003855,0,857280,68,82,19,19,63,63,2,3,unique_notice,1,3,42,56,12091
22117,MOB_FW_HYEONGCHEON_019,Forteresse (guerre de forteresse),19,919982,0,642960,59,95,19,19,63,63,2,3,unique_notice,1,3,23,74,11671
22257,MOB_FW_MUJIGI_019,Forteresse (guerre de forteresse),19,752891,0,642960,59,95,19,19,63,63,2,3,unique_notice,1,3,38,143,11811
21417,MOB_FW_TAESE_019,Forteresse (guerre de forteresse),19,1226643,0,857280,68,82,19,19,63,63,2,3,unique_notice,1,3,10,34,10971
7765,MOB_HUNTER_NPC_01810181,AUTRE,19,784,0,447,59,95,19,19,63,63,2,0,normal,1,3,20,52,2298
7767,MOB_HUNTER_NPC_01830183,AUTRE,19,958,0,447,59,95,19,19,63,63,2,0,normal,1,3,20,53,2300
7768,MOB_HUNTER_NPC_01840184,AUTRE,19,784,0,447,64,89,19,19,63,63,2,0,normal,1,3,20,55,2301
7769,MOB_HUNTER_NPC_01850185,AUTRE,19,958,0,447,59,95,19,19,63,63,2,0,normal,1,3,20,60,2302
7770,MOB_HUNTER_NPC_01860186,AUTRE,19,958,0,447,55,102,19,19,63,63,2,0,normal,1,3,20,52,2303
7771,MOB_HUNTER_NPC_01870187,AUTRE,19,784,0,447,59,95,19,19,63,63,2,0,normal,1,3,20,52,2304
7772,MOB_HUNTER_NPC_01880188,AUTRE,19,958,0,447,64,89,19,19,63,63,2,0,normal,1,3,20,53,2305
7773,MOB_HUNTER_NPC_01890189,AUTRE,19,958,0,447,59,95,19,19,63,63,2,0,normal,1,3,20,55,2306
7774,MOB_HUNTER_NPC_01900190,AUTRE,19,784,0,447,55,102,19,19,63,63,2,0,normal,1,3,20,60,2307
14906,MOB_QT_01_LADON,Tombe de Qin-Shi (clones/quete),19,958,0,149,55,102,19,19,63,63,2,0,normal,1,1,37,55,4541
2402,MOB_THIEF_NPC_01810181,Evenement caravan/thief,19,784,0,447,59,95,19,19,63,63,2,0,normal,1,3,20,52,419
2403,MOB_THIEF_NPC_01820182,Evenement caravan/thief,19,958,0,447,55,102,19,19,63,63,2,0,normal,1,3,20,52,420
2404,MOB_THIEF_NPC_01830183,Evenement caravan/thief,19,958,0,447,59,95,19,19,63,63,2,0,normal,1,3,20,309,421
2405,MOB_THIEF_NPC_01840184,Evenement caravan/thief,19,784,0,447,64,89,19,19,63,63,2,0,normal,1,3,20,55,422
2406,MOB_THIEF_NPC_01850185,Evenement caravan/thief,19,958,0,447,59,95,19,19,63,63,2,0,normal,1,3,20,60,423
2407,MOB_THIEF_NPC_01860186,Evenement caravan/thief,19,958,0,447,55,102,19,19,63,63,2,0,normal,1,3,20,52,424
2408,MOB_THIEF_NPC_01870187,Evenement caravan/thief,19,784,0,447,59,95,19,16777235,63,63,2,0,normal,1,3,20,52,425
2409,MOB_THIEF_NPC_01880188,Evenement caravan/thief,19,958,0,447,64,89,19,19,63,63,2,0,normal,1,3,20,53,426
2410,MOB_THIEF_NPC_01890189,Evenement caravan/thief,19,958,0,447,59,95,19,19,63,63,2,0,normal,1,3,20,55,427
2411,MOB_THIEF_NPC_01900190,Evenement caravan/thief,19,784,0,447,55,102,19,19,63,63,2,0,normal,1,3,20,60,428
24031,MOV_EV_JINN_A_019,AUTRE,19,2365,0,1788,73,116,19,19,63,63,2,0,normal,1,0,50,75,13306
2191,COS_C_HORSE1,COS (pets/vehicules),20,983,0,470,0,0,20,16777236,65,65,2,0,normal,1,3,45,90,233
7784,MMB_HUNTER_NPC_02000200,AUTRE,20,1031,0,470,68,95,20,20,65,65,2,0,normal,1,3,20,60,2317
1956,MOB_CH_CHAKJI,Chine (Jangan-Donwhang),20,1031,0,470,64,102,20,20,65,65,2,0,normal,1,0,15,55,50
3922,MOB_CH_STRONG_CHAKJI,Chine (Jangan-Donwhang),20,30929,0,9870,64,102,20,20,65,65,2,0,normal,1,0,15,55,1698
1954,MOB_CH_TIGERWOMAN,Chine (Jangan-Donwhang),20,598720,0,451200,42,51,20,20,65,65,2,3,unique_notice,1,0,20,90,48
7549,MOB_CH_TIGERWOMAN_L2,Chine (Jangan-Donwhang),20,5987197,0,1804800,42,51,20,20,65,65,2,3,unique_notice,1,0,27,122,2103
7551,MOB_CH_TIGERWOMAN_L3,Chine (Jangan-Donwhang),20,1796159,0,902400,42,51,20,20,65,65,2,3,unique_notice,1,0,34,153,2104
16600,MOB_EU_HUNTER_NPC_01910191,Europe (Constantinople),20,840,0,470,68,95,20,20,65,65,2,0,normal,1,3,20,57,6235
16601,MOB_EU_HUNTER_NPC_01920192,Europe (Constantinople),20,1031,0,470,68,95,20,20,65,65,2,0,normal,1,3,20,57,6236
16602,MOB_EU_HUNTER_NPC_01930193,Europe (Constantinople),20,1031,0,470,68,95,20,20,65,65,2,0,normal,1,3,20,57,6237
16603,MOB_EU_HUNTER_NPC_01940194,Europe (Constantinople),20,1031,0,470,64,102,20,20,65,65,2,0,normal,1,3,20,60,6238
16604,MOB_EU_HUNTER_NPC_01950195,Europe (Constantinople),20,840,0,470,64,102,20,20,65,65,2,0,normal,1,3,20,53,6239
16605,MOB_EU_HUNTER_NPC_01960196,Europe (Constantinople),20,840,0,470,59,109,20,20,65,65,2,0,normal,1,3,20,55,6240
16606,MOB_EU_HUNTER_NPC_01970197,Europe (Constantinople),20,840,0,470,59,109,20,20,65,65,2,0,normal,1,3,20,55,6241
16607,MOB_EU_HUNTER_NPC_01980198,Europe (Constantinople),20,840,0,470,59,109,20,20,65,65,2,0,normal,1,3,20,55,6242
16608,MOB_EU_HUNTER_NPC_01990199,Europe (Constantinople),20,840,0,470,59,109,20,20,65,65,2,0,normal,1,3,20,55,6243
16609,MOB_EU_HUNTER_NPC_02000200,Europe (Constantinople),20,840,0,470,59,109,20,20,65,65,2,0,normal,1,3,20,55,6244
5870,MOB_EU_SIREN,Europe (Constantinople),20,840,0,470,59,109,20,20,65,65,2,0,normal,1,1,30,55,1740
15200,MOB_EU_THIEF_NPC_01910191,Europe (Constantinople),20,1031,0,470,68,95,20,20,65,65,2,0,normal,1,3,20,57,4835
15201,MOB_EU_THIEF_NPC_01920192,Europe (Constantinople),20,1031,0,470,68,95,20,20,65,65,2,0,normal,1,3,20,57,4836
15202,MOB_EU_THIEF_NPC_01930193,Europe (Constantinople),20,1031,0,470,68,95,20,20,65,65,2,0,normal,1,3,20,57,4837
15203,MOB_EU_THIEF_NPC_01940194,Europe (Constantinople),20,1031,0,470,64,102,20,20,65,65,2,0,normal,1,3,20,60,4838
15204,MOB_EU_THIEF_NPC_01950195,Europe (Constantinople),20,840,0,470,64,102,20,20,65,65,2,0,normal,1,3,20,53,4839
15205,MOB_EU_THIEF_NPC_01960196,Europe (Constantinople),20,840,0,470,59,109,20,20,65,65,2,0,normal,1,3,20,55,4840
15206,MOB_EU_THIEF_NPC_01970197,Europe (Constantinople),20,840,0,470,59,109,20,16777236,65,65,2,0,normal,1,3,20,55,4841
15207,MOB_EU_THIEF_NPC_01980198,Europe (Constantinople),20,840,0,470,59,109,20,20,65,65,2,0,normal,1,3,20,55,4842
15208,MOB_EU_THIEF_NPC_01990199,Europe (Constantinople),20,840,0,470,59,109,20,20,65,65,2,0,normal,1,3,20,55,4843
15209,MOB_EU_THIEF_NPC_02000200,Europe (Constantinople),20,840,0,470,59,109,20,20,65,65,2,0,normal,1,3,20,55,4844
28820,MOB_EV_WINTER_PRINCESS_20,Evenement,20,1612894,0,902400,44,140,20,20,65,65,2,3,unique_notice,1,3,20,120,15594
28812,MOB_EV_WINTER_WHITEKNIGHT_10,Evenement,20,268816,0,451200,44,140,20,20,65,65,2,3,unique_notice,1,3,30,180,15586
22538,MOB_FW_BATTLEGOLEM_020,Forteresse (guerre de forteresse),20,1075263,0,902400,73,89,20,20,65,65,2,3,unique_notice,1,3,42,56,12092
22118,MOB_FW_HYEONGCHEON_020,Forteresse (guerre de forteresse),20,989712,0,676800,64,102,20,20,65,65,2,3,unique_notice,1,3,23,74,11672
22258,MOB_FW_MUJIGI_020,Forteresse (guerre de forteresse),20,806447,0,676800,64,102,20,20,65,65,2,3,unique_notice,1,3,38,143,11812
21418,MOB_FW_TAESE_020,Forteresse (guerre de forteresse),20,1319616,0,902400,73,89,20,20,65,65,2,3,unique_notice,1,3,10,34,10972
7775,MOB_HUNTER_NPC_01910191,AUTRE,20,1031,0,470,64,102,20,20,65,65,2,0,normal,1,3,20,53,2308
7776,MOB_HUNTER_NPC_01920192,AUTRE,20,1031,0,470,68,95,20,20,65,65,2,0,normal,1,3,20,53,2309
7777,MOB_HUNTER_NPC_01930193,AUTRE,20,840,0,470,64,102,20,20,65,65,2,0,normal,1,3,20,53,2310
7778,MOB_HUNTER_NPC_01940194,AUTRE,20,1031,0,470,59,109,20,20,65,65,2,0,normal,1,3,20,55,2311
7779,MOB_HUNTER_NPC_01950195,AUTRE,20,1031,0,470,64,102,20,20,65,65,2,0,normal,1,3,20,60,2312
7780,MOB_HUNTER_NPC_01960196,AUTRE,20,840,0,470,68,95,20,20,65,65,2,0,normal,1,3,20,53,2313
7781,MOB_HUNTER_NPC_01970197,AUTRE,20,1031,0,470,64,102,20,20,65,65,2,0,normal,1,3,20,53,2314
7782,MOB_HUNTER_NPC_01980198,AUTRE,20,1031,0,470,59,109,20,20,65,65,2,0,normal,1,3,20,53,2315
7783,MOB_HUNTER_NPC_01990199,AUTRE,20,840,0,470,64,102,20,20,65,65,2,0,normal,1,3,20,55,2316
2412,MOB_THIEF_NPC_01910191,Evenement caravan/thief,20,1031,0,470,64,102,20,20,65,65,2,0,normal,1,3,20,53,429
2414,MOB_THIEF_NPC_01930193,Evenement caravan/thief,20,840,0,470,64,102,20,20,65,65,2,0,normal,1,3,20,53,431
2415,MOB_THIEF_NPC_01940194,Evenement caravan/thief,20,1031,0,470,59,109,20,20,65,65,2,0,normal,1,3,20,55,432
2416,MOB_THIEF_NPC_01950195,Evenement caravan/thief,20,1031,0,470,64,102,20,20,65,65,2,0,normal,1,3,20,60,433
2417,MOB_THIEF_NPC_01960196,Evenement caravan/thief,20,840,0,470,68,95,20,20,65,65,2,0,normal,1,3,20,53,434
2418,MOB_THIEF_NPC_01970197,Evenement caravan/thief,20,1031,0,470,64,102,20,20,65,65,2,0,normal,1,3,20,53,435
2419,MOB_THIEF_NPC_01980198,Evenement caravan/thief,20,1031,0,470,59,109,20,20,65,65,2,0,normal,1,3,20,53,436
2420,MOB_THIEF_NPC_01990199,Evenement caravan/thief,20,840,0,470,64,102,20,20,65,65,2,0,normal,1,3,20,55,437
2421,MOB_THIEF_NPC_02000200,Evenement caravan/thief,20,1031,0,470,68,95,20,20,65,65,2,0,normal,1,3,20,316,438
1957,MOB_WC_GHOSTBUG_CLON,Chine de l'Ouest (Donwhang-Hotan),20,1340,0,470,61,101,20,20,59,117,10,0,normal,0,3,20,50,51
24032,MOV_EV_JINN_A_020,AUTRE,20,2517,0,1880,77,123,20,20,65,65,2,0,normal,1,0,50,75,13307
14924,MOB_AM_CRAB_CLON,Asia Minor (zone AM),21,1106,0,498,77,95,21,21,67,67,2,0,normal,1,1,30,55,4559
16614,MOB_EU_HUNTER_NPC,Europe (Constantinople),21,898,0,498,68,109,21,21,67,67,2,0,normal,1,3,20,54,6249
16610,MOB_EU_HUNTER_NPC_02010201,Europe (Constantinople),21,898,0,498,73,102,21,21,67,67,2,0,normal,1,3,20,57,6245
16611,MOB_EU_HUNTER_NPC_02020202,Europe (Constantinople),21,1106,0,498,73,102,21,21,67,67,2,0,normal,1,3,20,57,6246
16613,MOB_EU_HUNTER_NPC_02040204,Europe (Constantinople),21,1002,0,498,68,109,21,21,67,67,2,0,normal,1,3,20,61,6248
16615,MOB_EU_HUNTER_NPC_02060206,Europe (Constantinople),21,898,0,498,64,116,21,21,67,67,2,0,normal,1,3,20,55,6250
16616,MOB_EU_HUNTER_NPC_02070207,Europe (Constantinople),21,898,0,498,64,116,21,21,67,67,2,0,normal,1,3,20,55,6251
16617,MOB_EU_HUNTER_NPC_02080208,Europe (Constantinople),21,898,0,498,64,116,21,21,67,67,2,0,normal,1,3,20,55,6252
16618,MOB_EU_HUNTER_NPC_02090209,Europe (Constantinople),21,898,0,498,64,116,21,21,67,67,2,0,normal,1,3,20,55,6253
16619,MOB_EU_HUNTER_NPC_02100210,Europe (Constantinople),21,898,0,498,64,116,21,21,67,67,2,0,normal,1,3,20,55,6254
15210,MOB_EU_THIEF_NPC_02010201,Europe (Constantinople),21,1106,0,498,73,102,21,21,67,67,2,0,normal,1,3,20,57,4845
15211,MOB_EU_THIEF_NPC_02020202,Europe (Constantinople),21,1106,0,498,73,102,21,21,67,67,2,0,normal,1,3,20,57,4846
15212,MOB_EU_THIEF_NPC_02030203,Europe (Constantinople),21,1106,0,498,73,102,21,21,67,67,2,0,normal,1,3,20,57,4847
15213,MOB_EU_THIEF_NPC_02040204,Europe (Constantinople),21,1002,0,498,68,109,21,21,67,67,2,0,normal,1,3,20,317,4848
15214,MOB_EU_THIEF_NPC_02050205,Europe (Constantinople),21,898,0,498,68,109,21,21,67,67,2,0,normal,1,3,20,54,4849
15216,MOB_EU_THIEF_NPC_02070207,Europe (Constantinople),21,898,0,498,64,116,21,21,67,67,2,0,normal,1,3,20,55,4851
15217,MOB_EU_THIEF_NPC_02080208,Europe (Constantinople),21,898,0,498,64,116,21,21,67,67,2,0,normal,1,3,20,55,4852
15218,MOB_EU_THIEF_NPC_02090209,Europe (Constantinople),21,898,0,498,64,116,21,21,67,67,2,0,normal,1,3,20,55,4853
15219,MOB_EU_THIEF_NPC_02100210,Europe (Constantinople),21,898,0,498,64,116,21,21,67,67,2,0,normal,1,3,20,55,4854
26847,MOB_EVE_STRONG_AM_CRAB_CLON,Evenement,21,1106,0,498,42,148,21,21,67,67,2,7,7,1,1,30,55,13653
22539,MOB_FW_BATTLEGOLEM_021,Forteresse (guerre de forteresse),21,1149125,0,956544,77,95,21,21,67,67,2,3,unique_notice,1,3,42,56,12093
22119,MOB_FW_HYEONGCHEON_021,Forteresse (guerre de forteresse),21,1061863,0,717408,68,109,21,21,67,67,2,3,unique_notice,1,3,23,74,11673
22259,MOB_FW_MUJIGI_021,Forteresse (guerre de forteresse),21,861843,0,717408,68,109,21,21,67,67,2,3,unique_notice,1,3,38,143,11813
21419,MOB_FW_TAESE_021,Forteresse (guerre de forteresse),21,1415818,0,956544,77,95,21,21,67,67,2,3,unique_notice,1,3,10,34,10973
7785,MOB_HUNTER_NPC_02010201,AUTRE,21,1106,0,498,68,109,21,21,67,67,2,0,normal,1,3,20,53,2318
7786,MOB_HUNTER_NPC_02020202,AUTRE,21,898,0,498,64,116,21,21,67,67,2,0,normal,1,3,20,53,2319
7787,MOB_HUNTER_NPC_02030203,AUTRE,21,1106,0,498,68,109,21,21,67,67,2,0,normal,1,3,20,54,2320
7788,MOB_HUNTER_NPC_02040204,AUTRE,21,1106,0,498,73,102,21,16777237,67,67,2,0,normal,1,3,20,55,2321
7789,MOB_HUNTER_NPC_02050205,AUTRE,21,898,0,498,68,109,21,21,67,67,2,0,normal,1,3,20,61,2322
7789,MOB_HUNTER_NPC_02050205,AUTRE,21,898,0,498,68,109,21,21,67,67,2,0,normal,1,3,20,61,2322
7790,MOB_HUNTER_NPC_02060206,AUTRE,21,1106,0,498,64,116,21,21,67,67,2,0,normal,1,3,20,53,2323
7791,MOB_HUNTER_NPC_02070207,AUTRE,21,1106,0,498,68,109,21,21,67,67,2,0,normal,1,3,20,53,2324
7792,MOB_HUNTER_NPC_02080208,AUTRE,21,898,0,498,73,102,21,21,67,67,2,0,normal,1,3,20,54,2325
7793,MOB_HUNTER_NPC_02090209,AUTRE,21,1106,0,498,68,109,21,21,67,67,2,0,normal,1,3,20,55,2326
7794,MOB_HUNTER_NPC_02100210,AUTRE,21,1002,0,498,64,116,21,21,67,67,2,0,normal,1,3,20,61,2327
14908,MOB_QT_01_CRAB_CLON,Tombe de Qin-Shi (clones/quete),21,22122,0,2491,64,116,46,46,67,67,2,0,normal,1,1,37,55,4543
2423,MOB_THIEF_NPC_01020202,Evenement caravan/thief,21,898,0,498,64,116,21,21,67,67,2,0,normal,1,3,20,53,440
2422,MOB_THIEF_NPC_02010201,Evenement caravan/thief,21,1106,0,498,68,109,21,21,67,67,2,0,normal,1,3,20,53,439
2424,MOB_THIEF_NPC_02030203,Evenement caravan/thief,21,1106,0,498,68,109,21,21,67,67,2,0,normal,1,3,20,54,441
2425,MOB_THIEF_NPC_02040204,Evenement caravan/thief,21,1106,0,498,73,102,21,21,67,67,2,0,normal,1,3,20,55,442
2426,MOB_THIEF_NPC_02050205,Evenement caravan/thief,21,898,0,498,68,109,21,21,67,67,2,0,normal,1,3,20,61,443
2427,MOB_THIEF_NPC_02060206,Evenement caravan/thief,21,1106,0,498,64,116,21,21,67,67,2,0,normal,1,3,20,53,444
2428,MOB_THIEF_NPC_02070207,Evenement caravan/thief,21,1106,0,498,68,109,21,21,67,67,2,0,normal,1,3,20,53,445
2429,MOB_THIEF_NPC_02080208,Evenement caravan/thief,21,898,0,498,73,102,21,21,67,67,2,0,normal,1,3,20,54,446
2431,MOB_THIEF_NPC_02100210,Evenement caravan/thief,21,1002,0,498,64,116,21,21,67,67,2,0,normal,1,3,20,61,448
1958,MOB_WC_GHOSTBUG,Chine de l'Ouest (Donwhang-Hotan),21,1106,0,498,73,102,21,21,67,67,2,0,normal,1,0,20,55,52
24033,MOV_EV_PENGUIN_A_021,AUTRE,21,2675,0,1992,81,130,21,21,67,67,2,0,normal,1,0,50,75,13308
14925,MOB_AM_ROGUE_CLON,Asia Minor (zone AM),22,1184,0,528,73,116,22,22,69,69,2,0,normal,1,1,12,55,4560
16620,MOB_EU_HUNTER_NPC_02110211,Europe (Constantinople),22,957,0,528,77,109,22,22,69,69,2,0,normal,1,3,20,57,6255
16621,MOB_EU_HUNTER_NPC_02120212,Europe (Constantinople),22,1184,0,528,77,109,22,22,69,69,2,0,normal,1,3,20,57,6256
16622,MOB_EU_HUNTER_NPC_02130213,Europe (Constantinople),22,1184,0,528,77,109,22,16777238,69,69,2,0,normal,1,3,20,57,6257
16623,MOB_EU_HUNTER_NPC_02140214,Europe (Constantinople),22,1071,0,528,73,116,22,22,69,69,2,0,normal,1,3,20,61,6258
16624,MOB_EU_HUNTER_NPC_02150215,Europe (Constantinople),22,957,0,528,73,116,22,22,69,69,2,0,normal,1,3,20,54,6259
16625,MOB_EU_HUNTER_NPC_02160216,Europe (Constantinople),22,957,0,528,68,124,22,22,69,69,2,0,normal,1,3,20,56,6260
16626,MOB_EU_HUNTER_NPC_02170217,Europe (Constantinople),22,957,0,528,68,124,22,22,69,69,2,0,normal,1,3,20,56,6261
16627,MOB_EU_HUNTER_NPC_02180218,Europe (Constantinople),22,957,0,528,68,124,22,22,69,69,2,0,normal,1,3,20,56,6262
16628,MOB_EU_HUNTER_NPC_02190219,Europe (Constantinople),22,957,0,528,68,124,22,22,69,69,2,0,normal,1,3,20,56,6263
16629,MOB_EU_HUNTER_NPC_02200220,Europe (Constantinople),22,957,0,528,68,124,22,22,69,69,2,0,normal,1,3,20,56,6264
15220,MOB_EU_THIEF_NPC_02110211,Europe (Constantinople),22,1184,0,528,77,109,22,22,69,69,2,0,normal,1,3,20,57,4855
15221,MOB_EU_THIEF_NPC_02120212,Europe (Constantinople),22,1184,0,528,77,109,22,22,69,69,2,0,normal,1,3,20,57,4856
15222,MOB_EU_THIEF_NPC_02130213,Europe (Constantinople),22,1184,0,528,77,109,22,22,69,69,2,0,normal,1,3,20,57,4857
15223,MOB_EU_THIEF_NPC_02140214,Europe (Constantinople),22,1071,0,528,73,116,22,22,69,69,2,0,normal,1,3,20,61,4858
15224,MOB_EU_THIEF_NPC_02150215,Europe (Constantinople),22,957,0,528,73,116,22,22,69,69,2,0,normal,1,3,20,54,4859
15225,MOB_EU_THIEF_NPC_02160216,Europe (Constantinople),22,957,0,528,68,124,22,22,69,69,2,0,normal,1,3,20,56,4860
15226,MOB_EU_THIEF_NPC_02170217,Europe (Constantinople),22,957,0,528,68,124,22,22,69,69,2,0,normal,1,3,20,56,4861
15227,MOB_EU_THIEF_NPC_02180218,Europe (Constantinople),22,957,0,528,68,124,22,22,69,69,2,0,normal,1,3,20,56,4862
15229,MOB_EU_THIEF_NPC_02200220,Europe (Constantinople),22,957,0,528,68,124,22,22,69,69,2,0,normal,1,3,20,56,4864
22540,MOB_FW_BATTLEGOLEM_022,Forteresse (guerre de forteresse),22,1225511,0,1013937,82,102,22,22,69,69,2,3,unique_notice,1,3,42,56,12094
22120,MOB_FW_HYEONGCHEON_022,Forteresse (guerre de forteresse),22,1136504,0,760453,73,116,22,22,69,69,2,3,unique_notice,1,3,23,74,11674
22260,MOB_FW_MUJIGI_022,Forteresse (guerre de forteresse),22,919133,0,760453,73,116,22,22,69,69,2,3,unique_notice,1,3,38,143,11814
21420,MOB_FW_TAESE_022,Forteresse (guerre de forteresse),22,1515339,0,1013937,82,102,22,22,69,69,2,3,unique_notice,1,3,10,34,10974
7795,MOB_HUNTER_NPC_02110211,AUTRE,22,957,0,528,73,116,22,22,69,69,2,0,normal,1,3,20,53,2328
7796,MOB_HUNTER_NPC_02120212,AUTRE,22,1184,0,528,77,109,22,22,69,69,2,0,normal,1,3,20,53,2329
7797,MOB_HUNTER_NPC_02130213,AUTRE,22,1184,0,528,73,116,22,22,69,69,2,0,normal,1,3,20,54,2330
7799,MOB_HUNTER_NPC_02150215,AUTRE,22,1071,0,528,73,116,22,22,69,69,2,0,normal,1,3,20,61,2332
7800,MOB_HUNTER_NPC_02160216,AUTRE,22,1184,0,528,77,109,22,22,69,69,2,0,normal,1,3,20,53,2333
7801,MOB_HUNTER_NPC_02170217,AUTRE,22,957,0,528,73,116,22,22,69,69,2,0,normal,1,3,20,53,2334
7802,MOB_HUNTER_NPC_02180218,AUTRE,22,1184,0,528,68,124,22,22,69,69,2,0,normal,1,3,20,54,2335
7803,MOB_HUNTER_NPC_02190219,AUTRE,22,1184,0,528,73,116,22,22,69,69,2,0,normal,1,3,20,56,2336
7804,MOB_HUNTER_NPC_02200220,AUTRE,22,957,0,528,77,109,22,22,69,69,2,0,normal,1,3,20,61,2337
2439,MOB_THIEF_NPC_01180218,Evenement caravan/thief,22,1184,0,528,68,124,22,22,69,69,2,0,normal,1,3,20,54,456
2432,MOB_THIEF_NPC_02110211,Evenement caravan/thief,22,957,0,528,73,116,22,16777238,69,69,2,0,normal,1,3,20,53,449
2433,MOB_THIEF_NPC_02120212,Evenement caravan/thief,22,1184,0,528,77,109,22,22,69,69,2,0,normal,1,3,20,53,450
2434,MOB_THIEF_NPC_02130213,Evenement caravan/thief,22,1184,0,528,73,116,22,22,69,69,2,0,normal,1,3,20,54,451
2435,MOB_THIEF_NPC_02140214,Evenement caravan/thief,22,957,0,528,68,124,22,22,69,69,2,0,normal,1,3,20,56,452
2436,MOB_THIEF_NPC_02150215,Evenement caravan/thief,22,1071,0,528,73,116,22,22,69,69,2,0,normal,1,3,20,61,453
2437,MOB_THIEF_NPC_02160216,Evenement caravan/thief,22,1184,0,528,77,109,22,22,69,69,2,0,normal,1,3,20,309,454
2438,MOB_THIEF_NPC_02170217,Evenement caravan/thief,22,957,0,528,73,116,22,22,69,69,2,0,normal,1,3,20,53,455
2440,MOB_THIEF_NPC_02190219,Evenement caravan/thief,22,1184,0,528,73,116,22,22,69,69,2,0,normal,1,3,20,56,457
2441,MOB_THIEF_NPC_02200220,Evenement caravan/thief,22,957,0,528,77,109,22,22,69,69,2,0,normal,1,3,20,61,458
1959,MOB_WA_DEVILBUG_CLON,AUTRE,22,1460,0,538,67,110,22,22,67,134,10,0,normal,0,3,20,50,53
1960,MOB_WC_DEVILBUG,Chine de l'Ouest (Donwhang-Hotan),22,1184,0,528,68,124,22,22,69,69,2,0,normal,1,0,20,55,54
3948,MOB_WC_STRONG_DEVILBUG,Chine de l'Ouest (Donwhang-Hotan),22,35516,0,11090,68,124,22,22,69,69,2,0,normal,1,0,20,55,1713
24034,MOV_EV_PENGUIN_A_022,AUTRE,22,2837,0,2112,86,137,22,22,69,69,2,0,normal,1,0,50,75,13309
14926,MOB_AM_CRAB,Asia Minor (zone AM),23,1264,0,560,87,109,23,23,71,71,2,0,normal,1,1,30,55,4561
14927,MOB_AM_ROGUE,Asia Minor (zone AM),23,1264,0,560,77,124,23,23,71,71,2,0,normal,1,1,12,55,4562
16630,MOB_EU_HUNTER_NPC_02210221,Europe (Constantinople),23,1019,0,560,82,116,23,23,71,71,2,0,normal,1,3,20,58,6265
16631,MOB_EU_HUNTER_NPC_02220222,Europe (Constantinople),23,1264,0,560,82,116,23,23,71,71,2,0,normal,1,3,20,58,6266
16632,MOB_EU_HUNTER_NPC_02230223,Europe (Constantinople),23,1264,0,560,82,116,23,23,71,71,2,0,normal,1,3,20,58,6267
16633,MOB_EU_HUNTER_NPC_02240224,Europe (Constantinople),23,1142,0,560,77,124,23,23,71,71,2,0,normal,1,3,20,62,6268
16634,MOB_EU_HUNTER_NPC_02250225,Europe (Constantinople),23,1019,0,560,77,124,23,23,71,71,2,0,normal,1,3,20,54,6269
16636,MOB_EU_HUNTER_NPC_02270227,Europe (Constantinople),23,1019,0,560,73,132,23,23,71,71,2,0,normal,1,3,20,56,6271
16637,MOB_EU_HUNTER_NPC_02280228,Europe (Constantinople),23,1019,0,560,73,132,23,23,71,71,2,0,normal,1,3,20,56,6272
16638,MOB_EU_HUNTER_NPC_02290229,Europe (Constantinople),23,1019,0,560,73,132,23,23,71,71,2,0,normal,1,3,20,56,6273
16639,MOB_EU_HUNTER_NPC_02300230,Europe (Constantinople),23,1019,0,560,73,132,23,23,71,71,2,0,normal,1,3,20,56,6274
15230,MOB_EU_THIEF_NPC_02210211,Europe (Constantinople),23,1264,0,560,82,116,23,16777239,71,71,2,0,normal,1,3,20,58,4865
15231,MOB_EU_THIEF_NPC_02220222,Europe (Constantinople),23,1264,0,560,82,116,23,23,71,71,2,0,normal,1,3,20,58,4866
15232,MOB_EU_THIEF_NPC_02230223,Europe (Constantinople),23,1264,0,560,82,116,23,23,71,71,2,0,normal,1,3,20,58,4867
15233,MOB_EU_THIEF_NPC_02240224,Europe (Constantinople),23,1142,0,560,77,124,23,23,71,71,2,0,normal,1,3,20,62,4868
15234,MOB_EU_THIEF_NPC_02250225,Europe (Constantinople),23,1019,0,560,77,124,23,23,71,71,2,0,normal,1,3,20,54,4869
15235,MOB_EU_THIEF_NPC_02260226,Europe (Constantinople),23,1019,0,560,73,132,23,23,71,71,2,0,normal,1,3,20,56,4870
15236,MOB_EU_THIEF_NPC_02270227,Europe (Constantinople),23,1019,0,560,73,132,23,23,71,71,2,0,normal,1,3,20,56,4871
15237,MOB_EU_THIEF_NPC_02280228,Europe (Constantinople),23,1019,0,560,73,132,23,23,71,71,2,0,normal,1,3,20,56,4872
15238,MOB_EU_THIEF_NPC_02290229,Europe (Constantinople),23,1019,0,560,73,132,23,23,71,71,2,0,normal,1,3,20,56,4873
15239,MOB_EU_THIEF_NPC_02300230,Europe (Constantinople),23,1019,0,560,73,132,23,23,71,71,2,0,normal,1,3,20,56,4874
26849,MOB_EVE_STRONG_AM_CRAB,Evenement,23,1264,0,560,55,165,23,23,71,71,2,7,7,1,1,30,55,13655
22541,MOB_FW_BATTLEGOLEM_023,Forteresse (guerre de forteresse),23,1304493,0,1074773,87,109,23,23,71,71,2,3,unique_notice,1,3,42,56,12095
22121,MOB_FW_HYEONGCHEON_023,Forteresse (guerre de forteresse),23,1213707,0,806080,77,124,23,23,71,71,2,3,unique_notice,1,3,23,74,11675
22261,MOB_FW_MUJIGI_023,Forteresse (guerre de forteresse),23,978370,0,806080,77,124,23,23,71,71,2,3,unique_notice,1,3,38,143,11815
21421,MOB_FW_TAESE_023,Forteresse (guerre de forteresse),23,1618275,0,1074773,87,109,23,23,71,71,2,3,unique_notice,1,3,10,34,10975
7805,MOB_HUNTER_NPC_02210221,AUTRE,23,1264,0,560,77,124,23,23,71,71,2,0,normal,1,3,20,53,2338
7806,MOB_HUNTER_NPC_02220222,AUTRE,23,1264,0,560,73,132,23,23,71,71,2,0,normal,1,3,20,53,2339
7807,MOB_HUNTER_NPC_02230223,AUTRE,23,1019,0,560,77,124,23,23,71,71,2,0,normal,1,3,20,54,2340
7808,MOB_HUNTER_NPC_02240224,AUTRE,23,1264,0,560,82,116,23,23,71,71,2,0,normal,1,3,20,56,2341
7809,MOB_HUNTER_NPC_02250225,AUTRE,23,1142,0,560,77,124,23,23,71,71,2,0,normal,1,3,20,62,2342
7810,MOB_HUNTER_NPC_02260226,AUTRE,23,1019,0,560,73,132,23,23,71,71,2,0,normal,1,3,20,53,2343
7811,MOB_HUNTER_NPC_02270227,AUTRE,23,1264,0,560,77,124,23,23,71,71,2,0,normal,1,3,20,53,2344
7812,MOB_HUNTER_NPC_02280228,AUTRE,23,1264,0,560,82,116,23,16777239,71,71,2,0,normal,1,3,20,54,2345
7813,MOB_HUNTER_NPC_02290229,AUTRE,23,1019,0,560,77,124,23,23,71,71,2,0,normal,1,3,20,56,2346
7814,MOB_HUNTER_NPC_02300230,AUTRE,23,1142,0,560,73,132,23,23,71,71,2,0,normal,1,3,20,62,2347
14909,MOB_QT_01_ROGUE,Tombe de Qin-Shi (clones/quete),23,101142,0,11196,73,132,23,23,71,71,2,0,normal,1,1,12,55,4544
14910,MOB_QT_01_ROGUE_CLON,Tombe de Qin-Shi (clones/quete),23,5057,0,746,73,132,23,23,71,71,2,0,normal,1,1,12,55,4545
3811,MOB_QT_WHITETIGER_QUEST,Tombe de Qin-Shi (clones/quete),23,1142,0,187,77,124,23,23,71,71,2,0,normal,1,0,16,75,1662
2442,MOB_THIEF_NPC_02210221,Evenement caravan/thief,23,1264,0,560,77,124,23,23,71,71,2,0,normal,1,3,20,53,459
2443,MOB_THIEF_NPC_02220222,Evenement caravan/thief,23,1264,0,560,73,132,23,23,71,71,2,0,normal,1,3,20,53,460
2444,MOB_THIEF_NPC_02230223,Evenement caravan/thief,23,1019,0,560,77,124,23,23,71,71,2,0,normal,1,3,20,54,461
2445,MOB_THIEF_NPC_02240224,Evenement caravan/thief,23,1264,0,560,82,116,23,23,71,71,2,0,normal,1,3,20,56,462
2447,MOB_THIEF_NPC_02260226,Evenement caravan/thief,23,1019,0,560,73,132,23,23,71,71,2,0,normal,1,3,20,53,464
2448,MOB_THIEF_NPC_02270227,Evenement caravan/thief,23,1264,0,560,77,124,23,23,71,71,2,0,normal,1,3,20,53,465
2449,MOB_THIEF_NPC_02280228,Evenement caravan/thief,23,1264,0,560,82,116,23,23,71,71,2,0,normal,1,3,20,54,466
2450,MOB_THIEF_NPC_02290229,Evenement caravan/thief,23,1019,0,560,77,124,23,23,71,71,2,0,normal,1,3,20,56,467
2451,MOB_THIEF_NPC_02300230,Evenement caravan/thief,23,1142,0,560,73,132,23,23,71,71,2,0,normal,1,3,20,62,468
2097,MOB_WC_HYUNGNO,Chine de l'Ouest (Donwhang-Hotan),23,1264,0,560,77,124,23,23,71,71,2,0,normal,1,0,10,55,188
7816,MMB_HUNTER_NPC_02320232,AUTRE,24,1083,0,593,87,124,24,24,73,73,2,0,normal,1,3,20,53,2349
14928,MOB_AM_WOLF_CLON,Asia Minor (zone AM),24,1347,0,593,87,124,24,24,73,73,2,0,normal,1,1,11,55,4563
16645,MOB_EU_HUNTER_NPC_01360236,Europe (Constantinople),24,1083,0,593,77,140,24,24,73,73,2,0,normal,1,3,20,56,6280
16640,MOB_EU_HUNTER_NPC_02310231,Europe (Constantinople),24,1083,0,593,87,124,24,24,73,73,2,0,normal,1,3,20,58,6275
16641,MOB_EU_HUNTER_NPC_02320232,Europe (Constantinople),24,1347,0,593,87,124,24,24,73,73,2,0,normal,1,3,20,58,6276
16642,MOB_EU_HUNTER_NPC_02330233,Europe (Constantinople),24,1347,0,593,87,124,24,24,73,73,2,0,normal,1,3,20,58,6277
16644,MOB_EU_HUNTER_NPC_02350235,Europe (Constantinople),24,1083,0,593,82,132,24,24,73,73,2,0,normal,1,3,20,54,6279
16646,MOB_EU_HUNTER_NPC_02370237,Europe (Constantinople),24,1083,0,593,77,140,24,16777240,73,73,2,0,normal,1,3,20,56,6281
16647,MOB_EU_HUNTER_NPC_02380238,Europe (Constantinople),24,1083,0,593,77,140,24,24,73,73,2,0,normal,1,3,20,56,6282
16648,MOB_EU_HUNTER_NPC_02390239,Europe (Constantinople),24,1083,0,593,77,140,24,24,73,73,2,0,normal,1,3,20,56,6283
16649,MOB_EU_HUNTER_NPC_02400240,Europe (Constantinople),24,1083,0,593,77,140,24,24,73,73,2,0,normal,1,3,20,56,6284
5871,MOB_EU_KERBEROS,Europe (Constantinople),24,693072,0,569630,52,70,24,24,73,73,2,3,unique_notice,1,1,30,96,1741
26666,MOB_EU_KERBEROS_L2,Europe (Constantinople),24,6930722,0,2278519,52,70,24,24,73,73,2,3,unique_notice,1,1,30,96,13472
23307,MOB_EU_KERBEROS_L3,Europe (Constantinople),24,2079217,0,1139259,52,70,24,24,73,73,2,3,unique_notice,1,1,30,96,12756
15240,MOB_EU_THIEF_NPC_02310231,Europe (Constantinople),24,1347,0,593,87,124,24,24,73,73,2,0,normal,1,3,20,58,4875
15241,MOB_EU_THIEF_NPC_02320232,Europe (Constantinople),24,1347,0,593,87,124,24,24,73,73,2,0,normal,1,3,20,58,4876
15242,MOB_EU_THIEF_NPC_02330233,Europe (Constantinople),24,1347,0,593,87,124,24,24,73,73,2,0,normal,1,3,20,58,4877
15243,MOB_EU_THIEF_NPC_02340234,Europe (Constantinople),24,1215,0,593,82,132,24,24,73,73,2,0,normal,1,3,20,62,4878
15244,MOB_EU_THIEF_NPC_02350235,Europe (Constantinople),24,1083,0,593,82,132,24,24,73,73,2,0,normal,1,3,20,310,4879
15245,MOB_EU_THIEF_NPC_02360236,Europe (Constantinople),24,1083,0,593,77,140,24,24,73,73,2,0,normal,1,3,20,56,4880
15247,MOB_EU_THIEF_NPC_02380238,Europe (Constantinople),24,1083,0,593,77,140,24,24,73,73,2,0,normal,1,3,20,56,4882
15248,MOB_EU_THIEF_NPC_02390239,Europe (Constantinople),24,1083,0,593,77,140,24,24,73,73,2,0,normal,1,3,20,56,4883
15249,MOB_EU_THIEF_NPC_02400240,Europe (Constantinople),24,1083,0,593,77,140,24,24,73,73,2,0,normal,1,3,20,56,4884
26850,MOB_EVE_STRONG_AM_WOLF_CLON,Evenement,24,1347,0,593,59,175,24,24,73,73,2,7,7,1,1,11,55,13656
28821,MOB_EV_WINTER_PRINCESS_24,Evenement,24,2079217,0,1139259,59,175,24,24,73,73,2,3,unique_notice,1,3,20,120,15595
28813,MOB_EV_WINTER_WHITEKNIGHT_24,Evenement,24,346536,0,569630,59,175,24,24,73,73,2,3,unique_notice,1,3,30,180,15587
22542,MOB_FW_BATTLEGOLEM_024,Forteresse (guerre de forteresse),24,1386144,0,1139259,92,116,24,24,73,73,2,3,unique_notice,1,3,42,56,12096
22122,MOB_FW_HYEONGCHEON_024,Forteresse (guerre de forteresse),24,1293542,0,854445,82,132,24,24,73,73,2,3,unique_notice,1,3,23,74,11676
22262,MOB_FW_MUJIGI_024,Forteresse (guerre de forteresse),24,1039608,0,854445,82,132,24,24,73,73,2,3,unique_notice,1,3,38,143,11816
21422,MOB_FW_TAESE_024,Forteresse (guerre de forteresse),24,1724723,0,1139259,92,116,24,24,73,73,2,3,unique_notice,1,3,10,34,10976
7815,MOB_HUNTER_NPC_02310231,AUTRE,24,1347,0,593,82,132,24,24,73,73,2,0,normal,1,3,20,53,2348
7817,MOB_HUNTER_NPC_02330233,AUTRE,24,1347,0,593,82,132,24,24,73,73,2,0,normal,1,3,20,54,2350
7818,MOB_HUNTER_NPC_02340234,AUTRE,24,1347,0,593,77,140,24,24,73,73,2,0,normal,1,3,20,56,2351
7819,MOB_HUNTER_NPC_02350235,AUTRE,24,1083,0,593,82,132,24,24,73,73,2,0,normal,1,3,20,62,2352
7820,MOB_HUNTER_NPC_02360236,AUTRE,24,1347,0,593,87,124,24,24,73,73,2,0,normal,1,3,20,53,2353
7821,MOB_HUNTER_NPC_02370237,AUTRE,24,1347,0,593,82,132,24,24,73,73,2,0,normal,1,3,20,53,2354
7821,MOB_HUNTER_NPC_02370237,AUTRE,24,1347,0,593,82,132,24,24,73,73,2,0,normal,1,3,20,53,2354
7822,MOB_HUNTER_NPC_02380238,AUTRE,24,1083,0,593,77,140,24,24,73,73,2,0,normal,1,3,20,54,2355
7823,MOB_HUNTER_NPC_02390239,AUTRE,24,1347,0,593,82,132,24,24,73,73,2,0,normal,1,3,20,56,2356
7824,MOB_HUNTER_NPC_02400240,AUTRE,24,1215,0,593,87,124,24,24,73,73,2,0,normal,1,3,20,62,2357
14907,MOB_QT_01_KERBEROS,Tombe de Qin-Shi (clones/quete),24,693072,0,569630,64,116,24,24,73,73,2,0,normal,1,1,23,96,4542
2456,MOB_THIEF_NPC_01350235,Evenement caravan/thief,24,1083,0,593,82,132,24,16777240,73,73,2,0,normal,1,3,20,62,473
2452,MOB_THIEF_NPC_02310231,Evenement caravan/thief,24,1347,0,593,82,132,24,24,73,73,2,0,normal,1,3,20,53,469
2453,MOB_THIEF_NPC_02320232,Evenement caravan/thief,24,1083,0,593,87,124,24,24,73,73,2,0,normal,1,3,20,53,470
2454,MOB_THIEF_NPC_02330233,Evenement caravan/thief,24,1347,0,593,82,132,24,24,73,73,2,0,normal,1,3,20,310,471
2455,MOB_THIEF_NPC_02340234,Evenement caravan/thief,24,1347,0,593,77,140,24,24,73,73,2,0,normal,1,3,20,56,472
2457,MOB_THIEF_NPC_02360236,Evenement caravan/thief,24,1347,0,593,87,124,24,24,73,73,2,0,normal,1,3,20,53,474
2458,MOB_THIEF_NPC_02370237,Evenement caravan/thief,24,1347,0,593,82,132,24,24,73,73,2,0,normal,1,3,20,53,475
2459,MOB_THIEF_NPC_02380238,Evenement caravan/thief,24,1083,0,593,77,140,24,24,73,73,2,0,normal,1,3,20,54,476
2460,MOB_THIEF_NPC_02390239,Evenement caravan/thief,24,1347,0,593,82,132,24,24,73,73,2,0,normal,1,3,20,56,477
2461,MOB_THIEF_NPC_02400240,Evenement caravan/thief,24,1215,0,593,87,124,24,24,73,73,2,0,normal,1,3,20,62,478
2098,MOB_WC_HYUNGNO_CLON,Chine de l'Ouest (Donwhang-Hotan),24,1347,0,593,77,140,24,24,73,73,2,0,normal,1,0,10,55,189
24036,MOV_EV_PENGUIN_A_024,AUTRE,24,3179,0,2372,95,153,24,24,73,73,2,0,normal,1,0,50,75,13311
3812,MOB,AUTRE,25,1433,0,210,87,140,25,25,75,75,2,0,normal,1,0,15,55,1663
14929,MOB_AM_WMLF,Asia Minor (zone AM),25,1433,0,629,92,132,25,25,75,75,2,0,normal,1,1,11,55,4564
16650,MOB_EU_HUNTER_NPC_02410241,Europe (Constantinople),25,1149,0,629,92,132,25,25,75,75,2,0,normal,1,3,20,58,6285
16651,MOB_EU_HUNTER_NPC_02420242,Europe (Constantinople),25,1433,0,629,92,132,25,25,75,75,2,0,normal,1,3,20,58,6286
16652,MOB_EU_HUNTER_NPC_02430243,Europe (Constantinople),25,1433,0,629,92,132,25,25,75,75,2,0,normal,1,3,20,58,6287
16653,MOB_EU_HUNTER_NPC_02440244,Europe (Constantinople),25,1291,0,629,87,140,25,25,75,75,2,0,normal,1,3,20,63,6288
16654,MOB_EU_HUNTER_NPC_02450245,Europe (Constantinople),25,1149,0,629,87,140,25,25,75,75,2,0,normal,1,3,20,54,6289
16655,MOB_EU_HUNTER_NPC_02460246,Europe (Constantinople),25,1149,0,629,82,148,25,25,75,75,2,0,normal,1,3,20,56,6290
16656,MOB_EU_HUNTER_NPC_02470247,Europe (Constantinople),25,1149,0,629,82,148,25,25,75,75,2,0,normal,1,3,20,56,6291
16657,MOB_EU_HUNTER_NPC_02480248,Europe (Constantinople),25,1149,0,629,82,148,25,25,75,75,2,0,normal,1,3,20,56,6292
16658,MOB_EU_HUNTER_NPC_02490249,Europe (Constantinople),25,1149,0,629,82,148,25,25,75,75,2,0,normal,1,3,20,56,6293
16659,MOB_EU_HUNTER_NPC_02500250,Europe (Constantinople),25,1149,0,629,82,148,25,25,75,75,2,0,normal,1,3,20,56,6294
15250,MOB_EU_THIEF_NPC_02410241,Europe (Constantinople),25,1433,0,629,92,132,25,25,75,75,2,0,normal,1,3,20,58,4885
15251,MOB_EU_THIEF_NPC_02420242,Europe (Constantinople),25,1433,0,629,92,132,25,25,75,75,2,0,normal,1,3,20,58,4886
15252,MOB_EU_THIEF_NPC_02430243,Europe (Constantinople),25,1433,0,629,92,132,25,25,75,75,2,0,normal,1,3,20,58,4887
15254,MOB_EU_THIEF_NPC_02450245,Europe (Constantinople),25,1149,0,629,87,140,25,16777241,75,75,2,0,normal,1,3,20,54,4889
15255,MOB_EU_THIEF_NPC_02460246,Europe (Constantinople),25,1149,0,629,82,148,25,25,75,75,2,0,normal,1,3,20,56,4890
15256,MOB_EU_THIEF_NPC_02470247,Europe (Constantinople),25,1149,0,629,82,148,25,25,75,75,2,0,normal,1,3,20,56,4891
15257,MOB_EU_THIEF_NPC_02480248,Europe (Constantinople),25,1149,0,629,82,148,25,25,75,75,2,0,normal,1,3,20,56,4892
15258,MOB_EU_THIEF_NPC_02490249,Europe (Constantinople),25,1149,0,629,82,148,25,25,75,75,2,0,normal,1,3,20,56,4893
34054,MOB_EVE_ANGRY_TAHOMET02,Evenement,25,1239495,0,301904,82,148,25,25,75,75,2,3,unique_notice,0,3,23,75,17687
34044,MOB_EVE_HAPPY_TIGERWOMAN02,Evenement,25,1102905,0,301904,87,140,25,25,75,75,2,3,unique_notice,0,0,20,90,17677
26851,MOB_EVE_STRONG_WC_DEMONHORSE,Evenement,25,1291,0,629,64,184,25,25,75,75,2,7,7,1,0,15,75,13657
24339,MOB_EV_BEAR_25,Evenement,25,43003,0,26417,87,140,25,25,75,75,2,0,normal,1,0,50,75,13450
23432,MOB_EV_WOLF,Evenement,25,43003,0,26417,87,140,25,25,75,75,2,0,normal,1,0,50,75,12775
22543,MOB_FW_BATTLEGOLEM_025,Forteresse (guerre de forteresse),25,1470540,0,1207615,98,124,25,25,75,75,2,3,unique_notice,1,3,42,56,12097
22263,MOB_FW_MUJIGI_025,Forteresse (guerre de forteresse),25,1102905,0,905711,87,140,25,25,75,75,2,3,unique_notice,1,3,38,141,11817
21423,MOB_FW_TAESE_025,Forteresse (guerre de forteresse),25,1834781,0,1207615,98,124,25,25,75,75,2,3,unique_notice,1,3,10,34,10977
7825,MOB_HUNTER_NPC_02410241,AUTRE,25,1149,0,629,87,140,25,25,75,75,2,0,normal,1,3,20,53,2358
7826,MOB_HUNTER_NPC_02420242,AUTRE,25,1433,0,629,82,148,25,25,75,75,2,0,normal,1,3,20,53,2359
7827,MOB_HUNTER_NPC_02430243,AUTRE,25,1433,0,629,87,140,25,25,75,75,2,0,normal,1,3,20,54,2360
7828,MOB_HUNTER_NPC_02440244,AUTRE,25,1149,0,629,92,132,25,25,75,75,2,0,normal,1,3,20,56,2361
7829,MOB_HUNTER_NPC_02450245,AUTRE,25,1291,0,629,87,140,25,25,75,75,2,0,normal,1,3,20,63,2362
7831,MOB_HUNTER_NPC_02470247,AUTRE,25,1149,0,629,87,140,25,25,75,75,2,0,normal,1,3,20,53,2364
7832,MOB_HUNTER_NPC_02480248,AUTRE,25,1433,0,629,92,132,25,25,75,75,2,0,normal,1,3,20,54,2365
7833,MOB_HUNTER_NPC_02490249,AUTRE,25,1433,0,629,87,140,25,25,75,75,2,0,normal,1,3,20,56,2366
7834,MOB_HUNTER_NPC_02500250,AUTRE,25,1149,0,629,82,148,25,25,75,75,2,0,normal,1,3,20,63,2367
2462,MOB_THIEF_NPC_02410241,Evenement caravan/thief,25,1149,0,629,87,140,25,25,75,75,2,0,normal,1,3,20,53,479
2464,MOB_THIEF_NPC_02430243,Evenement caravan/thief,25,1433,0,629,87,140,25,25,75,75,2,0,normal,1,3,20,54,481
2465,MOB_THIEF_NPC_02440244,Evenement caravan/thief,25,1149,0,629,92,132,25,25,75,75,2,0,normal,1,3,20,56,482
2466,MOB_THIEF_NPC_02450245,Evenement caravan/thief,25,1291,0,629,87,140,25,25,75,75,2,0,normal,1,3,20,63,483
2467,MOB_THIEF_NPC_02460246,Evenement caravan/thief,25,1433,0,629,82,148,25,25,75,75,2,0,normal,1,3,20,53,484
2468,MOB_THIEF_NPC_02470247,Evenement caravan/thief,25,1149,0,629,87,140,25,25,75,75,2,0,normal,1,3,20,53,485
2469,MOB_THIEF_NPC_02480248,Evenement caravan/thief,25,1433,0,629,92,132,25,25,75,75,2,0,normal,1,3,20,54,486
2470,MOB_THIEF_NPC_02490249,Evenement caravan/thief,25,1433,0,629,87,140,25,25,75,75,2,0,normal,1,3,20,312,487
2471,MOB_THIEF_NPC_02500250,Evenement caravan/thief,25,1149,0,629,82,148,25,25,75,75,2,0,normal,1,3,20,63,488
1968,MOB_WC_DEMONHORSE,Chine de l'Ouest (Donwhang-Hotan),25,1291,0,629,87,140,25,25,75,75,2,0,normal,1,0,15,75,62
3923,MOB_WC_STRONG_DEMONHORSE,Chine de l'Ouest (Donwhang-Hotan),25,38734,0,13208,87,140,25,25,75,75,2,0,normal,1,0,15,75,1699
24037,MOV_EV_PENGUIN_A_025,AUTRE,25,3358,0,2516,101,161,25,25,75,75,2,0,normal,1,0,50,75,13312
14930,MOB_AM_ARCHER_CLON,Asia Minor (zone AM),26,1217,0,667,87,157,26,26,77,77,2,0,normal,1,1,12,55,4565
16660,MOB_EU_HUNTER_NPC_02510251,Europe (Constantinople),26,1217,0,667,98,140,26,26,77,77,2,0,normal,1,3,20,59,6295
16661,MOB_EU_HUNTER_NPC_02520252,Europe (Constantinople),26,1522,0,667,98,140,26,26,77,77,2,0,normal,1,3,20,59,6296
16662,MOB_EU_HUNTER_NPC_02530253,Europe (Constantinople),26,1522,0,667,98,140,26,26,77,77,2,0,normal,1,3,20,59,6297
16663,MOB_EU_HUNTER_NPC_02540254,Europe (Constantinople),26,1370,0,667,92,148,26,26,77,77,2,0,normal,1,3,20,63,6298
16664,MOB_EU_HUNTER_NPC_02550255,Europe (Constantinople),26,1217,0,667,92,148,26,26,77,77,2,0,normal,1,3,20,54,6299
16665,MOB_EU_HUNTER_NPC_02560256,Europe (Constantinople),26,1217,0,667,87,157,26,26,77,77,2,0,normal,1,3,20,56,6300
16667,MOB_EU_HUNTER_NPC_02580258,Europe (Constantinople),26,1217,0,667,87,157,26,26,77,77,2,0,normal,1,3,20,56,6302
16668,MOB_EU_HUNTER_NPC_02590259,Europe (Constantinople),26,1217,0,667,87,157,26,26,77,77,2,0,normal,1,3,20,56,6303
16669,MOB_EU_HUNTER_NPC_02600260,Europe (Constantinople),26,1217,0,667,87,157,26,26,77,77,2,0,normal,1,3,20,56,6304
15260,MOB_EU_THIEF_NPC_02510251,Europe (Constantinople),26,1522,0,667,98,140,26,26,77,77,2,0,normal,1,3,20,59,4895
15261,MOB_EU_THIEF_NPC_02520152,Europe (Constantinople),26,1522,0,667,98,140,26,26,77,77,2,0,normal,1,3,20,59,4896
15262,MOB_EU_THIEF_NPC_02530253,Europe (Constantinople),26,1522,0,667,98,140,26,26,77,77,2,0,normal,1,3,20,59,4897
15263,MOB_EU_THIEF_NPC_02540254,Europe (Constantinople),26,1370,0,667,92,148,26,26,77,77,2,0,normal,1,3,20,63,4898
15264,MOB_EU_THIEF_NPC_02550255,Europe (Constantinople),26,1217,0,667,92,148,26,26,77,77,2,0,normal,1,3,20,54,4899
15265,MOB_EU_THIEF_NPC_02560256,Europe (Constantinople),26,1217,0,667,87,157,26,26,77,77,2,0,normal,1,3,20,56,4900
15266,MOB_EU_THIEF_NPC_02570257,Europe (Constantinople),26,1217,0,667,87,157,26,26,77,77,2,0,normal,1,3,20,56,4901
15267,MOB_EU_THIEF_NPC_02580258,Europe (Constantinople),26,1217,0,667,87,157,26,26,77,77,2,0,normal,1,3,20,56,4902
15268,MOB_EU_THIEF_NPC_02590259,Europe (Constantinople),26,1217,0,667,87,157,26,26,77,77,2,0,normal,1,3,20,56,4903
15269,MOB_EU_THIEF_NPC_02600260,Europe (Constantinople),26,1217,0,667,87,157,26,26,77,77,2,0,normal,1,3,20,56,4904
26852,MOB_EVE_STRONG_AM_ARCHER_CLON,Evenement,26,1217,0,667,68,194,26,26,77,77,2,7,7,1,1,12,55,13658
22544,MOB_FW_BATTLEGOLEM_026,Forteresse (guerre de forteresse),26,1557757,0,1280072,103,132,26,26,77,77,2,3,unique_notice,1,3,42,56,12098
22124,MOB_FW_HYEONGCHEON_026,Forteresse (guerre de forteresse),26,1461413,0,960054,92,148,26,26,77,77,2,3,unique_notice,1,3,23,74,11678
22264,MOB_FW_MUJIGI_026,Forteresse (guerre de forteresse),26,1168318,0,960054,92,148,26,26,77,77,2,3,unique_notice,1,3,38,143,11818
21424,MOB_FW_TAESE_026,Forteresse (guerre de forteresse),26,1948551,0,1280072,103,132,26,26,77,77,2,3,unique_notice,1,3,10,34,10978
7835,MOB_HUNTER_NPC_02510251,AUTRE,26,1522,0,667,92,148,26,26,77,77,2,0,normal,1,3,20,53,2368
7836,MOB_HUNTER_NPC_02520252,AUTRE,26,1522,0,667,98,140,26,16777242,77,77,2,0,normal,1,3,20,53,2369
7837,MOB_HUNTER_NPC_02530253,AUTRE,26,1217,0,667,92,148,26,26,77,77,2,0,normal,1,3,20,54,2370
7838,MOB_HUNTER_NPC_02540254,AUTRE,26,1522,0,667,87,157,26,26,77,77,2,0,normal,1,3,20,56,2371
7839,MOB_HUNTER_NPC_02550255,AUTRE,26,1370,0,667,92,148,26,26,77,77,2,0,normal,1,3,20,63,2372
7840,MOB_HUNTER_NPC_02560256,AUTRE,26,1217,0,667,98,140,26,26,77,77,2,0,normal,1,3,20,53,2373
7841,MOB_HUNTER_NPC_02570257,AUTRE,26,1522,0,667,92,148,26,26,77,77,2,0,normal,1,3,20,53,2374
7842,MOB_HUNTER_NPC_02580258,AUTRE,26,1522,0,667,87,157,26,26,77,77,2,0,normal,1,3,20,54,2375
7843,MOB_HUNTER_NPC_02590259,AUTRE,26,1217,0,667,92,148,26,26,77,77,2,0,normal,1,3,20,56,2376
7844,MOB_HUNTER_NPC_02600260,AUTRE,26,1370,0,667,98,140,26,26,77,77,2,0,normal,1,3,20,63,2377
14911,MOB_QT_01_CRAB,Tombe de Qin-Shi (clones/quete),26,30446,0,3334,87,157,26,26,77,77,2,0,normal,1,1,19,28,4546
2472,MOB_THIEF_NPC_01510251,Evenement caravan/thief,26,1522,0,667,92,148,26,26,77,77,2,0,normal,1,3,20,53,489
2473,MOB_THIEF_NPC_02520252,Evenement caravan/thief,26,1522,0,667,98,140,26,26,77,77,2,0,normal,1,3,20,53,490
2474,MOB_THIEF_NPC_02530253,Evenement caravan/thief,26,1217,0,667,92,148,26,26,77,77,2,0,normal,1,3,20,54,491
2475,MOB_THIEF_NPC_02540254,Evenement caravan/thief,26,1522,0,667,87,157,26,26,77,77,2,0,normal,1,3,20,56,492
2476,MOB_THIEF_NPC_02550255,Evenement caravan/thief,26,1370,0,667,92,148,26,26,77,77,2,0,normal,1,3,20,63,493
2477,MOB_THIEF_NPC_02560256,Evenement caravan/thief,26,1217,0,667,98,140,26,26,77,77,2,0,normal,1,3,20,53,494
2478,MOB_THIEF_NPC_02570257,Evenement caravan/thief,26,1522,0,667,92,148,26,26,77,77,2,0,normal,1,3,20,53,495
2480,MOB_THIEF_NPC_02590259,Evenement caravan/thief,26,1217,0,667,92,148,26,16777242,77,77,2,0,normal,1,3,20,56,497
2481,MOB_THIEF_NPC_02600260,Evenement caravan/thief,26,1370,0,667,98,140,26,26,77,77,2,0,normal,1,3,20,63,498
1967,MOB_WC_DEMONHORSE_CLON,Chine de l'Ouest (Donwhang-Hotan),26,1370,0,667,92,148,26,26,77,77,2,0,normal,1,0,15,75,61
24038,MOV_EV_PENGUIN_A_026,AUTRE,26,3544,0,2668,106,169,26,16777242,77,77,2,0,normal,1,0,50,75,13313
7848,MMB_HUNTER_NPC_02640264,AUTRE,27,1614,0,707,103,148,27,27,79,79,2,0,normal,1,3,20,57,2381
14931,MOB_AM_ARCHER,Asia Minor (zone AM),27,1287,0,707,92,165,27,27,79,79,2,0,normal,1,1,12,55,4566
16676,MOB_EU_HUNTER_NPC_01670267,Europe (Constantinople),27,1287,0,707,92,165,27,27,79,79,2,0,normal,1,3,20,57,6311
16670,MOB_EU_HUNTER_NPC_02610261,Europe (Constantinople),27,1287,0,707,103,148,27,16777243,79,79,2,0,normal,1,3,20,59,6305
16671,MOB_EU_HUNTER_NPC_02620262,Europe (Constantinople),27,1614,0,707,103,148,27,27,79,79,2,0,normal,1,3,20,59,6306
16672,MOB_EU_HUNTER_NPC_02630263,Europe (Constantinople),27,1614,0,707,103,148,27,27,79,79,2,0,normal,1,3,20,59,6307
16673,MOB_EU_HUNTER_NPC_02640264,Europe (Constantinople),27,1451,0,707,98,157,27,27,79,79,2,0,normal,1,3,20,64,6308
16675,MOB_EU_HUNTER_NPC_02660266,Europe (Constantinople),27,1287,0,707,92,165,27,27,79,79,2,0,normal,1,3,20,57,6310
16677,MOB_EU_HUNTER_NPC_02680268,Europe (Constantinople),27,1287,0,707,92,165,27,27,79,79,2,0,normal,1,3,20,57,6312
16678,MOB_EU_HUNTER_NPC_02690269,Europe (Constantinople),27,1287,0,707,92,165,27,27,79,79,2,0,normal,1,3,20,57,6313
16679,MOB_EU_HUNTER_NPC_02700270,Europe (Constantinople),27,1287,0,707,92,165,27,27,79,79,2,0,normal,1,3,20,57,6314
15270,MOB_EU_THIEF_NPC_02610261,Europe (Constantinople),27,1614,0,707,103,148,27,27,79,79,2,0,normal,1,3,20,59,4905
15271,MOB_EU_THIEF_NPC_02620262,Europe (Constantinople),27,1614,0,707,103,148,27,27,79,79,2,0,normal,1,3,20,59,4906
15272,MOB_EU_THIEF_NPC_02630263,Europe (Constantinople),27,1614,0,707,103,148,27,27,79,79,2,0,normal,1,3,20,59,4907
15273,MOB_EU_THIEF_NPC_02640264,Europe (Constantinople),27,1451,0,707,98,157,27,27,79,79,2,0,normal,1,3,20,64,4908
15274,MOB_EU_THIEF_NPC_02650265,Europe (Constantinople),27,1287,0,707,98,157,27,27,79,79,2,0,normal,1,3,20,55,4909
15275,MOB_EU_THIEF_NPC_02660266,Europe (Constantinople),27,1287,0,707,92,165,27,27,79,79,2,0,normal,1,3,20,313,4910
15276,MOB_EU_THIEF_NPC_02670267,Europe (Constantinople),27,1287,0,707,92,165,27,27,79,79,2,0,normal,1,3,20,57,4911
15277,MOB_EU_THIEF_NPC_02680268,Europe (Constantinople),27,1287,0,707,92,165,27,27,79,79,2,0,normal,1,3,20,57,4912
15278,MOB_EU_THIEF_NPC_02690269,Europe (Constantinople),27,1287,0,707,92,165,27,16777243,79,79,2,0,normal,1,3,20,57,4913
15279,MOB_EU_THIEF_NPC_02700270,Europe (Constantinople),27,1287,0,707,92,165,27,27,79,79,2,0,normal,1,3,20,57,4914
26853,MOB_EVE_STRONG_WC_EARTHGHOST,Evenement,27,1451,0,707,73,204,27,27,79,79,2,7,7,1,0,11,75,13659
22545,MOB_FW_BATTLEGOLEM_027,Forteresse (guerre de forteresse),27,1647874,0,1356876,109,140,27,27,79,79,2,3,unique_notice,1,3,42,56,12099
22125,MOB_FW_HYEONGCHEON_027,Forteresse (guerre de forteresse),27,1549604,0,1017657,98,157,27,27,79,79,2,3,unique_notice,1,3,23,74,11679
22265,MOB_FW_MUJIGI_027,Forteresse (guerre de forteresse),27,1235906,0,1017657,98,157,27,27,79,79,2,3,unique_notice,1,3,38,143,11819
21425,MOB_FW_TAESE_027,Forteresse (guerre de forteresse),27,2066139,0,1356876,109,140,27,27,79,79,2,3,unique_notice,1,3,10,34,10979
7845,MOB_HUNTER_NPC_02610261,AUTRE,27,1614,0,707,98,157,27,27,79,79,2,0,normal,1,3,20,53,2378
7846,MOB_HUNTER_NPC_02620262,AUTRE,27,1287,0,707,92,165,27,27,79,79,2,0,normal,1,3,20,53,2379
7847,MOB_HUNTER_NPC_02630263,AUTRE,27,1614,0,707,98,157,27,27,79,79,2,0,normal,1,3,20,55,2380
7849,MOB_HUNTER_NPC_02650265,AUTRE,27,1287,0,707,98,157,27,27,79,79,2,0,normal,1,3,20,64,2382
7850,MOB_HUNTER_NPC_02660266,AUTRE,27,1614,0,707,92,165,27,27,79,79,2,0,normal,1,3,20,53,2383
7851,MOB_HUNTER_NPC_02670267,AUTRE,27,1614,0,707,98,157,27,27,79,79,2,0,normal,1,3,20,53,2384
7852,MOB_HUNTER_NPC_02680268,AUTRE,27,1287,0,707,103,148,27,27,79,79,2,0,normal,1,3,20,55,2385
7853,MOB_HUNTER_NPC_02690269,AUTRE,27,1614,0,707,98,157,27,27,79,79,2,0,normal,1,3,20,57,2386
7853,MOB_HUNTER_NPC_02690269,AUTRE,27,1614,0,707,98,157,27,27,79,79,2,0,normal,1,3,20,57,2386
7854,MOB_HUNTER_NPC_02700270,AUTRE,27,1451,0,707,92,165,27,27,79,79,2,0,normal,1,3,20,64,2387
2489,MOB_THIEF_NPC_01680268,Evenement caravan/thief,27,1287,0,707,103,148,27,27,79,79,2,0,normal,1,3,20,55,506
2482,MOB_THIEF_NPC_02610261,Evenement caravan/thief,27,1614,0,707,98,157,27,27,79,79,2,0,normal,1,3,20,53,499
2483,MOB_THIEF_NPC_02620262,Evenement caravan/thief,27,1287,0,707,92,165,27,27,79,79,2,0,normal,1,3,20,53,500
2484,MOB_THIEF_NPC_02630263,Evenement caravan/thief,27,1614,0,707,98,157,27,27,79,79,2,0,normal,1,3,20,55,501
2485,MOB_THIEF_NPC_02640264,Evenement caravan/thief,27,1614,0,707,103,148,27,27,79,79,2,0,normal,1,3,20,57,502
2486,MOB_THIEF_NPC_02650265,Evenement caravan/thief,27,1287,0,707,98,157,27,27,79,79,2,0,normal,1,3,20,64,503
2487,MOB_THIEF_NPC_02660266,Evenement caravan/thief,27,1614,0,707,92,165,27,27,79,79,2,0,normal,1,3,20,309,504
2488,MOB_THIEF_NPC_02670267,Evenement caravan/thief,27,1614,0,707,98,157,27,27,79,79,2,0,normal,1,3,20,53,505
2490,MOB_THIEF_NPC_02690269,Evenement caravan/thief,27,1614,0,707,98,157,27,27,79,79,2,0,normal,1,3,20,57,507
2491,MOB_THIEF_NPC_02700270,Evenement caravan/thief,27,1451,0,707,92,165,27,27,79,79,2,0,normal,1,3,20,64,508
1963,MOB_WC_EARTHGHOST,Chine de l'Ouest (Donwhang-Hotan),27,1451,0,707,103,148,27,27,79,79,2,0,normal,1,0,11,75,57
1964,MOB_WC_GUNPOWDERGHOST_CLON,Chine de l'Ouest (Donwhang-Hotan),27,1451,0,707,92,165,27,27,79,79,2,0,normal,1,0,11,75,58
3949,MOB_WC_STRONG_EARTHGHOST,Chine de l'Ouest (Donwhang-Hotan),27,43524,0,14841,103,148,27,27,79,79,2,0,normal,1,0,11,75,1714
24039,MOV_EV_PENGUIN_A_027,AUTRE,27,3735,0,2828,111,178,27,27,79,79,2,0,normal,1,0,50,75,13314
14933,MOB_AM_SOLDIER,Asia Minor (zone AM),28,1709,0,749,109,157,28,28,81,81,2,0,normal,1,1,12,27,4568
16680,MOB_EU_HUNTER_NPC_02710271,Europe (Constantinople),28,1360,0,749,109,157,28,28,81,81,2,0,normal,1,3,20,59,6315
16681,MOB_EU_HUNTER_NPC_02720272,Europe (Constantinople),28,1709,0,749,109,157,28,28,81,81,2,0,normal,1,3,20,59,6316
16682,MOB_EU_HUNTER_NPC_02730273,Europe (Constantinople),28,1709,0,749,109,157,28,28,81,81,2,0,normal,1,3,20,59,6317
16683,MOB_EU_HUNTER_NPC_02740274,Europe (Constantinople),28,1535,0,749,103,165,28,28,81,81,2,0,normal,1,3,20,64,6318
16684,MOB_EU_HUNTER_NPC_02750275,Europe (Constantinople),28,1360,0,749,103,165,28,28,81,81,2,0,normal,1,3,20,55,6319
16685,MOB_EU_HUNTER_NPC_02760276,Europe (Constantinople),28,1360,0,749,98,175,28,28,81,81,2,0,normal,1,3,20,57,6320
16686,MOB_EU_HUNTER_NPC_02770277,Europe (Constantinople),28,1360,0,749,98,175,28,28,81,81,2,0,normal,1,3,20,57,6321
16687,MOB_EU_HUNTER_NPC_02780278,Europe (Constantinople),28,1360,0,749,98,175,28,28,81,81,2,0,normal,1,3,20,57,6322
16688,MOB_EU_HUNTER_NPC_02790279,Europe (Constantinople),28,1360,0,749,98,175,28,28,81,81,2,0,normal,1,3,20,57,6323
16689,MOB_EU_HUNTER_NPC_02800280,Europe (Constantinople),28,1360,0,749,98,175,28,28,81,81,2,0,normal,1,3,20,57,6324
15280,MOB_EU_THIEF_NPC_02710271,Europe (Constantinople),28,1709,0,749,109,157,28,28,81,81,2,0,normal,1,3,20,59,4915
15281,MOB_EU_THIEF_NPC_02720272,Europe (Constantinople),28,1709,0,749,109,157,28,28,81,81,2,0,normal,1,3,20,59,4916
15282,MOB_EU_THIEF_NPC_02730273,Europe (Constantinople),28,1709,0,749,109,157,28,28,81,81,2,0,normal,1,3,20,59,4917
15283,MOB_EU_THIEF_NPC_02740274,Europe (Constantinople),28,1535,0,749,103,165,28,28,81,81,2,0,normal,1,3,20,64,4918
15285,MOB_EU_THIEF_NPC_02760276,Europe (Constantinople),28,1360,0,749,98,175,28,28,81,81,2,0,normal,1,3,20,57,4920
15286,MOB_EU_THIEF_NPC_02770277,Europe (Constantinople),28,1360,0,749,98,175,28,28,81,81,2,0,normal,1,3,20,57,4921
15287,MOB_EU_THIEF_NPC_02780278,Europe (Constantinople),28,1360,0,749,98,175,28,28,81,81,2,0,normal,1,3,20,57,4922
15288,MOB_EU_THIEF_NPC_02790279,Europe (Constantinople),28,1360,0,749,98,175,28,28,81,81,2,0,normal,1,3,20,57,4923
15289,MOB_EU_THIEF_NPC_02800280,Europe (Constantinople),28,1360,0,749,98,175,28,28,81,81,2,0,normal,1,3,20,57,4924
26855,MOB_EVE_STRONG_AM_SOLDIER,Evenement,28,1535,0,749,77,214,28,28,81,81,2,7,7,1,1,12,75,13661
26854,MOB_EVE_STRONG_WC_EARTHGHOST_CLON,Evenement,28,1709,0,749,77,214,28,28,81,81,2,7,7,1,0,11,27,13660
22126,MOB_FU_HYEONGCHEON_028,AUTRE,28,1640737,0,1078717,103,165,28,28,81,81,2,3,unique_notice,1,3,23,74,11680
22546,MOB_FW_BATTLEGOLEM_028,Forteresse (guerre de forteresse),28,1740973,0,1438289,115,148,28,28,81,81,2,3,unique_notice,1,3,42,56,12100
22266,MOB_FW_MUJIGI_028,Forteresse (guerre de forteresse),28,1305730,0,1078717,103,165,28,28,81,81,2,3,unique_notice,1,3,38,143,11820
21426,MOB_FW_TAESE_028,Forteresse (guerre de forteresse),28,2187650,0,1438289,115,148,28,28,81,81,2,3,unique_notice,1,3,10,34,10980
7855,MOB_HUNTER_NPC_02710271,AUTRE,28,1360,0,749,103,165,28,28,81,81,2,0,normal,1,3,20,54,2388
7856,MOB_HUNTER_NPC_02720272,AUTRE,28,1709,0,749,109,157,28,28,81,81,2,0,normal,1,3,20,54,2389
7857,MOB_HUNTER_NPC_02730273,AUTRE,28,1709,0,749,103,165,28,28,81,81,2,0,normal,1,3,20,55,2390
7858,MOB_HUNTER_NPC_02740274,AUTRE,28,1360,0,749,98,175,28,28,81,81,2,0,normal,1,3,20,57,2391
7859,MOB_HUNTER_NPC_02750275,AUTRE,28,1535,0,749,103,165,28,28,81,81,2,0,normal,1,3,20,64,2392
7860,MOB_HUNTER_NPC_02760276,AUTRE,28,1709,0,749,109,157,28,16777244,81,81,2,0,normal,1,3,20,54,2393
7861,MOB_HUNTER_NPC_02770277,AUTRE,28,1360,0,749,103,165,28,28,81,81,2,0,normal,1,3,20,54,2394
7863,MOB_HUNTER_NPC_02790279,AUTRE,28,1709,0,749,103,165,28,28,81,81,2,0,normal,1,3,20,57,2396
7864,MOB_HUNTER_NPC_02800280,AUTRE,28,1360,0,749,109,157,28,28,81,81,2,0,normal,1,3,20,64,2397
2492,MOB_THIEF_NPC_02710271,Evenement caravan/thief,28,1360,0,749,103,165,28,28,81,81,2,0,normal,1,3,20,54,509
2493,MOB_THIEF_NPC_02720272,Evenement caravan/thief,28,1709,0,749,109,157,28,28,81,81,2,0,normal,1,3,20,54,510
2494,MOB_THIEF_NPC_02730273,Evenement caravan/thief,28,1709,0,749,103,165,28,28,81,81,2,0,normal,1,3,20,55,511
2495,MOB_THIEF_NPC_02740274,Evenement caravan/thief,28,1360,0,749,98,175,28,28,81,81,2,0,normal,1,3,20,57,512
2497,MOB_THIEF_NPC_02760276,Evenement caravan/thief,28,1709,0,749,109,157,28,28,81,81,2,0,normal,1,3,20,54,514
2498,MOB_THIEF_NPC_02770277,Evenement caravan/thief,28,1360,0,749,103,165,28,28,81,81,2,0,normal,1,3,20,54,515
2499,MOB_THIEF_NPC_02780278,Evenement caravan/thief,28,1709,0,749,98,175,28,28,81,81,2,0,normal,1,3,20,55,516
2500,MOB_THIEF_NPC_02790279,Evenement caravan/thief,28,1709,0,749,103,165,28,28,81,81,2,0,normal,1,3,20,57,517
2501,MOB_THIEF_NPC_02800280,Evenement caravan/thief,28,1360,0,749,109,157,28,28,81,81,2,0,normal,1,3,20,64,518
1962,MOB_WC_EARTHGHOST_CLON,Chine de l'Ouest (Donwhang-Hotan),28,1535,0,749,109,157,28,28,81,81,2,0,normal,1,0,11,75,56
1965,MOB_WC_GUNPOWDERGHOST,Chine de l'Ouest (Donwhang-Hotan),28,1535,0,749,98,175,28,28,81,81,2,0,normal,1,0,11,75,59
24040,MOV_EV_PENGUIN_A_028,AUTRE,28,3933,0,2996,117,187,28,28,81,81,2,0,normal,1,0,50,75,13315
14934,MOB_AM_PUNISHER_CLON,Asia Minor (zone AM),29,1807,0,794,109,175,29,29,83,83,2,0,normal,1,1,21,55,4569
16690,MOB_EU_HUNTER_NPC_02810281,Europe (Constantinople),29,1435,0,794,115,165,29,29,83,83,2,0,normal,1,3,20,60,6325
16691,MOB_EU_HUNTER_NPC_02820282,Europe (Constantinople),29,1807,0,794,115,165,29,29,83,83,2,0,normal,1,3,20,60,6326
16692,MOB_EU_HUNTER_NPC_02830283,Europe (Constantinople),29,1807,0,794,115,165,29,29,83,83,2,0,normal,1,3,20,60,6327
16693,MOB_EU_HUNTER_NPC_02840284,Europe (Constantinople),29,1621,0,794,109,175,29,29,83,83,2,0,normal,1,3,20,65,6328
16694,MOB_EU_HUNTER_NPC_02850285,Europe (Constantinople),29,1435,0,794,109,175,29,16777245,83,83,2,0,normal,1,3,20,55,6329
16695,MOB_EU_HUNTER_NPC_02860286,Europe (Constantinople),29,1435,0,794,103,184,29,29,83,83,2,0,normal,1,3,20,57,6330
16696,MOB_EU_HUNTER_NPC_02870287,Europe (Constantinople),29,1435,0,794,103,184,29,29,83,83,2,0,normal,1,3,20,57,6331
16698,MOB_EU_HUNTER_NPC_02890289,Europe (Constantinople),29,1435,0,794,103,184,29,29,83,83,2,0,normal,1,3,20,57,6333
16699,MOB_EU_HUNTER_NPC_02900290,Europe (Constantinople),29,1435,0,794,103,184,29,29,83,83,2,0,normal,1,3,20,57,6334
15291,MOB_EU_THIEF_NPC_02820282,Europe (Constantinople),29,1807,0,794,115,165,29,29,83,83,2,0,normal,1,3,20,60,4926
15292,MOB_EU_THIEF_NPC_02831283,Europe (Constantinople),29,1807,0,794,115,165,29,29,83,83,2,0,normal,1,3,20,60,4927
15293,MOB_EU_THIEF_NPC_02840284,Europe (Constantinople),29,1621,0,794,109,175,29,29,83,83,2,0,normal,1,3,20,65,4928
15294,MOB_EU_THIEF_NPC_02850285,Europe (Constantinople),29,1435,0,794,109,175,29,29,83,83,2,0,normal,1,3,20,55,4929
15295,MOB_EU_THIEF_NPC_02860286,Europe (Constantinople),29,1435,0,794,103,184,29,29,83,83,2,0,normal,1,3,20,57,4930
15296,MOB_EU_THIEF_NPC_02870287,Europe (Constantinople),29,1435,0,794,103,184,29,29,83,83,2,0,normal,1,3,20,57,4931
15297,MOB_EU_THIEF_NPC_02880288,Europe (Constantinople),29,1435,0,794,103,184,29,29,83,83,2,0,normal,1,3,20,57,4932
15298,MOB_EU_THIEF_NPC_02890289,Europe (Constantinople),29,1435,0,794,103,184,29,29,83,83,2,0,normal,1,3,20,57,4933
15299,MOB_EU_THIEF_NPC_02900290,Europe (Constantinople),29,1435,0,794,103,184,29,29,83,83,2,0,normal,1,3,20,57,4934
26856,MOB_EVE_STRONG_AM_PUNISHER_CLON,Evenement,29,1807,0,794,82,225,29,29,83,83,2,7,7,1,1,21,55,13662
22547,MOB_FW_BATTLEGOLEM_029,Forteresse (guerre de forteresse),29,1837137,0,1524586,121,157,29,29,83,83,2,3,unique_notice,1,3,42,56,12101
22127,MOB_FW_HYEONGCHEON_029,Forteresse (guerre de forteresse),29,1734896,0,1143440,109,175,29,16777245,83,83,2,3,unique_notice,1,3,23,74,11681
22267,MOB_FW_MUJIGI_029,Forteresse (guerre de forteresse),29,1377853,0,1143440,109,175,29,29,83,83,2,3,unique_notice,1,3,38,143,11821
7865,MOB_HUNTER_NPC_02810281,AUTRE,29,1807,0,794,109,175,29,29,83,83,2,0,normal,1,3,20,54,2398
7866,MOB_HUNTER_NPC_02820282,AUTRE,29,1807,0,794,103,184,29,29,83,83,2,0,normal,1,3,20,54,2399
7867,MOB_HUNTER_NPC_02830283,AUTRE,29,1435,0,794,109,175,29,29,83,83,2,0,normal,1,3,20,55,2400
7868,MOB_HUNTER_NPC_02840284,AUTRE,29,1807,0,794,115,165,29,29,83,83,2,0,normal,1,3,20,57,2401
7869,MOB_HUNTER_NPC_02850285,AUTRE,29,1621,0,794,109,175,29,29,83,83,2,0,normal,1,3,20,65,2402
7870,MOB_HUNTER_NPC_02860286,AUTRE,29,1435,0,794,103,184,29,29,83,83,2,0,normal,1,3,20,54,2403
7871,MOB_HUNTER_NPC_02870287,AUTRE,29,1807,0,794,109,175,29,29,83,83,2,0,normal,1,3,20,54,2404
7872,MOB_HUNTER_NPC_02880288,AUTRE,29,1807,0,794,115,165,29,29,83,83,2,0,normal,1,3,20,55,2405
7873,MOB_HUNTER_NPC_02890289,AUTRE,29,1435,0,794,109,175,29,29,83,83,2,0,normal,1,3,20,57,2406
7874,MOB_HUNTER_NPC_02900290,AUTRE,29,1621,0,794,103,184,29,29,83,83,2,0,normal,1,3,20,65,2407
14912,MOB_QT_01_ARCHER_CLON,Tombe de Qin-Shi (clones/quete),29,1435,0,265,103,184,29,54,83,83,2,0,normal,1,1,37,55,4547
2505,MOB_THIEF_NPC_01840284,Evenement caravan/thief,29,1807,0,794,115,165,29,29,83,83,2,0,normal,1,3,20,57,522
2502,MOB_THIEF_NPC_02810281,Evenement caravan/thief,29,1807,0,794,109,175,29,29,83,83,2,0,normal,1,3,20,54,519
2503,MOB_THIEF_NPC_02820282,Evenement caravan/thief,29,1807,0,794,103,184,29,29,83,83,2,0,normal,1,3,20,310,520
2504,MOB_THIEF_NPC_02830283,Evenement caravan/thief,29,1435,0,794,109,175,29,16777245,83,83,2,0,normal,1,3,20,55,521
2506,MOB_THIEF_NPC_02850285,Evenement caravan/thief,29,1621,0,794,109,175,29,29,83,83,2,0,normal,1,3,20,65,523
2507,MOB_THIEF_NPC_02860286,Evenement caravan/thief,29,1435,0,794,103,184,29,29,83,83,2,0,normal,1,3,20,54,524
2508,MOB_THIEF_NPC_02870287,Evenement caravan/thief,29,1807,0,794,109,175,29,29,83,83,2,0,normal,1,3,20,54,525
2509,MOB_THIEF_NPC_02880288,Evenement caravan/thief,29,1807,0,794,115,165,29,29,83,83,2,0,normal,1,3,20,55,526
2510,MOB_THIEF_NPC_02890289,Evenement caravan/thief,29,1435,0,794,109,175,29,29,83,83,2,0,normal,1,3,20,57,527
2511,MOB_THIEF_NPC_02900290,Evenement caravan/thief,29,1621,0,794,103,184,29,29,83,83,2,0,normal,1,3,20,65,528
1969,MOB_WC_HYEONGCHEON_CLON,Chine de l'Ouest (Donwhang-Hotan),29,1807,0,794,115,165,29,29,83,83,2,0,normal,1,0,12,35,63
24041,MOV_EV_PENGUIN_A_029,AUTRE,29,4137,0,3176,122,196,29,29,83,83,2,0,normal,1,0,50,75,13316
7880,MMB_HUNTER_NPC_02960296,AUTRE,30,1909,0,842,121,175,30,30,85,85,2,0,normal,1,3,20,54,2413
14936,MOB_AM,AUTRE,30,1094835,0,808031,115,184,30,30,85,85,2,3,unique_notice,1,1,20,75,4571
26667,MOB_AM_IVY_L2,Asia Minor (zone AM),30,10948346,0,3232123,115,184,30,30,85,85,2,3,unique_notice,1,1,20,75,13473
23308,MOB_AM_IVY_L3,Asia Minor (zone AM),30,3284504,0,1616061,115,184,30,30,85,85,2,3,unique_notice,1,1,20,75,12757
14935,MOB_AM_PUNISHER,Asia Minor (zone AM),30,1909,0,842,115,184,30,30,85,85,2,0,normal,1,1,21,55,4570
16707,MOB_EU_HUNTER_NPC_01980298,Europe (Constantinople),30,1513,0,842,109,194,30,30,85,85,2,0,normal,1,3,20,57,6342
16700,MOB_EU_HUNTER_NPC_02910291,Europe (Constantinople),30,1513,0,842,121,175,30,30,85,85,2,0,normal,1,3,20,60,6335
16701,MOB_EU_HUNTER_NPC_02920292,Europe (Constantinople),30,1909,0,842,121,175,30,30,85,85,2,0,normal,1,3,20,60,6336
16702,MOB_EU_HUNTER_NPC_02930293,Europe (Constantinople),30,1909,0,842,121,175,30,30,85,85,2,0,normal,1,3,20,60,6337
16703,MOB_EU_HUNTER_NPC_02940294,Europe (Constantinople),30,1711,0,842,115,184,30,30,85,85,2,0,normal,1,3,20,65,6338
16704,MOB_EU_HUNTER_NPC_02950295,Europe (Constantinople),30,1513,0,842,115,184,30,30,85,85,2,0,normal,1,3,20,55,6339
16705,MOB_EU_HUNTER_NPC_02960296,Europe (Constantinople),30,1513,0,842,109,194,30,30,85,85,2,0,normal,1,3,20,57,6340
16706,MOB_EU_HUNTER_NPC_02970297,Europe (Constantinople),30,1513,0,842,109,194,30,30,85,85,2,0,normal,1,3,20,57,6341
16708,MOB_EU_HUNTER_NPC_02990299,Europe (Constantinople),30,1513,0,842,109,194,30,30,85,85,2,0,normal,1,3,20,57,6343
16709,MOB_EU_HUNTER_NPC_03000300,Europe (Constantinople),30,1513,0,842,109,194,30,30,85,85,2,0,normal,1,3,20,57,6344
15300,MOB_EU_THIEF_NPC_02910291,Europe (Constantinople),30,1909,0,842,121,175,30,30,85,85,2,0,normal,1,3,20,60,4935
15301,MOB_EU_THIEF_NPC_02920292,Europe (Constantinople),30,1909,0,842,121,175,30,30,85,85,2,0,normal,1,3,20,60,4936
15302,MOB_EU_THIEF_NPC_02930293,Europe (Constantinople),30,1909,0,842,121,175,30,16777246,85,85,2,0,normal,1,3,20,60,4937
15303,MOB_EU_THIEF_NPC_02940294,Europe (Constantinople),30,1711,0,842,115,184,30,30,85,85,2,0,normal,1,3,20,65,4938
15304,MOB_EU_THIEF_NPC_02950295,Europe (Constantinople),30,1513,0,842,115,184,30,30,85,85,2,0,normal,1,3,20,55,4939
15305,MOB_EU_THIEF_NPC_02960296,Europe (Constantinople),30,1513,0,842,109,194,30,30,85,85,2,0,normal,1,3,20,57,4940
15306,MOB_EU_THIEF_NPC_02970297,Europe (Constantinople),30,1513,0,842,109,194,30,30,85,85,2,0,normal,1,3,20,313,4941
15307,MOB_EU_THIEF_NPC_02980298,Europe (Constantinople),30,1513,0,842,109,194,30,30,85,85,2,0,normal,1,3,20,57,4942
15309,MOB_EU_THIEF_NPC_03000300,Europe (Constantinople),30,1513,0,842,109,194,30,30,85,85,2,0,normal,1,3,20,57,4944
26857,MOB_EVE_STRONG_WC_HYEONGCHEON,Evenement,30,1909,0,842,87,236,30,30,85,85,2,7,7,1,0,12,35,13663
28822,MOB_EV_WINTER_PRINCESS_30,Evenement,30,2904676,0,1616061,87,236,30,30,85,85,2,3,unique_notice,1,3,20,120,15596
22548,MOB_FW_BATTLEGOLEM_030,Forteresse (guerre de forteresse),30,1936451,0,1616061,127,165,30,30,85,85,2,3,unique_notice,1,3,42,56,12102
22128,MOB_FW_HYEONGCHEON_030,Forteresse (guerre de forteresse),30,1832166,0,1212046,115,184,30,30,85,85,2,3,unique_notice,1,3,23,74,11682
22268,MOB_FW_MUJIGI_030,Forteresse (guerre de forteresse),30,1452338,0,1212046,115,184,30,30,85,85,2,3,unique_notice,1,3,38,143,11822
21428,MOB_FW_TAESE_030,Forteresse (guerre de forteresse),30,2442887,0,1616061,127,165,30,30,85,85,2,3,unique_notice,1,3,10,34,10982
7875,MOB_HUNTER_NPC_02910291,AUTRE,30,1909,0,842,115,184,30,30,85,85,2,0,normal,1,3,20,54,2408
7876,MOB_HUNTER_NPC_02920292,AUTRE,30,1513,0,842,121,175,30,30,85,85,2,0,normal,1,3,20,54,2409
7877,MOB_HUNTER_NPC_02930293,AUTRE,30,1909,0,842,115,184,30,30,85,85,2,0,normal,1,3,20,55,2410
7878,MOB_HUNTER_NPC_02940294,AUTRE,30,1909,0,842,109,194,30,30,85,85,2,0,normal,1,3,20,57,2411
7879,MOB_HUNTER_NPC_02950295,AUTRE,30,1513,0,842,115,184,30,30,85,85,2,0,normal,1,3,20,65,2412
7881,MOB_HUNTER_NPC_02970297,AUTRE,30,1909,0,842,115,184,30,30,85,85,2,0,normal,1,3,20,54,2414
7882,MOB_HUNTER_NPC_02980298,AUTRE,30,1513,0,842,109,194,30,30,85,85,2,0,normal,1,3,20,55,2415
7883,MOB_HUNTER_NPC_02990299,AUTRE,30,1909,0,842,115,184,30,30,85,85,2,0,normal,1,3,20,57,2416
7884,MOB_HUNTER_NPC_03000300,AUTRE,30,1711,0,842,121,175,30,16777246,85,85,2,0,normal,1,3,20,65,2417
14918,MOB_QT_01_IVY,Tombe de Qin-Shi (clones/quete),30,1094835,0,808031,109,194,30,16777246,85,85,2,0,normal,1,1,20,75,4553
14917,MOB_QT_01_PUNISHER,Tombe de Qin-Shi (clones/quete),30,2863,0,421,109,194,30,30,85,85,2,0,normal,1,1,37,55,4552
14913,MOB_QT_01_PUNISHER_CLON,Tombe de Qin-Shi (clones/quete),30,1909,0,281,109,194,30,30,85,85,2,0,normal,1,1,37,55,4548
14915,MOB_QT_01_SOLDIER_CLON,Tombe de Qin-Shi (clones/quete),30,2863,0,421,109,194,30,55,85,85,2,0,normal,1,1,37,27,4550
14914,MOB_QT_02_PUNISHER_CLON,Tombe de Qin-Shi (clones/quete),30,1513,0,281,109,194,30,30,85,85,2,0,normal,1,1,37,180,4549
14916,MOB_QT_03_PUNISHER_CLON,Tombe de Qin-Shi (clones/quete),30,2863,0,421,109,194,30,55,85,85,2,0,normal,1,1,37,55,4551
2513,MOB_THIEF_NPC_02920292,Evenement caravan/thief,30,1513,0,842,121,175,30,30,85,85,2,0,normal,1,3,20,54,530
2514,MOB_THIEF_NPC_02930293,Evenement caravan/thief,30,1909,0,842,115,184,30,30,85,85,2,0,normal,1,3,20,55,531
2515,MOB_THIEF_NPC_02940294,Evenement caravan/thief,30,1909,0,842,109,194,30,30,85,85,2,0,normal,1,3,20,57,532
2516,MOB_THIEF_NPC_02950295,Evenement caravan/thief,30,1513,0,842,115,184,30,30,85,85,2,0,normal,1,3,20,65,533
2517,MOB_THIEF_NPC_02960296,Evenement caravan/thief,30,1909,0,842,121,175,30,30,85,85,2,0,normal,1,3,20,54,534
2518,MOB_THIEF_NPC_02970297,Evenement caravan/thief,30,1909,0,842,115,184,30,30,85,85,2,0,normal,1,3,20,54,535
2519,MOB_THIEF_NPC_02980298,Evenement caravan/thief,30,1513,0,842,109,194,30,30,85,85,2,0,normal,1,3,20,55,536
2520,MOB_THIEF_NPC_02990299,Evenement caravan/thief,30,1909,0,842,115,184,30,30,85,85,2,0,normal,1,3,20,313,537
2521,MOB_THIEF_NPC_03000300,Evenement caravan/thief,30,1711,0,842,121,175,30,30,85,85,2,0,normal,1,3,20,65,538
14981,MOB_TQ_BOMBSTONEGHOST,Tombe de Qin-Shi / FGW (101-110),30,1909,0,842,115,184,30,30,85,85,2,0,normal,1,3,10,55,4616
14979,MOB_TQ_SMALLSTONEGHOST,Tombe de Qin-Shi / FGW (101-110),30,1909,0,842,115,184,30,30,85,85,2,0,normal,1,3,10,55,4614
1966,MOB_WC_EARTHKING,Chine de l'Ouest (Donwhang-Hotan),30,1513,0,842,109,194,30,30,85,85,2,0,normal,1,0,25,55,60
2099,MOB_WC_EARTHKING_CLON,Chine de l'Ouest (Donwhang-Hotan),30,1513,0,842,109,194,30,30,85,85,2,0,normal,1,0,25,55,190
1970,MOB_WC_HYEONGCHEON,Chine de l'Ouest (Donwhang-Hotan),30,1909,0,842,121,175,30,30,85,85,2,0,normal,1,0,12,35,64
3924,MOB_WC_STRONG_HYEONGCHEON,Chine de l'Ouest (Donwhang-Hotan),30,57255,0,17676,121,175,30,30,85,85,2,0,normal,1,0,12,35,1700
24042,MOV_EV_PENGUIN_A_030,AUTRE,30,4347,0,3368,128,205,30,30,85,85,2,0,normal,1,0,50,75,13317
14937,MOB_CA_PERYTON_CLON,AUTRE,31,1593,0,884,115,204,31,31,87,87,2,0,normal,1,1,21,130,4572
16710,MOB_EU_HUNTER_NPC_03010301,Europe (Constantinople),31,1593,0,884,127,184,31,31,87,87,2,0,normal,1,3,20,60,6345
16711,MOB_EU_HUNTER_NPC_03020302,Europe (Constantinople),31,1803,0,884,127,184,31,31,87,87,2,0,normal,1,3,20,60,6346
16712,MOB_EU_HUNTER_NPC_03030303,Europe (Constantinople),31,1803,0,884,127,184,31,31,87,87,2,0,normal,1,3,20,60,6347
16713,MOB_EU_HUNTER_NPC_03040304,Europe (Constantinople),31,1803,0,884,121,194,31,31,87,87,2,0,normal,1,3,20,66,6348
16714,MOB_EU_HUNTER_NPC_03050305,Europe (Constantinople),31,1593,0,884,121,194,31,31,87,87,2,0,normal,1,3,20,55,6349
16715,MOB_EU_HUNTER_NPC_03060306,Europe (Constantinople),31,1593,0,884,115,204,31,31,87,87,2,0,normal,1,3,20,58,6350
16716,MOB_EU_HUNTER_NPC_03070307,Europe (Constantinople),31,1593,0,884,115,204,31,31,87,87,2,0,normal,1,3,20,58,6351
16717,MOB_EU_HUNTER_NPC_03080308,Europe (Constantinople),31,1593,0,884,115,204,31,31,87,87,2,0,normal,1,3,20,58,6352
16718,MOB_EU_HUNTER_NPC_03090309,Europe (Constantinople),31,1593,0,884,115,204,31,16777247,87,87,2,0,normal,1,3,20,58,6353
16719,MOB_EU_HUNTER_NPC_03100310,Europe (Constantinople),31,1593,0,884,115,204,31,31,87,87,2,0,normal,1,3,20,58,6354
15310,MOB_EU_THIEF_NPC_03010301,Europe (Constantinople),31,1803,0,884,127,184,31,31,87,87,2,0,normal,1,3,20,60,4945
15311,MOB_EU_THIEF_NPC_03020302,Europe (Constantinople),31,1803,0,884,127,184,31,31,87,87,2,0,normal,1,3,20,60,4946
15312,MOB_EU_THIEF_NPC_03030303,Europe (Constantinople),31,1803,0,884,127,184,31,31,87,87,2,0,normal,1,3,20,60,4947
15313,MOB_EU_THIEF_NPC_03040304,Europe (Constantinople),31,1803,0,884,121,194,31,31,87,87,2,0,normal,1,3,20,66,4948
15314,MOB_EU_THIEF_NPC_03050305,Europe (Constantinople),31,1593,0,884,121,194,31,31,87,87,2,0,normal,1,3,20,55,4949
15316,MOB_EU_THIEF_NPC_03070307,Europe (Constantinople),31,1593,0,884,115,204,31,31,87,87,2,0,normal,1,3,20,58,4951
15317,MOB_EU_THIEF_NPC_03080308,Europe (Constantinople),31,1593,0,884,115,204,31,31,87,87,2,0,normal,1,3,20,58,4952
15318,MOB_EU_THIEF_NPC_03090309,Europe (Constantinople),31,1593,0,884,115,204,31,31,87,87,2,0,normal,1,3,20,58,4953
15319,MOB_EU_THIEF_NPC_03100310,Europe (Constantinople),31,1593,0,884,115,204,31,31,87,87,2,0,normal,1,3,20,58,4954
26858,MOB_EVE_STRONG_CA_PERYTON_CLON,Evenement,31,1593,0,884,92,248,31,31,87,87,2,7,7,1,1,21,386,13664
22549,MOB_FW_BATTLEGOLEM_031,Forteresse (guerre de forteresse),31,2039003,0,1696864,134,175,31,31,87,87,2,3,unique_notice,1,3,42,56,12103
22129,MOB_FW_HYEONGCHEON_031,Forteresse (guerre de forteresse),31,1932632,0,1272648,121,194,31,31,87,87,2,3,unique_notice,1,3,23,74,11683
22269,MOB_FW_MUJIGI_031,Forteresse (guerre de forteresse),31,1529252,0,1272648,121,194,31,31,87,87,2,3,unique_notice,1,3,38,143,11823
21429,MOB_FW_TAESE_031,Forteresse (guerre de forteresse),31,2576842,0,1696864,134,175,31,31,87,87,2,3,unique_notice,1,3,10,34,10983
7885,MOB_HUNTER_NPC_03010301,AUTRE,31,1593,0,884,121,194,31,31,87,87,2,0,normal,1,3,20,54,2418
7885,MOB_HUNTER_NPC_03010301,AUTRE,31,1593,0,884,121,194,31,31,87,87,2,0,normal,1,3,20,54,2418
7886,MOB_HUNTER_NPC_03020302,AUTRE,31,2013,0,884,115,204,31,31,87,87,2,0,normal,1,3,20,54,2419
7887,MOB_HUNTER_NPC_03030303,AUTRE,31,2013,0,884,121,194,31,31,87,87,2,0,normal,1,3,20,55,2420
7888,MOB_HUNTER_NPC_03040304,AUTRE,31,1593,0,884,127,184,31,31,87,87,2,0,normal,1,3,20,58,2421
7889,MOB_HUNTER_NPC_03050305,AUTRE,31,1803,0,884,121,194,31,31,87,87,2,0,normal,1,3,20,66,2422
7890,MOB_HUNTER_NPC_03060306,AUTRE,31,2013,0,884,115,204,31,31,87,87,2,0,normal,1,3,20,54,2423
7891,MOB_HUNTER_NPC_03070307,AUTRE,31,1593,0,884,121,194,31,31,87,87,2,0,normal,1,3,20,54,2424
7892,MOB_HUNTER_NPC_03080308,AUTRE,31,2013,0,884,127,184,31,31,87,87,2,0,normal,1,3,20,55,2425
7893,MOB_HUNTER_NPC_03090309,AUTRE,31,2013,0,884,121,194,31,31,87,87,2,0,normal,1,3,20,58,2426
2100,MOB_OA_SCORPION_CLON,Oasis / plages sud (Uruchi),31,2013,0,884,121,194,31,31,87,87,2,0,normal,1,0,30,55,191
2522,MOB_THIEF_NPC_01010301,Evenement caravan/thief,31,1593,0,884,121,194,31,31,87,87,2,0,normal,1,3,20,54,539
2523,MOB_THIEF_NPC_03020302,Evenement caravan/thief,31,2013,0,884,115,204,31,31,87,87,2,0,normal,1,3,20,54,540
2524,MOB_THIEF_NPC_03030303,Evenement caravan/thief,31,2013,0,884,121,194,31,31,87,87,2,0,normal,1,3,20,55,541
2525,MOB_THIEF_NPC_03040304,Evenement caravan/thief,31,1593,0,884,127,184,31,31,87,87,2,0,normal,1,3,20,58,542
2526,MOB_THIEF_NPC_03050305,Evenement caravan/thief,31,1803,0,884,121,194,31,31,87,87,2,0,normal,1,3,20,66,543
2527,MOB_THIEF_NPC_03060306,Evenement caravan/thief,31,2013,0,884,115,204,31,31,87,87,2,0,normal,1,3,20,54,544
2528,MOB_THIEF_NPC_03070307,Evenement caravan/thief,31,1593,0,884,121,194,31,16777247,87,87,2,0,normal,1,3,20,54,545
2530,MOB_THIEF_NPC_03090309,Evenement caravan/thief,31,2013,0,884,121,194,31,31,87,87,2,0,normal,1,3,20,58,547
2531,MOB_THIEF_NPC_03100310,Evenement caravan/thief,31,1593,0,884,115,204,31,31,87,87,2,0,normal,1,3,20,66,548
24043,MOV_EV_KANGAROO_A_031,AUTRE,31,4565,0,3536,134,215,31,31,87,87,2,0,normal,1,0,50,75,13318
14938,MOB_CA_PERYTON,AUTRE,32,1676,0,928,121,214,32,32,89,89,2,0,normal,1,1,21,130,4573
16720,MOB_EU_HUNTER_NPC_03110311,Europe (Constantinople),32,1676,0,928,134,194,32,32,89,89,2,0,normal,1,3,20,61,6355
16721,MOB_EU_HUNTER_NPC_03120312,Europe (Constantinople),32,1898,0,928,134,194,32,32,89,89,2,0,normal,1,3,20,61,6356
16722,MOB_EU_HUNTER_NPC_03130313,Europe (Constantinople),32,1898,0,928,134,194,32,32,89,89,2,0,normal,1,3,20,61,6357
16723,MOB_EU_HUNTER_NPC_03140314,Europe (Constantinople),32,1898,0,928,127,204,32,32,89,89,2,0,normal,1,3,20,66,6358
16724,MOB_EU_HUNTER_NPC_03150315,Europe (Constantinople),32,1676,0,928,127,204,32,32,89,89,2,0,normal,1,3,20,55,6359
16725,MOB_EU_HUNTER_NPC_03160316,Europe (Constantinople),32,1676,0,928,121,214,32,32,89,89,2,0,normal,1,3,20,58,6360
16726,MOB_EU_HUNTER_NPC_03170317,Europe (Constantinople),32,1676,0,928,121,214,32,32,89,89,2,0,normal,1,3,20,58,6361
16727,MOB_EU_HUNTER_NPC_03180318,Europe (Constantinople),32,1676,0,928,121,214,32,32,89,89,2,0,normal,1,3,20,58,6362
16729,MOB_EU_HUNTER_NPC_03200320,Europe (Constantinople),32,1676,0,928,121,214,32,32,89,89,2,0,normal,1,3,20,58,6364
15320,MOB_EU_THIEF_NPC_03110311,Europe (Constantinople),32,1898,0,928,134,194,32,32,89,89,2,0,normal,1,3,20,61,4955
15321,MOB_EU_THIEF_NPC_03120312,Europe (Constantinople),32,1898,0,928,134,194,32,32,89,89,2,0,normal,1,3,20,61,4956
15322,MOB_EU_THIEF_NPC_03130313,Europe (Constantinople),32,1898,0,928,134,194,32,32,89,89,2,0,normal,1,3,20,61,4957
15323,MOB_EU_THIEF_NPC_03140314,Europe (Constantinople),32,1898,0,928,127,204,32,32,89,89,2,0,normal,1,3,20,66,4958
15324,MOB_EU_THIEF_NPC_03150315,Europe (Constantinople),32,1676,0,928,127,204,32,32,89,89,2,0,normal,1,3,20,55,4959
15325,MOB_EU_THIEF_NPC_03160316,Europe (Constantinople),32,1676,0,928,121,214,32,32,89,89,2,0,normal,1,3,20,58,4960
15326,MOB_EU_THIEF_NPC_03170317,Europe (Constantinople),32,1676,0,928,121,214,32,16777248,89,89,2,0,normal,1,3,20,58,4961
15327,MOB_EU_THIEF_NPC_03180318,Europe (Constantinople),32,1676,0,928,121,214,32,32,89,89,2,0,normal,1,3,20,58,4962
15328,MOB_EU_THIEF_NPC_03190319,Europe (Constantinople),32,1676,0,928,121,214,32,32,89,89,2,0,normal,1,3,20,58,4963
15329,MOB_EU_THIEF_NPC_03200320,Europe (Constantinople),32,1676,0,928,121,214,32,32,89,89,2,0,normal,1,3,20,58,4964
26859,MOB_EVE_STRONG_OA_SCORPION,Evenement,32,2121,0,928,98,259,32,32,89,89,2,7,7,1,0,30,55,13665
22550,MOB_FW_BATTLEGOLEM_032,Forteresse (guerre de forteresse),32,2144882,0,1781708,141,184,32,32,89,89,2,3,unique_notice,1,3,42,56,12104
22130,MOB_FW_HYEONGCHEON_032,Forteresse (guerre de forteresse),32,2036383,0,1336281,127,204,32,32,89,89,2,3,unique_notice,1,3,23,74,11684
22270,MOB_FW_MUJIGI_032,Forteresse (guerre de forteresse),32,1608661,0,1336281,127,204,32,32,89,89,2,3,unique_notice,1,3,38,143,11824
21430,MOB_FW_TAESE_032,Forteresse (guerre de forteresse),32,2715178,0,1781708,141,184,32,32,89,89,2,3,unique_notice,1,3,10,34,10984
7895,MOB_HUNTER_NPC_03110311,AUTRE,32,2121,0,928,127,204,32,32,89,89,2,0,normal,1,3,20,54,2428
7896,MOB_HUNTER_NPC_03120312,AUTRE,32,2121,0,928,134,194,32,32,89,89,2,0,normal,1,3,20,54,2429
7897,MOB_HUNTER_NPC_03130313,AUTRE,32,1676,0,928,127,204,32,32,89,89,2,0,normal,1,3,20,55,2430
7898,MOB_HUNTER_NPC_03140314,AUTRE,32,2121,0,928,121,214,32,32,89,89,2,0,normal,1,3,20,58,2431
7899,MOB_HUNTER_NPC_03150315,AUTRE,32,1898,0,928,127,204,32,32,89,89,2,0,normal,1,3,20,66,2432
7900,MOB_HUNTER_NPC_03160316,AUTRE,32,1676,0,928,134,194,32,32,89,89,2,0,normal,1,3,20,54,2433
7901,MOB_HUNTER_NPC_03170317,AUTRE,32,2121,0,928,127,204,32,32,89,89,2,0,normal,1,3,20,54,2434
7902,MOB_HUNTER_NPC_03180318,AUTRE,32,2121,0,928,121,214,32,32,89,89,2,0,normal,1,3,20,55,2435
7903,MOB_HUNTER_NPC_03190319,AUTRE,32,1676,0,928,127,204,32,32,89,89,2,0,normal,1,3,20,58,2436
7904,MOB_HUNTER_NPC_03200320,AUTRE,32,1898,0,928,134,194,32,32,89,89,2,0,normal,1,3,20,66,2437
2538,MOB_THIEF_NPC_01170317,Evenement caravan/thief,32,2121,0,928,127,204,32,32,89,89,2,0,normal,1,3,20,54,555
2532,MOB_THIEF_NPC_03110311,Evenement caravan/thief,32,2121,0,928,127,204,32,32,89,89,2,0,normal,1,3,20,54,549
2533,MOB_THIEF_NPC_03120312,Evenement caravan/thief,32,2121,0,928,134,194,32,32,89,89,2,0,normal,1,3,20,54,550
2534,MOB_THIEF_NPC_03130313,Evenement caravan/thief,32,1676,0,928,127,204,32,32,89,89,2,0,normal,1,3,20,55,551
2535,MOB_THIEF_NPC_03140314,Evenement caravan/thief,32,2121,0,928,121,214,32,32,89,89,2,0,normal,1,3,20,58,552
2536,MOB_THIEF_NPC_03150315,Evenement caravan/thief,32,1898,0,928,127,204,32,32,89,89,2,0,normal,1,3,20,322,553
2537,MOB_THIEF_NPC_03160316,Evenement caravan/thief,32,1676,0,928,134,194,32,32,89,89,2,0,normal,1,3,20,54,554
2539,MOB_THIEF_NPC_03180318,Evenement caravan/thief,32,2121,0,928,121,214,32,32,89,89,2,0,normal,1,3,20,55,556
2540,MOB_THIEF_NPC_03190319,Evenement caravan/thief,32,1676,0,928,127,204,32,32,89,89,2,0,normal,1,3,20,58,557
2541,MOB_THIEF_NPC_03200320,Evenement caravan/thief,32,1898,0,928,134,194,32,32,89,89,2,0,normal,1,3,20,66,558
24044,MOV_EV_KANGAROO_A_032,AUTRE,32,4789,0,3712,141,225,32,32,89,89,2,0,normal,1,0,50,75,13319
7912,MMB_HUNTER_NPC_03280328,AUTRE,33,1761,0,974,141,204,33,33,91,91,2,0,normal,1,3,20,56,2445
14939,MOB_CA_ONG_CLON,AUTRE,33,1997,0,974,134,214,33,33,91,91,2,0,normal,1,1,25,75,4574
16738,MOB_EU_HUNTER_NPC_01290329,Europe (Constantinople),33,1761,0,974,127,225,33,33,91,91,2,0,normal,1,3,20,58,6373
16730,MOB_EU_HUNTER_NPC_03210321,Europe (Constantinople),33,1761,0,974,141,204,33,33,91,91,2,0,normal,1,3,20,61,6365
16731,MOB_EU_HUNTER_NPC_03220322,Europe (Constantinople),33,1997,0,974,141,204,33,33,91,91,2,0,normal,1,3,20,61,6366
16732,MOB_EU_HUNTER_NPC_03230323,Europe (Constantinople),33,1997,0,974,141,204,33,33,91,91,2,0,normal,1,3,20,61,6367
16733,MOB_EU_HUNTER_NPC_03240324,Europe (Constantinople),33,1997,0,974,134,214,33,33,91,91,2,0,normal,1,3,20,67,6368
16734,MOB_EU_HUNTER_NPC_03250325,Europe (Constantinople),33,1761,0,974,134,214,33,33,91,91,2,0,normal,1,3,20,56,6369
16735,MOB_EU_HUNTER_NPC_03260326,Europe (Constantinople),33,1761,0,974,127,225,33,33,91,91,2,0,normal,1,3,20,58,6370
16737,MOB_EU_HUNTER_NPC_03280328,Europe (Constantinople),33,1761,0,974,127,225,33,33,91,91,2,0,normal,1,3,20,58,6372
16739,MOB_EU_HUNTER_NPC_03300330,Europe (Constantinople),33,1761,0,974,127,225,33,33,91,91,2,0,normal,1,3,20,58,6374
15330,MOB_EU_THIEF_NPC_03210321,Europe (Constantinople),33,1997,0,974,141,204,33,33,91,91,2,0,normal,1,3,20,61,4965
15331,MOB_EU_THIEF_NPC_03220322,Europe (Constantinople),33,1997,0,974,141,204,33,33,91,91,2,0,normal,1,3,20,61,4966
15332,MOB_EU_THIEF_NPC_03230323,Europe (Constantinople),33,1997,0,974,141,204,33,33,91,91,2,0,normal,1,3,20,61,4967
15333,MOB_EU_THIEF_NPC_03240324,Europe (Constantinople),33,1997,0,974,134,214,33,33,91,91,2,0,normal,1,3,20,67,4968
15334,MOB_EU_THIEF_NPC_03250325,Europe (Constantinople),33,1761,0,974,134,214,33,33,91,91,2,0,normal,1,3,20,56,4969
15335,MOB_EU_THIEF_NPC_03260326,Europe (Constantinople),33,1761,0,974,127,225,33,33,91,91,2,0,normal,1,3,20,58,4970
15336,MOB_EU_THIEF_NPC_03270327,Europe (Constantinople),33,1761,0,974,127,225,33,33,91,91,2,0,normal,1,3,20,58,4971
15337,MOB_EU_THIEF_NPC_03280328,Europe (Constantinople),33,1761,0,974,127,225,33,33,91,91,2,0,normal,1,3,20,314,4972
15338,MOB_EU_THIEF_NPC_03290329,Europe (Constantinople),33,1761,0,974,127,225,33,33,91,91,2,0,normal,1,3,20,58,4973
15339,MOB_EU_THIEF_NPC_03300330,Europe (Constantinople),33,1761,0,974,127,225,33,33,91,91,2,0,normal,1,3,20,58,4974
26860,MOB_EVE_STRONG_CA_ONG_CLON,Evenement,33,1997,0,974,103,271,33,33,91,91,2,7,7,1,1,25,75,13666
22551,MOB_FW_BATTLEGOLEM_033,Forteresse (guerre de forteresse),33,2254180,0,1870793,148,194,33,33,91,91,2,3,unique_notice,1,3,42,56,12105
22131,MOB_FW_HYEONGCHEON_033,Forteresse (guerre de forteresse),33,2143512,0,1403095,134,214,33,33,91,91,2,3,unique_notice,1,3,23,74,11685
22271,MOB_FW_MUJIGI_033,Forteresse (guerre de forteresse),33,1690635,0,1403095,134,214,33,16777249,91,91,2,3,unique_notice,1,3,38,143,11825
21431,MOB_FW_TAESE_033,Forteresse (guerre de forteresse),33,2858016,0,1870793,148,194,33,16777249,91,91,2,3,unique_notice,1,3,10,34,10985
7905,MOB_HUNTER_NPC_03210321,AUTRE,33,2233,0,974,134,214,33,33,91,91,2,0,normal,1,3,20,54,2438
7906,MOB_HUNTER_NPC_03220322,AUTRE,33,1761,0,974,127,225,33,33,91,91,2,0,normal,1,3,20,54,2439
7907,MOB_HUNTER_NPC_03230323,AUTRE,33,2233,0,974,134,214,33,33,91,91,2,0,normal,1,3,20,56,2440
7908,MOB_HUNTER_NPC_03240324,AUTRE,33,2233,0,974,141,204,33,16777249,91,91,2,0,normal,1,3,20,58,2441
7909,MOB_HUNTER_NPC_03250325,AUTRE,33,1761,0,974,134,214,33,33,91,91,2,0,normal,1,3,20,67,2442
7910,MOB_HUNTER_NPC_03260326,AUTRE,33,2233,0,974,127,225,33,33,91,91,2,0,normal,1,3,20,54,2443
7911,MOB_HUNTER_NPC_03270327,AUTRE,33,2233,0,974,134,214,33,33,91,91,2,0,normal,1,3,20,54,2444
7913,MOB_HUNTER_NPC_03290329,AUTRE,33,2233,0,974,134,214,33,33,91,91,2,0,normal,1,3,20,58,2446
7914,MOB_HUNTER_NPC_03300330,AUTRE,33,1997,0,974,127,225,33,33,91,91,2,0,normal,1,3,20,67,2447
2101,MOB_OA_DESERTTRUNKZ_CLON2,Oasis / plages sud (Uruchi),33,1761,0,974,127,225,33,33,91,91,2,0,normal,1,0,0,0,192
2102,MOB_OA_ONG_CLON,Oasis / plages sud (Uruchi),33,1997,0,974,134,214,33,33,91,91,2,0,normal,1,0,25,75,193
2542,MOB_THIEF_NPC_03210321,Evenement caravan/thief,33,2233,0,974,134,214,33,33,91,91,2,0,normal,1,3,20,54,559
2543,MOB_THIEF_NPC_03220322,Evenement caravan/thief,33,1761,0,974,127,225,33,33,91,91,2,0,normal,1,3,20,54,560
2544,MOB_THIEF_NPC_03230323,Evenement caravan/thief,33,2233,0,974,134,214,33,33,91,91,2,0,normal,1,3,20,56,561
2546,MOB_THIEF_NPC_03250325,Evenement caravan/thief,33,1761,0,974,134,214,33,33,91,91,2,0,normal,1,3,20,67,563
2547,MOB_THIEF_NPC_03260326,Evenement caravan/thief,33,2233,0,974,127,225,33,33,91,91,2,0,normal,1,3,20,54,564
2548,MOB_THIEF_NPC_03270327,Evenement caravan/thief,33,2233,0,974,134,214,33,33,91,91,2,0,normal,1,3,20,54,565
2549,MOB_THIEF_NPC_03280328,Evenement caravan/thief,33,1761,0,974,141,204,33,33,91,91,2,0,normal,1,3,20,56,566
2550,MOB_THIEF_NPC_03290329,Evenement caravan/thief,33,2233,0,974,134,214,33,33,91,91,2,0,normal,1,3,20,58,567
2551,MOB_THIEF_NPC_03300330,Evenement caravan/thief,33,1997,0,974,127,225,33,33,91,91,2,0,normal,1,3,20,67,568
24045,MOV_EV_KANGAROO_A_033,AUTRE,33,5020,0,3896,147,236,33,33,91,91,2,0,normal,1,0,50,75,13320
14940,MOB_CA_ONG,AUTRE,34,2099,0,1023,141,225,34,34,93,93,2,0,normal,1,1,25,75,4575
16740,MOB_EU_HUNTER_NPC_03310331,Europe (Constantinople),34,1849,0,1023,148,214,34,34,93,93,2,0,normal,1,3,20,61,6375
16741,MOB_EU_HUNTER_NPC_03320332,Europe (Constantinople),34,2099,0,1023,148,214,34,34,93,93,2,0,normal,1,3,20,61,6376
16742,MOB_EU_HUNTER_NPC_03330333,Europe (Constantinople),34,2099,0,1023,148,214,34,16777250,93,93,2,0,normal,1,3,20,61,6377
16743,MOB_EU_HUNTER_NPC_03340334,Europe (Constantinople),34,2099,0,1023,141,225,34,34,93,93,2,0,normal,1,3,20,67,6378
16744,MOB_EU_HUNTER_NPC_03350335,Europe (Constantinople),34,1849,0,1023,141,225,34,34,93,93,2,0,normal,1,3,20,56,6379
16745,MOB_EU_HUNTER_NPC_03360336,Europe (Constantinople),34,1849,0,1023,134,236,34,34,93,93,2,0,normal,1,3,20,59,6380
16746,MOB_EU_HUNTER_NPC_03370337,Europe (Constantinople),34,1849,0,1023,134,236,34,34,93,93,2,0,normal,1,3,20,59,6381
16747,MOB_EU_HUNTER_NPC_03380338,Europe (Constantinople),34,1849,0,1023,134,236,34,34,93,93,2,0,normal,1,3,20,59,6382
16748,MOB_EU_HUNTER_NPC_03390339,Europe (Constantinople),34,1849,0,1023,134,236,34,34,93,93,2,0,normal,1,3,20,59,6383
16749,MOB_EU_HUNTER_NPC_03400340,Europe (Constantinople),34,1849,0,1023,134,236,34,34,93,93,2,0,normal,1,3,20,59,6384
15340,MOB_EU_THIEF_NPC_03310331,Europe (Constantinople),34,2099,0,1023,148,214,34,34,93,93,2,0,normal,1,3,20,61,4975
15341,MOB_EU_THIEF_NPC_03320332,Europe (Constantinople),34,2099,0,1023,148,214,34,34,93,93,2,0,normal,1,3,20,61,4976
15342,MOB_EU_THIEF_NPC_03330333,Europe (Constantinople),34,2099,0,1023,148,214,34,34,93,93,2,0,normal,1,3,20,61,4977
15343,MOB_EU_THIEF_NPC_03340334,Europe (Constantinople),34,2099,0,1023,141,225,34,34,93,93,2,0,normal,1,3,20,67,4978
15344,MOB_EU_THIEF_NPC_03350335,Europe (Constantinople),34,1849,0,1023,141,225,34,34,93,93,2,0,normal,1,3,20,56,4979
15345,MOB_EU_THIEF_NPC_03360336,Europe (Constantinople),34,1849,0,1023,134,236,34,34,93,93,2,0,normal,1,3,20,59,4980
15346,MOB_EU_THIEF_NPC_03370337,Europe (Constantinople),34,1849,0,1023,134,236,34,34,93,93,2,0,normal,1,3,20,59,4981
15347,MOB_EU_THIEF_NPC_03380338,Europe (Constantinople),34,1849,0,1023,134,236,34,34,93,93,2,0,normal,1,3,20,59,4982
15348,MOB_EU_THIEF_NPC_03390339,Europe (Constantinople),34,1849,0,1023,134,236,34,34,93,93,2,0,normal,1,3,20,59,4983
15349,MOB_EU_THIEF_NPC_03400340,Europe (Constantinople),34,1849,0,1023,134,236,34,34,93,93,2,0,normal,1,3,20,59,4984
26861,MOB_EVE_STRONG_CA_ONG,Evenement,34,2099,0,1023,109,284,34,34,93,93,2,7,7,1,1,25,75,13667
22552,MOB_FW_BATTLEGOLEM_034,Forteresse (guerre de forteresse),34,2366993,0,1964333,155,204,34,34,93,93,2,3,unique_notice,1,3,42,56,12106
22132,MOB_FW_HYEONGCHEON_034,Forteresse (guerre de forteresse),34,2254111,0,1473250,141,225,34,34,93,93,2,3,unique_notice,1,3,23,74,11686
22272,MOB_FW_MUJIGI_034,Forteresse (guerre de forteresse),34,1775245,0,1473250,141,225,34,34,93,93,2,3,unique_notice,1,3,38,143,11826
21432,MOB_FW_TAESE_034,Forteresse (guerre de forteresse),34,3005482,0,1964333,155,204,34,34,93,93,2,3,unique_notice,1,3,10,34,10986
7915,MOB_HUNTER_NPC_03310331,AUTRE,34,1849,0,1023,141,225,34,34,93,93,2,0,normal,1,3,20,54,2448
7916,MOB_HUNTER_NPC_03320332,AUTRE,34,2348,0,1023,148,214,34,34,93,93,2,0,normal,1,3,20,54,2449
7917,MOB_HUNTER_NPC_03330333,AUTRE,34,2348,0,1023,141,225,34,34,93,93,2,0,normal,1,3,20,56,2450
7917,MOB_HUNTER_NPC_03330333,AUTRE,34,2348,0,1023,141,225,34,34,93,93,2,0,normal,1,3,20,56,2450
7918,MOB_HUNTER_NPC_03340334,AUTRE,34,1849,0,1023,134,236,34,34,93,93,2,0,normal,1,3,20,59,2451
7919,MOB_HUNTER_NPC_03350335,AUTRE,34,2099,0,1023,141,225,34,34,93,93,2,0,normal,1,3,20,67,2452
7920,MOB_HUNTER_NPC_03360336,AUTRE,34,2348,0,1023,148,214,34,34,93,93,2,0,normal,1,3,20,54,2453
7921,MOB_HUNTER_NPC_03370337,AUTRE,34,1849,0,1023,141,225,34,34,93,93,2,0,normal,1,3,20,54,2454
7922,MOB_HUNTER_NPC_03380338,AUTRE,34,2348,0,1023,134,236,34,34,93,93,2,0,normal,1,3,20,56,2455
7923,MOB_HUNTER_NPC_03390339,AUTRE,34,2348,0,1023,141,225,34,34,93,93,2,0,normal,1,3,20,59,2456
7924,MOB_HUNTER_NPC_03400340,AUTRE,34,1849,0,1023,148,214,34,34,93,93,2,0,normal,1,3,20,67,2457
1979,MOB_OA_DESERTTRUNKZ,Oasis / plages sud (Uruchi),34,1849,0,1023,134,236,34,34,93,93,2,0,normal,1,0,0,0,73
1978,MOB_OA_ONG,Oasis / plages sud (Uruchi),34,2099,0,1023,141,225,34,34,93,93,2,0,normal,1,0,25,75,72
3925,MOB_OA_STRONG_ONG,Oasis / plages sud (Uruchi),34,62959,0,21485,141,225,34,34,93,93,2,0,normal,1,0,25,75,1701
14920,MOB_QT_01_ONG,Tombe de Qin-Shi (clones/quete),34,41972,0,5115,134,236,34,34,93,93,2,0,normal,1,1,37,75,4555
14919,MOB_QT_01_ONG_CLON,Tombe de Qin-Shi (clones/quete),34,41972,0,5115,134,236,34,34,93,93,2,0,normal,1,1,37,75,4554
2555,MOB_THIEF_NPC_01340334,Evenement caravan/thief,34,1849,0,1023,134,236,34,34,93,93,2,0,normal,1,3,20,59,572
2552,MOB_THIEF_NPC_03310331,Evenement caravan/thief,34,1849,0,1023,141,225,34,16777250,93,93,2,0,normal,1,3,20,54,569
2553,MOB_THIEF_NPC_03320332,Evenement caravan/thief,34,2348,0,1023,148,214,34,34,93,93,2,0,normal,1,3,20,310,570
2554,MOB_THIEF_NPC_03330333,Evenement caravan/thief,34,2348,0,1023,141,225,34,34,93,93,2,0,normal,1,3,20,56,571
2556,MOB_THIEF_NPC_03350335,Evenement caravan/thief,34,2099,0,1023,141,225,34,34,93,93,2,0,normal,1,3,20,67,573
2557,MOB_THIEF_NPC_03360336,Evenement caravan/thief,34,2348,0,1023,148,214,34,34,93,93,2,0,normal,1,3,20,54,574
2558,MOB_THIEF_NPC_03370337,Evenement caravan/thief,34,1849,0,1023,141,225,34,34,93,93,2,0,normal,1,3,20,54,575
2559,MOB_THIEF_NPC_03380338,Evenement caravan/thief,34,2348,0,1023,134,236,34,34,93,93,2,0,normal,1,3,20,56,576
2560,MOB_THIEF_NPC_03390339,Evenement caravan/thief,34,2348,0,1023,141,225,34,34,93,93,2,0,normal,1,3,20,59,577
2561,MOB_THIEF_NPC_03400340,Evenement caravan/thief,34,1849,0,1023,148,214,34,34,93,93,2,0,normal,1,3,20,67,578
24046,MOV_EV_KANGAROO_A_034,AUTRE,34,5259,0,4092,154,246,34,34,93,93,2,0,normal,1,0,50,75,13321
14941,MOB_CA_HUNARCHER_CLON,AUTRE,35,1940,0,1074,148,236,35,35,95,95,2,0,normal,1,1,12,75,4576
16750,MOB_EU_HUNTER_NPC_03410341,Europe (Constantinople),35,1940,0,1074,155,225,35,35,95,95,2,0,normal,1,3,20,62,6385
16751,MOB_EU_HUNTER_NPC_03420342,Europe (Constantinople),35,2204,0,1074,155,225,35,35,95,95,2,0,normal,1,3,20,62,6386
16752,MOB_EU_HUNTER_NPC_03430343,Europe (Constantinople),35,2204,0,1074,155,225,35,35,95,95,2,0,normal,1,3,20,62,6387
16753,MOB_EU_HUNTER_NPC_03440344,Europe (Constantinople),35,2204,0,1074,148,236,35,35,95,95,2,0,normal,1,3,20,68,6388
16754,MOB_EU_HUNTER_NPC_03450345,Europe (Constantinople),35,1940,0,1074,148,236,35,35,95,95,2,0,normal,1,3,20,56,6389
16755,MOB_EU_HUNTER_NPC_03460346,Europe (Constantinople),35,1940,0,1074,141,248,35,35,95,95,2,0,normal,1,3,20,59,6390
16756,MOB_EU_HUNTER_NPC_03470347,Europe (Constantinople),35,1940,0,1074,141,248,35,35,95,95,2,0,normal,1,3,20,59,6391
16757,MOB_EU_HUNTER_NPC_03480348,Europe (Constantinople),35,1940,0,1074,141,248,35,35,95,95,2,0,normal,1,3,20,59,6392
16758,MOB_EU_HUNTER_NPC_03490349,Europe (Constantinople),35,1940,0,1074,141,248,35,35,95,95,2,0,normal,1,3,20,59,6393
15350,MOB_EU_THIEF_NPC_03410341,Europe (Constantinople),35,2204,0,1074,155,225,35,16777251,95,95,2,0,normal,1,3,20,62,4985
15351,MOB_EU_THIEF_NPC_03420342,Europe (Constantinople),35,2204,0,1074,155,225,35,35,95,95,2,0,normal,1,3,20,62,4986
15352,MOB_EU_THIEF_NPC_03430343,Europe (Constantinople),35,2204,0,1074,155,225,35,35,95,95,2,0,normal,1,3,20,62,4987
15353,MOB_EU_THIEF_NPC_03440344,Europe (Constantinople),35,2204,0,1074,148,236,35,35,95,95,2,0,normal,1,3,20,68,4988
15354,MOB_EU_THIEF_NPC_03450345,Europe (Constantinople),35,1940,0,1074,148,236,35,35,95,95,2,0,normal,1,3,20,56,4989
15355,MOB_EU_THIEF_NPC_03460346,Europe (Constantinople),35,1940,0,1074,141,248,35,35,95,95,2,0,normal,1,3,20,59,4990
15356,MOB_EU_THIEF_NPC_03470347,Europe (Constantinople),35,1940,0,1074,141,248,35,35,95,95,2,0,normal,1,3,20,59,4991
15357,MOB_EU_THIEF_NPC_03480348,Europe (Constantinople),35,1940,0,1074,141,248,35,35,95,95,2,0,normal,1,3,20,59,4992
15358,MOB_EU_THIEF_NPC_03490349,Europe (Constantinople),35,1940,0,1074,141,248,35,35,95,95,2,0,normal,1,3,20,59,4993
15359,MOB_EU_THIEF_NPC_03500350,Europe (Constantinople),35,1940,0,1074,141,248,35,35,95,95,2,0,normal,1,3,20,59,4994
34055,MOB_EVE_ANGRY_TAHOMET03,Evenement,35,2115420,0,515637,141,248,35,35,95,95,2,3,unique_notice,0,3,23,75,17688
26862,MOB_EVE_STRONG_OA_YEOWA_CLON,Evenement,35,2467,0,1074,115,297,35,16777251,95,95,2,7,7,1,0,25,55,13668
22553,MOB_FW_BATTLEGOLEM_035,Forteresse (guerre de forteresse),35,2483416,0,2062549,162,214,35,35,95,95,2,3,unique_notice,1,3,42,56,12107
22133,MOB_FW_HYEONGCHEON_035,Forteresse (guerre de forteresse),35,2368277,0,1546912,148,236,35,35,95,95,2,3,unique_notice,1,3,23,74,11687
22273,MOB_FW_MUJIGI_035,Forteresse (guerre de forteresse),35,1862562,0,1546912,148,236,35,35,95,95,2,3,unique_notice,1,3,38,143,11827
21433,MOB_FW_TAESE_035,Forteresse (guerre de forteresse),35,3157703,0,2062549,162,214,35,35,95,95,2,3,unique_notice,1,3,10,34,10987
36034,MOB_GOD_PILLAR_TOGUI_35_50,Forgotten World (pilliers/uniques),35,1940,0,1074,148,236,35,35,95,95,2,0,normal,1,3,0,0,17826
7925,MOB_HUNTER_NPC_03410341,AUTRE,35,2467,0,1074,148,236,35,35,95,95,2,0,normal,1,3,20,54,2458
7927,MOB_HUNTER_NPC_03430343,AUTRE,35,1940,0,1074,148,236,35,35,95,95,2,0,normal,1,3,20,56,2460
7928,MOB_HUNTER_NPC_03440344,AUTRE,35,2467,0,1074,155,225,35,35,95,95,2,0,normal,1,3,20,59,2461
7929,MOB_HUNTER_NPC_03450345,AUTRE,35,2204,0,1074,148,236,35,35,95,95,2,0,normal,1,3,20,68,2462
7930,MOB_HUNTER_NPC_03460346,AUTRE,35,1940,0,1074,141,248,35,35,95,95,2,0,normal,1,3,20,54,2463
7931,MOB_HUNTER_NPC_03470347,AUTRE,35,2467,0,1074,148,236,35,35,95,95,2,0,normal,1,3,20,54,2464
7932,MOB_HUNTER_NPC_03480348,AUTRE,35,2467,0,1074,155,225,35,16777251,95,95,2,0,normal,1,3,20,56,2465
7933,MOB_HUNTER_NPC_03490349,AUTRE,35,1940,0,1074,148,236,35,35,95,95,2,0,normal,1,3,20,59,2466
7934,MOB_HUNTER_NPC_03500350,AUTRE,35,2204,0,1074,141,248,35,35,95,95,2,0,normal,1,3,20,68,2467
2103,MOB_OA_BLACKROBBER_CLON,Oasis / plages sud (Uruchi),35,2204,0,1074,155,225,35,35,95,95,2,0,normal,1,0,20,75,194
2104,MOB_OA_YEOWA_CLON,Oasis / plages sud (Uruchi),35,2467,0,1074,148,236,35,35,95,95,2,0,normal,1,0,25,55,195
2571,MOB_THIEF_NPC_01500350,Evenement caravan/thief,35,2204,0,1074,141,248,35,35,95,95,2,0,normal,1,3,20,68,588
2563,MOB_THIEF_NPC_03420342,Evenement caravan/thief,35,2467,0,1074,141,248,35,35,95,95,2,0,normal,1,3,20,54,580
2564,MOB_THIEF_NPC_03430343,Evenement caravan/thief,35,1940,0,1074,148,236,35,35,95,95,2,0,normal,1,3,20,56,581
2565,MOB_THIEF_NPC_03440344,Evenement caravan/thief,35,2467,0,1074,155,225,35,35,95,95,2,0,normal,1,3,20,59,582
2566,MOB_THIEF_NPC_03450345,Evenement caravan/thief,35,2204,0,1074,148,236,35,35,95,95,2,0,normal,1,3,20,68,583
2567,MOB_THIEF_NPC_03460346,Evenement caravan/thief,35,1940,0,1074,141,248,35,35,95,95,2,0,normal,1,3,20,54,584
2568,MOB_THIEF_NPC_03470347,Evenement caravan/thief,35,2467,0,1074,148,236,35,35,95,95,2,0,normal,1,3,20,54,585
2569,MOB_THIEF_NPC_03480348,Evenement caravan/thief,35,2467,0,1074,155,225,35,35,95,95,2,0,normal,1,3,20,312,586
2570,MOB_THIEF_NPC_03490349,Evenement caravan/thief,35,1940,0,1074,148,236,35,35,95,95,2,0,normal,1,3,20,59,587
24047,MOV_EV_KANGAROO_A_035,AUTRE,35,5506,0,4296,161,257,35,35,95,95,2,0,normal,1,0,50,75,13322
7944,MMB_HUNTER_NPC_03600360,AUTRE,36,2312,0,1128,162,236,36,36,97,97,2,0,normal,1,3,20,68,2477
14943,MOB_CA_HUNARCHER,AUTRE,36,2034,0,1128,162,236,36,36,97,97,2,0,normal,1,1,12,75,4578
14942,MOB_CA_HUNLANCER_CLON,AUTRE,36,2312,0,1128,162,236,36,16777252,97,97,2,0,normal,1,1,12,75,4577
16769,MOB_EU_HUNTER_NPC_01600360,Europe (Constantinople),36,2034,0,1128,148,259,36,36,97,97,2,0,normal,1,3,20,59,6404
16760,MOB_EU_HUNTER_NPC_03510351,Europe (Constantinople),36,2034,0,1128,162,236,36,36,97,97,2,0,normal,1,3,20,62,6395
16761,MOB_EU_HUNTER_NPC_03520352,Europe (Constantinople),36,2312,0,1128,162,236,36,36,97,97,2,0,normal,1,3,20,62,6396
16762,MOB_EU_HUNTER_NPC_03530353,Europe (Constantinople),36,2312,0,1128,162,236,36,36,97,97,2,0,normal,1,3,20,62,6397
16763,MOB_EU_HUNTER_NPC_03540354,Europe (Constantinople),36,2312,0,1128,155,248,36,36,97,97,2,0,normal,1,3,20,68,6398
16764,MOB_EU_HUNTER_NPC_03550355,Europe (Constantinople),36,2034,0,1128,155,248,36,36,97,97,2,0,normal,1,3,20,56,6399
16765,MOB_EU_HUNTER_NPC_03560356,Europe (Constantinople),36,2034,0,1128,148,259,36,36,97,97,2,0,normal,1,3,20,59,6400
16766,MOB_EU_HUNTER_NPC_03570357,Europe (Constantinople),36,2034,0,1128,148,259,36,16777252,97,97,2,0,normal,1,3,20,59,6401
16767,MOB_EU_HUNTER_NPC_03580358,Europe (Constantinople),36,2034,0,1128,148,259,36,36,97,97,2,0,normal,1,3,20,59,6402
16768,MOB_EU_HUNTER_NPC_03590359,Europe (Constantinople),36,2034,0,1128,148,259,36,36,97,97,2,0,normal,1,3,20,59,6403
15360,MOB_EU_THIEF_NPC_03510351,Europe (Constantinople),36,2312,0,1128,162,236,36,36,97,97,2,0,normal,1,3,20,62,4995
15361,MOB_EU_THIEF_NPC_03520352,Europe (Constantinople),36,2312,0,1128,162,236,36,36,97,97,2,0,normal,1,3,20,62,4996
15362,MOB_EU_THIEF_NPC_03530353,Europe (Constantinople),36,2312,0,1128,162,236,36,36,97,97,2,0,normal,1,3,20,62,4997
15363,MOB_EU_THIEF_NPC_03540354,Europe (Constantinople),36,2312,0,1128,155,248,36,36,97,97,2,0,normal,1,3,20,68,4998
15364,MOB_EU_THIEF_NPC_03550355,Europe (Constantinople),36,2034,0,1128,155,248,36,36,97,97,2,0,normal,1,3,20,56,4999
15365,MOB_EU_THIEF_NPC_03560356,Europe (Constantinople),36,2034,0,1128,148,259,36,36,97,97,2,0,normal,1,3,20,59,5000
15366,MOB_EU_THIEF_NPC_03570357,Europe (Constantinople),36,2034,0,1128,148,259,36,36,97,97,2,0,normal,1,3,20,59,5001
15367,MOB_EU_THIEF_NPC_03580358,Europe (Constantinople),36,2034,0,1128,148,259,36,36,97,97,2,0,normal,1,3,20,59,5002
15368,MOB_EU_THIEF_NPC_03590359,Europe (Constantinople),36,2034,0,1128,148,259,36,36,97,97,2,0,normal,1,3,20,315,5003
15369,MOB_EU_THIEF_NPC_03600360,Europe (Constantinople),36,2034,0,1128,148,259,36,36,97,97,2,0,normal,1,3,20,59,5004
26863,MOB_EVE_STRONG_OA_BLACKROBBERARCHER,Evenement,36,2034,0,1128,121,310,36,36,97,97,2,7,7,1,0,20,55,13669
22554,MOB_FW_BATTLEGOLEM_036,Forteresse (guerre de forteresse),36,2603550,0,2165677,170,225,36,36,97,97,2,3,unique_notice,1,3,42,56,12108
22134,MOB_FW_HYEONGCHEON_036,Forteresse (guerre de forteresse),36,2486108,0,1624258,155,248,36,36,97,97,2,3,unique_notice,1,3,23,74,11688
22274,MOB_FW_MUJIGI_036,Forteresse (guerre de forteresse),36,1952663,0,1624258,155,248,36,36,97,97,2,3,unique_notice,1,3,38,143,11828
21434,MOB_FW_TAESE_036,Forteresse (guerre de forteresse),36,3314811,0,2165677,170,225,36,36,97,97,2,3,unique_notice,1,3,10,34,10988
36069,MOB_GOD_TOGUI_TOGUICRAZY_A1,Forgotten World (pilliers/uniques),36,2312,0,1128,162,236,36,16777252,97,97,2,0,normal,1,3,15,75,17861
36063,MOB_GOD_TOGUI_TOGUI_A1,Forgotten World (pilliers/uniques),36,2312,0,1128,162,236,36,36,97,97,2,0,normal,1,3,15,75,17855
36123,MOB_GOD_TOGUI_TREASUREBOX_A1,Forgotten World (pilliers/uniques),36,2590,0,1128,155,248,36,36,97,97,2,0,normal,1,3,0,0,17915
7935,MOB_HUNTER_NPC_03510351,AUTRE,36,2590,0,1128,155,248,36,36,97,97,2,0,normal,1,3,20,55,2468
7936,MOB_HUNTER_NPC_03520352,AUTRE,36,2034,0,1128,162,236,36,36,97,97,2,0,normal,1,3,20,55,2469
7937,MOB_HUNTER_NPC_03530353,AUTRE,36,2590,0,1128,155,248,36,36,97,97,2,0,normal,1,3,20,56,2470
7938,MOB_HUNTER_NPC_03540354,AUTRE,36,2590,0,1128,148,259,36,36,97,97,2,0,normal,1,3,20,59,2471
7939,MOB_HUNTER_NPC_03550355,AUTRE,36,2034,0,1128,155,248,36,36,97,97,2,0,normal,1,3,20,68,2472
7940,MOB_HUNTER_NPC_03560356,AUTRE,36,2590,0,1128,162,236,36,36,97,97,2,0,normal,1,3,20,55,2473
7941,MOB_HUNTER_NPC_03570357,AUTRE,36,2590,0,1128,155,248,36,36,97,97,2,0,normal,1,3,20,55,2474
7942,MOB_HUNTER_NPC_03580358,AUTRE,36,2034,0,1128,148,259,36,36,97,97,2,0,normal,1,3,20,56,2475
7943,MOB_HUNTER_NPC_03590359,AUTRE,36,2590,0,1128,155,248,36,36,97,97,2,0,normal,1,3,20,59,2476
1981,MOB_OA_BLACKROBBERARCHER,Oasis / plages sud (Uruchi),36,2034,0,1128,148,259,36,36,97,97,2,0,normal,1,0,20,55,75
2105,MOB_OA_YEOWA,Oasis / plages sud (Uruchi),36,2590,0,1128,155,248,36,36,97,97,2,0,normal,1,0,25,55,196
2572,MOB_THIEF_NPC_03510351,Evenement caravan/thief,36,2590,0,1128,155,248,36,36,97,97,2,0,normal,1,3,20,55,589
2573,MOB_THIEF_NPC_03520352,Evenement caravan/thief,36,2034,0,1128,162,236,36,36,97,97,2,0,normal,1,3,20,55,590
2574,MOB_THIEF_NPC_03530353,Evenement caravan/thief,36,2590,0,1128,155,248,36,36,97,97,2,0,normal,1,3,20,56,591
2575,MOB_THIEF_NPC_03540354,Evenement caravan/thief,36,2590,0,1128,148,259,36,36,97,97,2,0,normal,1,3,20,59,592
2576,MOB_THIEF_NPC_03550355,Evenement caravan/thief,36,2034,0,1128,155,248,36,16777252,97,97,2,0,normal,1,3,20,68,593
2577,MOB_THIEF_NPC_03560356,Evenement caravan/thief,36,2590,0,1128,162,236,36,36,97,97,2,0,normal,1,3,20,55,594
2579,MOB_THIEF_NPC_03580358,Evenement caravan/thief,36,2034,0,1128,148,259,36,36,97,97,2,0,normal,1,3,20,56,596
2580,MOB_THIEF_NPC_03590359,Evenement caravan/thief,36,2590,0,1128,155,248,36,36,97,97,2,0,normal,1,3,20,59,597
2581,MOB_THIEF_NPC_03600360,Evenement caravan/thief,36,2312,0,1128,162,236,36,36,97,97,2,0,normal,1,3,20,68,598
14944,MOB_CA_HUNLANCER,AUTRE,37,2424,0,1184,170,248,37,37,99,99,2,0,normal,1,1,12,75,4579
14945,MOB_CA_MONKEY_CLON,AUTRE,37,2424,0,1184,162,259,37,37,99,99,2,0,normal,1,1,15,75,4580
16770,MOB_EU_HUNTER_NPC_03610361,Europe (Constantinople),37,2131,0,1184,170,248,37,37,99,99,2,0,normal,1,3,20,62,6405
16771,MOB_EU_HUNTER_NPC_03620362,Europe (Constantinople),37,2424,0,1184,170,248,37,37,99,99,2,0,normal,1,3,20,62,6406
16772,MOB_EU_HUNTER_NPC_03630363,Europe (Constantinople),37,2424,0,1184,170,248,37,37,99,99,2,0,normal,1,3,20,62,6407
16773,MOB_EU_HUNTER_NPC_03640364,Europe (Constantinople),37,2424,0,1184,162,259,37,37,99,99,2,0,normal,1,3,20,69,6408
16774,MOB_EU_HUNTER_NPC_03650365,Europe (Constantinople),37,2131,0,1184,162,259,37,37,99,99,2,0,normal,1,3,20,56,6409
16775,MOB_EU_HUNTER_NPC_03660366,Europe (Constantinople),37,2131,0,1184,155,271,37,37,99,99,2,0,normal,1,3,20,59,6410
16776,MOB_EU_HUNTER_NPC_03670367,Europe (Constantinople),37,2131,0,1184,155,271,37,37,99,99,2,0,normal,1,1,20,59,6411
16777,MOB_EU_HUNTER_NPC_03680368,Europe (Constantinople),37,2131,0,1184,155,271,37,37,99,99,2,0,normal,1,3,20,59,6412
16778,MOB_EU_HUNTER_NPC_03690369,Europe (Constantinople),37,2131,0,1184,155,271,37,37,99,99,2,0,normal,1,3,20,59,6413
16779,MOB_EU_HUNTER_NPC_03700370,Europe (Constantinople),37,2131,0,1184,155,271,37,37,99,99,2,0,normal,1,3,20,59,6414
15371,MOB_EU_THIEF_NPC_03620362,Europe (Constantinople),37,2424,0,1184,170,248,37,37,99,99,2,0,normal,1,3,20,62,5006
15372,MOB_EU_THIEF_NPC_03630363,Europe (Constantinople),37,2424,0,1184,170,248,37,37,99,99,2,0,normal,1,3,20,62,5007
15373,MOB_EU_THIEF_NPC_03640364,Europe (Constantinople),37,2424,0,1184,162,259,37,37,99,99,2,0,normal,1,3,20,69,5008
15374,MOB_EU_THIEF_NPC_03650365,Europe (Constantinople),37,2131,0,1184,162,259,37,16777253,99,99,2,0,normal,1,3,20,56,5009
15375,MOB_EU_THIEF_NPC_03660366,Europe (Constantinople),37,2131,0,1184,155,271,37,37,99,99,2,0,normal,1,3,20,59,5010
15376,MOB_EU_THIEF_NPC_03670367,Europe (Constantinople),37,2131,0,1184,155,271,37,37,99,99,2,0,normal,1,3,20,59,5011
15377,MOB_EU_THIEF_NPC_03680368,Europe (Constantinople),37,2131,0,1184,155,271,37,37,99,99,2,0,normal,1,3,20,59,5012
15378,MOB_EU_THIEF_NPC_03690369,Europe (Constantinople),37,2131,0,1184,155,271,37,37,99,99,2,0,normal,1,3,20,59,5013
15379,MOB_EU_THIEF_NPC_03700370,Europe (Constantinople),37,2131,0,1184,155,271,37,37,99,99,2,0,normal,1,3,20,59,5014
26864,MOB_EVE_STRONG_CA_MONKEY_CLON,Evenement,37,2424,0,1184,127,324,37,37,99,99,2,7,7,1,1,15,75,13670
22555,MOB_FW_BATTLEGOLEM_037,Forteresse (guerre de forteresse),37,2727496,0,2273961,178,236,37,37,99,99,2,3,unique_notice,1,3,42,56,12109
22135,MOB_FW_HYEONGCHEON_037,Forteresse (guerre de forteresse),37,2607705,0,1705471,162,259,37,37,99,99,2,3,unique_notice,1,3,23,74,11689
22275,MOB_FW_MUJIGI_037,Forteresse (guerre de forteresse),37,2045622,0,1705471,162,259,37,37,99,99,2,3,unique_notice,1,3,38,143,11829
21435,MOB_FW_TAESE_037,Forteresse (guerre de forteresse),37,3476940,0,2273961,178,236,37,37,99,99,2,3,unique_notice,1,3,10,34,10989
36075,MOB_GOD_TOGUI_TOGUIBOOM_A1,Forgotten World (pilliers/uniques),37,2424,0,1184,155,271,37,37,99,99,2,0,normal,1,3,15,75,17867
36081,MOB_GOD_TOGUI_TOGUIMAGIC_A1,Forgotten World (pilliers/uniques),37,2716,0,1184,155,271,37,37,99,99,2,0,normal,1,3,25,55,17873
7945,MOB_HUNTER_NPC_03610361,AUTRE,37,2131,0,1184,162,259,37,37,99,99,2,0,normal,1,3,20,55,2478
7946,MOB_HUNTER_NPC_03620362,AUTRE,37,2716,0,1184,155,271,37,37,99,99,2,0,normal,1,3,20,55,2479
7947,MOB_HUNTER_NPC_03630363,AUTRE,37,2716,0,1184,162,259,37,37,99,99,2,0,normal,1,3,20,56,2480
7948,MOB_HUNTER_NPC_03640364,AUTRE,37,2131,0,1184,170,248,37,37,99,99,2,0,normal,1,3,20,59,2481
7949,MOB_HUNTER_NPC_03650365,AUTRE,37,2424,0,1184,162,259,37,37,99,99,2,0,normal,1,3,20,69,2482
7949,MOB_HUNTER_NPC_03650365,AUTRE,37,2424,0,1184,162,259,37,37,99,99,2,0,normal,1,3,20,69,2482
7950,MOB_HUNTER_NPC_03660366,AUTRE,37,2716,0,1184,155,271,37,37,99,99,2,0,normal,1,3,20,55,2483
7951,MOB_HUNTER_NPC_03670367,AUTRE,37,2131,0,1184,162,259,37,37,99,99,2,0,normal,1,3,20,55,2484
7952,MOB_HUNTER_NPC_03680368,AUTRE,37,2716,0,1184,170,248,37,37,99,99,2,0,normal,1,3,20,56,2485
7953,MOB_HUNTER_NPC_03690369,AUTRE,37,2716,0,1184,162,259,37,37,99,99,2,0,normal,1,3,20,59,2486
7954,MOB_HUNTER_NPC_03700370,AUTRE,37,2131,0,1184,155,271,37,37,99,99,2,0,normal,1,3,20,69,2487
2106,MOB_OA_BLACKROBBERARCHER_CLON,Oasis / plages sud (Uruchi),37,2131,0,1184,162,259,37,37,99,99,2,0,normal,1,0,20,55,197
3950,MOB_OA_STRONG_BLACKROBBERARCHER_CLON,Oasis / plages sud (Uruchi),37,63926,0,24871,162,259,37,37,99,99,2,0,normal,1,0,20,55,1715
2588,MOB_THIEF_NPC_01670367,Evenement caravan/thief,37,2131,0,1184,162,259,37,37,99,99,2,0,normal,1,3,20,55,605
2582,MOB_THIEF_NPC_03610361,Evenement caravan/thief,37,2131,0,1184,162,259,37,37,99,99,2,0,normal,1,3,20,55,599
2583,MOB_THIEF_NPC_03620362,Evenement caravan/thief,37,2716,0,1184,155,271,37,37,99,99,2,0,normal,1,3,20,55,600
2584,MOB_THIEF_NPC_03630363,Evenement caravan/thief,37,2716,0,1184,162,259,37,37,99,99,2,0,normal,1,3,20,56,601
2585,MOB_THIEF_NPC_03640364,Evenement caravan/thief,37,2131,0,1184,170,248,37,37,99,99,2,0,normal,1,3,20,59,602
2586,MOB_THIEF_NPC_03650365,Evenement caravan/thief,37,2424,0,1184,162,259,37,37,99,99,2,0,normal,1,3,20,325,603
2587,MOB_THIEF_NPC_03660366,Evenement caravan/thief,37,2716,0,1184,155,271,37,37,99,99,2,0,normal,1,3,20,55,604
2589,MOB_THIEF_NPC_03680368,Evenement caravan/thief,37,2716,0,1184,170,248,37,37,99,99,2,0,normal,1,3,20,56,606
2590,MOB_THIEF_NPC_03690369,Evenement caravan/thief,37,2716,0,1184,162,259,37,37,99,99,2,0,normal,1,3,20,59,607
2591,MOB_THIEF_NPC_03700370,Evenement caravan/thief,37,2131,0,1184,155,271,37,37,99,99,2,0,normal,1,3,20,69,608
24049,MOV_EV_KANGAROO_A_037,AUTRE,37,6022,0,4736,175,280,37,37,99,99,2,0,normal,1,0,50,75,13324
24050,MMV_EV_KANGAROO_A_038,AUTRE,38,6292,0,4976,183,293,38,38,101,101,2,0,normal,1,0,50,75,13325
16780,MOB_EU_HUNTER_NPC_03710371,Europe (Constantinople),38,2231,0,1244,178,259,38,38,101,101,2,0,normal,1,3,20,63,6415
16781,MOB_EU_HUNTER_NPC_03720372,Europe (Constantinople),38,2539,0,1244,178,259,38,38,101,101,2,0,normal,1,3,20,63,6416
16782,MOB_EU_HUNTER_NPC_03730373,Europe (Constantinople),38,2539,0,1244,178,259,38,38,101,101,2,0,normal,1,3,20,63,6417
16783,MOB_EU_HUNTER_NPC_03740374,Europe (Constantinople),38,2539,0,1244,170,271,38,38,101,101,2,0,normal,1,3,20,69,6418
16784,MOB_EU_HUNTER_NPC_03750375,Europe (Constantinople),38,2231,0,1244,170,271,38,38,101,101,2,0,normal,1,3,20,56,6419
16785,MOB_EU_HUNTER_NPC_03760376,Europe (Constantinople),38,2231,0,1244,162,284,38,38,101,101,2,0,normal,1,3,20,60,6420
16786,MOB_EU_HUNTER_NPC_03770377,Europe (Constantinople),38,2231,0,1244,162,284,38,38,101,101,2,0,normal,1,3,20,60,6421
16787,MOB_EU_HUNTER_NPC_03780378,Europe (Constantinople),38,2231,0,1244,162,284,38,38,101,101,2,0,normal,1,3,20,60,6422
16788,MOB_EU_HUNTER_NPC_03790379,Europe (Constantinople),38,2231,0,1244,162,284,38,38,101,101,2,0,normal,1,3,20,60,6423
16789,MOB_EU_HUNTER_NPC_03800380,Europe (Constantinople),38,2231,0,1244,162,284,38,38,101,101,2,0,normal,1,3,20,60,6424
15380,MOB_EU_THIEF_NPC_03710371,Europe (Constantinople),38,2539,0,1244,178,259,38,38,101,101,2,0,normal,1,3,20,63,5015
15381,MOB_EU_THIEF_NPC_03720372,Europe (Constantinople),38,2539,0,1244,178,259,38,38,101,101,2,0,normal,1,3,20,63,5016
15382,MOB_EU_THIEF_NPC_03730373,Europe (Constantinople),38,2539,0,1244,178,259,38,38,101,101,2,0,normal,1,3,20,63,5017
15384,MOB_EU_THIEF_NPC_03750375,Europe (Constantinople),38,2231,0,1244,170,271,38,38,101,101,2,0,normal,1,3,20,56,5019
15385,MOB_EU_THIEF_NPC_03761376,Europe (Constantinople),38,2231,0,1244,162,284,38,38,101,101,2,0,normal,1,3,20,60,5020
15386,MOB_EU_THIEF_NPC_03770377,Europe (Constantinople),38,2231,0,1244,162,284,38,38,101,101,2,0,normal,1,3,20,60,5021
15387,MOB_EU_THIEF_NPC_03780378,Europe (Constantinople),38,2231,0,1244,162,284,38,38,101,101,2,0,normal,1,3,20,60,5022
15388,MOB_EU_THIEF_NPC_03790379,Europe (Constantinople),38,2231,0,1244,162,284,38,38,101,101,2,0,normal,1,3,20,60,5023
15389,MOB_EU_THIEF_NPC_03800380,Europe (Constantinople),38,2231,0,1244,162,284,38,38,101,101,2,0,normal,1,3,20,60,5024
26865,MOB_EVE_STRONG_OA_BLACKROBBER,Evenement,38,2539,0,1244,134,338,38,38,101,101,2,7,7,1,0,20,75,13671
22556,MOB_FW_BATTLEGOLEM_038,Forteresse (guerre de forteresse),38,2855358,0,2387659,186,248,38,38,101,101,2,3,unique_notice,1,3,42,312,12110
22136,MOB_FW_HYEONGCHEON_038,Forteresse (guerre de forteresse),38,2733171,0,1790744,170,271,38,38,101,101,2,3,unique_notice,1,3,23,74,11690
22276,MOB_FW_MUJIGI_038,Forteresse (guerre de forteresse),38,2141518,0,1790744,170,271,38,38,101,101,2,3,unique_notice,1,3,38,143,11830
21436,MOB_FW_TAESE_038,Forteresse (guerre de forteresse),38,3644228,0,2387659,186,248,38,38,101,101,2,3,unique_notice,1,3,10,34,10990
36087,MOB_GOD_TOGUI_TOGUISTRONG_A1,Forgotten World (pilliers/uniques),38,2847,0,1244,170,271,38,38,101,101,2,0,normal,1,3,19,55,17879
7955,MOB_HUNTER_NPC_03710371,AUTRE,38,2847,0,1244,170,271,38,38,101,101,2,0,normal,1,3,20,55,2488
7956,MOB_HUNTER_NPC_03720372,AUTRE,38,2847,0,1244,178,259,38,16777254,101,101,2,0,normal,1,3,20,55,2489
7957,MOB_HUNTER_NPC_03730373,AUTRE,38,2231,0,1244,170,271,38,38,101,101,2,0,normal,1,3,20,56,2490
7959,MOB_HUNTER_NPC_03750375,AUTRE,38,2539,0,1244,170,271,38,38,101,101,2,0,normal,1,3,20,69,2492
7960,MOB_HUNTER_NPC_03760376,AUTRE,38,2231,0,1244,178,259,38,38,101,101,2,0,normal,1,3,20,55,2493
7961,MOB_HUNTER_NPC_03770377,AUTRE,38,2847,0,1244,170,271,38,38,101,101,2,0,normal,1,3,20,55,2494
7962,MOB_HUNTER_NPC_03780378,AUTRE,38,2847,0,1244,162,284,38,38,101,101,2,0,normal,1,3,20,56,2495
7963,MOB_HUNTER_NPC_03790379,AUTRE,38,2231,0,1244,170,271,38,38,101,101,2,0,normal,1,3,20,60,2496
7964,MOB_HUNTER_NPC_03800380,AUTRE,38,2539,0,1244,178,259,38,38,101,101,2,0,normal,1,3,20,69,2497
1980,MOB_OA_BLACKROBBER,Oasis / plages sud (Uruchi),38,2539,0,1244,178,259,38,38,101,101,2,0,normal,1,0,20,75,74
2592,MOB_THIEF_NPC_03710371,Evenement caravan/thief,38,2847,0,1244,170,271,38,38,101,101,2,0,normal,1,3,20,55,609
2593,MOB_THIEF_NPC_03720372,Evenement caravan/thief,38,2847,0,1244,178,259,38,38,101,101,2,0,normal,1,3,20,55,610
2594,MOB_THIEF_NPC_03730373,Evenement caravan/thief,38,2231,0,1244,170,271,38,38,101,101,2,0,normal,1,3,20,56,611
2596,MOB_THIEF_NPC_03750375,Evenement caravan/thief,38,2539,0,1244,170,271,38,38,101,101,2,0,normal,1,3,20,69,613
2597,MOB_THIEF_NPC_03760376,Evenement caravan/thief,38,2231,0,1244,178,259,38,38,101,101,2,0,normal,1,3,20,55,614
2598,MOB_THIEF_NPC_03770377,Evenement caravan/thief,38,2847,0,1244,170,271,38,38,101,101,2,0,normal,1,3,20,55,615
2599,MOB_THIEF_NPC_03780378,Evenement caravan/thief,38,2847,0,1244,162,284,38,38,101,101,2,0,normal,1,3,20,56,616
2600,MOB_THIEF_NPC_03790379,Evenement caravan/thief,38,2231,0,1244,170,271,38,16777254,101,101,2,0,normal,1,3,20,60,617
2601,MOB_THIEF_NPC_03800380,Evenement caravan/thief,38,2539,0,1244,178,259,38,38,101,101,2,0,normal,1,3,20,69,618
14947,MOB_CA_GOLEM_CLON,AUTRE,39,2982,0,1306,186,271,39,39,103,103,2,0,normal,1,1,35,55,4582
16791,MOB_EU_HUNTER_NPC_03820382,Europe (Constantinople),39,2658,0,1306,186,271,39,39,103,103,2,0,normal,1,3,20,63,6426
16792,MOB_EU_HUNTER_NPC_03830383,Europe (Constantinople),39,2658,0,1306,186,271,39,39,103,103,2,0,normal,1,3,20,63,6427
16793,MOB_EU_HUNTER_NPC_03840384,Europe (Constantinople),39,2658,0,1306,178,284,39,39,103,103,2,0,normal,1,3,20,70,6428
16794,MOB_EU_HUNTER_NPC_03850385,Europe (Constantinople),39,2334,0,1306,178,284,39,39,103,103,2,0,normal,1,3,20,56,6429
16795,MOB_EU_HUNTER_NPC_03860386,Europe (Constantinople),39,2334,0,1306,170,297,39,39,103,103,2,0,normal,1,3,20,60,6430
16796,MOB_EU_HUNTER_NPC_03870387,Europe (Constantinople),39,2334,0,1306,170,297,39,39,103,103,2,0,normal,1,3,20,60,6431
16797,MOB_EU_HUNTER_NPC_03880388,Europe (Constantinople),39,2334,0,1306,170,297,39,39,103,103,2,0,normal,1,3,20,60,6432
16799,MOB_EU_HUNTER_NPC_03900390,Europe (Constantinople),39,2334,0,1306,170,297,39,39,103,103,2,0,normal,1,3,20,60,6434
15390,MOB_EU_THIEF_NPC_03810381,Europe (Constantinople),39,2658,0,1306,186,271,39,39,103,103,2,0,normal,1,3,20,63,5025
15391,MOB_EU_THIEF_NPC_03820382,Europe (Constantinople),39,2658,0,1306,186,271,39,39,103,103,2,0,normal,1,3,20,63,5026
15392,MOB_EU_THIEF_NPC_03830383,Europe (Constantinople),39,2658,0,1306,186,271,39,39,103,103,2,0,normal,1,3,20,63,5027
15393,MOB_EU_THIEF_NPC_03840384,Europe (Constantinople),39,2658,0,1306,178,284,39,39,103,103,2,0,normal,1,3,20,70,5028
15394,MOB_EU_THIEF_NPC_03850385,Europe (Constantinople),39,2334,0,1306,178,284,39,39,103,103,2,0,normal,1,3,20,56,5029
15395,MOB_EU_THIEF_NPC_03860386,Europe (Constantinople),39,2334,0,1306,170,297,39,39,103,103,2,0,normal,1,3,20,60,5030
15396,MOB_EU_THIEF_NPC_03870387,Europe (Constantinople),39,2334,0,1306,170,297,39,39,103,103,2,0,normal,1,3,20,60,5031
15397,MOB_EU_THIEF_NPC_03880388,Europe (Constantinople),39,2334,0,1306,170,297,39,39,103,103,2,0,normal,1,3,20,60,5032
15398,MOB_EU_THIEF_NPC_03890389,Europe (Constantinople),39,2334,0,1306,170,297,39,16777255,103,103,2,0,normal,1,3,20,60,5033
15399,MOB_EU_THIEF_NPC_03900390,Europe (Constantinople),39,2334,0,1306,170,297,39,39,103,103,2,0,normal,1,3,20,316,5034
26866,MOB_EVE_STRONG_CA_GOLEM_CLON,Evenement,39,2982,0,1306,141,353,39,39,103,103,2,7,7,1,1,35,55,13672
22557,MOB_FW_BATTLEGOLEM_039,Forteresse (guerre de forteresse),39,2987243,0,2507042,194,259,39,39,103,103,2,3,unique_notice,1,3,42,56,12111
22137,MOB_FW_HYEONGCHEON_039,Forteresse (guerre de forteresse),39,2862613,0,1880281,178,284,39,39,103,103,2,3,unique_notice,1,3,23,74,11691
22277,MOB_FW_MUJIGI_039,Forteresse (guerre de forteresse),39,2240432,0,1880281,178,284,39,39,103,103,2,3,unique_notice,1,3,38,143,11831
21437,MOB_FW_TAESE_039,Forteresse (guerre de forteresse),39,3816817,0,2507042,194,259,39,39,103,103,2,3,unique_notice,1,3,10,34,10991
36117,MOB_GOD_TOGUI_ENVY_A1,Forgotten World (pilliers/uniques),39,2334,0,1959,178,284,39,16777255,103,103,2,1,champion,1,3,23,100,17909
36111,MOB_GOD_TOGUI_TOGUICAPTAIN_A1,Forgotten World (pilliers/uniques),39,143131,0,94014,178,284,39,39,103,103,2,8,unique_silencieux,1,3,13,30,17903
36099,MOB_GOD_TOGUI_TOGUIDOLL_A1,Forgotten World (pilliers/uniques),39,2982,0,1306,186,271,39,39,103,103,2,0,normal,1,3,10,40,17891
36321,MOB_GOD_TOGUI_TOGUIELDER_A1,Forgotten World (pilliers/uniques),39,1275761,0,940141,170,297,39,39,103,103,2,3,unique_notice,1,3,15,75,18113
36105,MOB_GOD_TOGUI_TOGUIGENERAL_A1,Forgotten World (pilliers/uniques),39,143131,0,94014,178,284,39,39,103,103,2,8,unique_silencieux,1,3,13,30,17897
36093,MOB_GOD_TOGUI_TOGUISOLDIER_A1,Forgotten World (pilliers/uniques),39,2982,0,1306,178,284,39,16777255,103,103,2,0,normal,1,3,19,55,17885
7965,MOB_HUNTER_NPC_03810381,AUTRE,39,2982,0,1306,178,284,39,39,103,103,2,0,normal,1,3,20,55,2498
7966,MOB_HUNTER_NPC_03820382,AUTRE,39,2334,0,1306,170,297,39,39,103,103,2,0,normal,1,3,20,55,2499
7967,MOB_HUNTER_NPC_03830383,AUTRE,39,2982,0,1306,178,284,39,39,103,103,2,0,normal,1,3,20,56,2500
7968,MOB_HUNTER_NPC_03840384,AUTRE,39,2982,0,1306,186,271,39,39,103,103,2,0,normal,1,3,20,60,2501
7969,MOB_HUNTER_NPC_03850385,AUTRE,39,2334,0,1306,178,284,39,39,103,103,2,0,normal,1,3,20,70,2502
7970,MOB_HUNTER_NPC_03860386,AUTRE,39,2982,0,1306,170,297,39,39,103,103,2,0,normal,1,3,20,55,2503
7971,MOB_HUNTER_NPC_03870387,AUTRE,39,2982,0,1306,178,284,39,39,103,103,2,0,normal,1,3,20,55,2504
7972,MOB_HUNTER_NPC_03880388,AUTRE,39,2334,0,1306,186,271,39,39,103,103,2,0,normal,1,3,20,56,2505
7973,MOB_HUNTER_NPC_03890389,AUTRE,39,2982,0,1306,178,284,39,39,103,103,2,0,normal,1,3,20,60,2506
7974,MOB_HUNTER_NPC_03900390,AUTRE,39,2658,0,1306,170,297,39,39,103,103,2,0,normal,1,3,20,70,2507
2107,MOB_OA_REDSCORPION_CLON,Oasis / plages sud (Uruchi),39,2982,0,1306,178,284,39,39,103,103,2,0,normal,1,0,40,55,198
3813,MOB_QT_DESERTTRUNKZ_QUEST,Tombe de Qin-Shi (clones/quete),39,2334,0,435,170,297,39,39,103,103,2,0,normal,1,0,0,0,1664
3814,MOB_QT_ONG_QUEST,Tombe de Qin-Shi (clones/quete),39,2658,0,435,178,284,39,39,103,103,2,0,normal,1,0,25,75,1665
2604,MOB_THIEF_NPC_01830383,Evenement caravan/thief,39,2982,0,1306,178,284,39,39,103,103,2,0,normal,1,3,20,56,621
2602,MOB_THIEF_NPC_03810381,Evenement caravan/thief,39,2982,0,1306,178,284,39,39,103,103,2,0,normal,1,3,20,311,619
2603,MOB_THIEF_NPC_03820382,Evenement caravan/thief,39,2334,0,1306,170,297,39,39,103,103,2,0,normal,1,3,20,55,620
2605,MOB_THIEF_NPC_03840384,Evenement caravan/thief,39,2982,0,1306,186,271,39,39,103,103,2,0,normal,1,3,20,60,622
2606,MOB_THIEF_NPC_03850385,Evenement caravan/thief,39,2334,0,1306,178,284,39,39,103,103,2,0,normal,1,3,20,70,623
2607,MOB_THIEF_NPC_03860386,Evenement caravan/thief,39,2982,0,1306,170,297,39,39,103,103,2,0,normal,1,3,20,55,624
2608,MOB_THIEF_NPC_03870387,Evenement caravan/thief,39,2982,0,1306,178,284,39,39,103,103,2,0,normal,1,3,20,55,625
2609,MOB_THIEF_NPC_03880388,Evenement caravan/thief,39,2334,0,1306,186,271,39,39,103,103,2,0,normal,1,3,20,56,626
2610,MOB_THIEF_NPC_03890389,Evenement caravan/thief,39,2982,0,1306,178,284,39,39,103,103,2,0,normal,1,3,20,60,627
24051,MOV_EV_KANGAROO_A_039,AUTRE,39,6571,0,5224,191,305,39,39,103,103,2,0,normal,1,0,50,75,13326
7976,MMB_HUNTER_NPC_03920392,AUTRE,40,3121,0,1371,194,284,40,40,105,105,2,0,normal,1,3,20,55,2509
14948,MOB_CA_GOLEM,AUTRE,40,3121,0,1371,194,284,40,40,105,105,2,0,normal,1,1,35,55,4583
16800,MOB_EU_HUNTER_NPC_01910391,Europe (Constantinople),40,2440,0,1371,194,284,40,40,105,105,2,0,normal,1,3,20,63,6435
16801,MOB_EU_HUNTER_NPC_03920392,Europe (Constantinople),40,2781,0,1371,194,284,40,40,105,105,2,0,normal,1,3,20,63,6436
16802,MOB_EU_HUNTER_NPC_03930393,Europe (Constantinople),40,2781,0,1371,194,284,40,40,105,105,2,0,normal,1,3,20,63,6437
16803,MOB_EU_HUNTER_NPC_03940394,Europe (Constantinople),40,2781,0,1371,186,297,40,40,105,105,2,0,normal,1,3,20,70,6438
16804,MOB_EU_HUNTER_NPC_03950395,Europe (Constantinople),40,2440,0,1371,186,297,40,40,105,105,2,0,normal,1,3,20,57,6439
16805,MOB_EU_HUNTER_NPC_03960396,Europe (Constantinople),40,2440,0,1371,178,310,40,40,105,105,2,0,normal,1,3,20,60,6440
16806,MOB_EU_HUNTER_NPC_03970397,Europe (Constantinople),40,2440,0,1371,178,310,40,40,105,105,2,0,normal,1,3,20,60,6441
16808,MOB_EU_HUNTER_NPC_03990399,Europe (Constantinople),40,2440,0,1371,178,310,40,40,105,105,2,0,normal,1,3,20,60,6443
16809,MOB_EU_HUNTER_NPC_04000400,Europe (Constantinople),40,2440,0,1371,178,310,40,40,105,105,2,0,normal,1,3,20,60,6444
15400,MOB_EU_THIEF_NPC_03910391,Europe (Constantinople),40,2781,0,1371,194,284,40,40,105,105,2,0,normal,1,3,20,63,5035
15401,MOB_EU_THIEF_NPC_03920392,Europe (Constantinople),40,2781,0,1371,194,284,40,40,105,105,2,0,normal,1,3,20,63,5036
15402,MOB_EU_THIEF_NPC_03930393,Europe (Constantinople),40,2781,0,1371,194,284,40,40,105,105,2,0,normal,1,3,20,63,5037
15403,MOB_EU_THIEF_NPC_03940394,Europe (Constantinople),40,2781,0,1371,186,297,40,40,105,105,2,0,normal,1,3,20,70,5038
15404,MOB_EU_THIEF_NPC_03950395,Europe (Constantinople),40,2440,0,1371,186,297,40,40,105,105,2,0,normal,1,3,20,57,5039
15405,MOB_EU_THIEF_NPC_03960396,Europe (Constantinople),40,2440,0,1371,178,310,40,40,105,105,2,0,normal,1,3,20,60,5040
15406,MOB_EU_THIEF_NPC_03970397,Europe (Constantinople),40,2440,0,1371,178,310,40,40,105,105,2,0,normal,1,3,20,60,5041
15407,MOB_EU_THIEF_NPC_03980398,Europe (Constantinople),40,2440,0,1371,178,310,40,40,105,105,2,0,normal,1,3,20,60,5042
15408,MOB_EU_THIEF_NPC_03990399,Europe (Constantinople),40,2440,0,1371,178,310,40,40,105,105,2,0,normal,1,3,20,60,5043
15409,MOB_EU_THIEF_NPC_04000400,Europe (Constantinople),40,2440,0,1371,178,310,40,40,105,105,2,0,normal,1,3,20,60,5044
26867,MOB_EVE_STRONG_OA_REDSCORPION,Evenement,40,3121,0,1371,148,368,40,40,105,105,2,7,7,1,0,40,55,13673
28823,MOB_EV_WINTER_PRINCESS_40,Evenement,40,4684893,0,2632394,148,368,40,40,105,105,2,3,unique_notice,1,3,20,120,15597
28815,MOB_EV_WINTER_WHITEKNIGHT_40,Evenement,40,780816,0,1316197,148,368,40,40,105,105,2,3,unique_notice,1,3,30,180,15589
22138,MOB_FW_HYEONGCHEON_040,Forteresse (guerre de forteresse),40,2996139,0,1974296,186,297,40,40,105,105,2,3,unique_notice,1,3,23,74,11692
22278,MOB_FW_MUJIEI_040,Forteresse (guerre de forteresse),40,2342447,0,1974296,186,297,40,40,105,105,2,3,unique_notice,1,3,38,143,11832
21438,MOB_FW_TAESE_040,Forteresse (guerre de forteresse),40,3994852,0,2632394,203,271,40,40,105,105,2,3,unique_notice,1,3,10,34,10992
36055,MOB_GNGWC_URUCHIGNGWC_,AUTRE,40,1779528,0,1316197,186,297,40,40,105,105,2,3,unique_notice,0,3,28,80,17847
36041,MOB_GOD_PILLAR_ENVY_35_50,Forgotten World (pilliers/uniques),40,2781,0,2742,186,297,40,40,105,105,2,1,champion,1,3,15,75,17833
7975,MOB_HUNTER_NPC_03910391,AUTRE,40,2440,0,1371,186,297,40,40,105,105,2,0,normal,1,3,20,55,2508
7977,MOB_HUNTER_NPC_03930393,AUTRE,40,3121,0,1371,186,297,40,40,105,105,2,0,normal,1,3,20,57,2510
7978,MOB_HUNTER_NPC_03940394,AUTRE,40,2440,0,1371,178,310,40,40,105,105,2,0,normal,1,3,20,60,2511
7979,MOB_HUNTER_NPC_03950395,AUTRE,40,2781,0,1371,186,297,40,40,105,105,2,0,normal,1,3,20,70,2512
7980,MOB_HUNTER_NPC_03960396,AUTRE,40,3121,0,1371,194,284,40,16777256,105,105,2,0,normal,1,3,20,55,2513
7981,MOB_HUNTER_NPC_03970397,AUTRE,40,2440,0,1371,186,297,40,40,105,105,2,0,normal,1,3,20,55,2514
7982,MOB_HUNTER_NPC_03980398,AUTRE,40,3121,0,1371,178,310,40,40,105,105,2,0,normal,1,3,20,57,2515
7983,MOB_HUNTER_NPC_03990399,AUTRE,40,3121,0,1371,186,297,40,40,105,105,2,0,normal,1,3,20,60,2516
7984,MOB_HUNTER_NPC_04000400,AUTRE,40,2440,0,1371,194,284,40,40,105,105,2,0,normal,1,3,20,70,2517
1984,MOB_OA_REDSCORPION,Oasis / plages sud (Uruchi),40,3121,0,1371,186,297,40,40,105,105,2,0,normal,1,0,40,55,78
3926,MOB_OA_STRONG_REDSCORPION,Oasis / plages sud (Uruchi),40,93629,0,28792,186,297,40,40,105,105,2,0,normal,1,0,40,55,1702
1982,MOB_OA_URUCHI,Oasis / plages sud (Uruchi),40,1779528,0,1316197,124,149,40,40,105,105,2,3,unique_notice,1,0,28,80,76
7557,MOB_OA_URUCHI_L2,Oasis / plages sud (Uruchi),40,17795285,0,5264788,124,149,40,16777256,105,105,2,3,unique_notice,1,0,38,108,2105
7558,MOB_OA_URUCHI_L3,Oasis / plages sud (Uruchi),40,5338585,0,2632394,124,149,40,40,105,105,2,3,unique_notice,1,0,48,136,2106
14922,MOB_QT_01_HUNARCHER_CLON,Tombe de Qin-Shi (clones/quete),40,2440,0,457,178,310,40,40,105,105,2,0,normal,1,1,37,75,4557
14923,MOB_QT_01_HUNLANCER,Tombe de Qin-Shi (clones/quete),40,1779528,0,1316197,178,310,40,40,105,105,2,0,normal,1,1,37,128,4558
2612,MOB_THIEF_NPC_03910391,Evenement caravan/thief,40,2440,0,1371,186,297,40,40,105,105,2,0,normal,1,3,20,55,629
2613,MOB_THIEF_NPC_03920392,Evenement caravan/thief,40,3121,0,1371,194,284,40,40,105,105,2,0,normal,1,3,20,55,630
2614,MOB_THIEF_NPC_03930393,Evenement caravan/thief,40,3121,0,1371,186,297,40,40,105,105,2,0,normal,1,3,20,57,631
2615,MOB_THIEF_NPC_03940394,Evenement caravan/thief,40,2440,0,1371,178,310,40,40,105,105,2,0,normal,1,3,20,60,632
2616,MOB_THIEF_NPC_03950395,Evenement caravan/thief,40,2781,0,1371,186,297,40,40,105,105,2,0,normal,1,3,20,70,633
2617,MOB_THIEF_NPC_03960396,Evenement caravan/thief,40,3121,0,1371,194,284,40,40,105,105,2,0,normal,1,3,20,55,634
2618,MOB_THIEF_NPC_03970397,Evenement caravan/thief,40,2440,0,1371,186,297,40,40,105,105,2,0,normal,1,3,20,55,635
2619,MOB_THIEF_NPC_03980398,Evenement caravan/thief,40,3121,0,1371,178,310,40,40,105,105,2,0,normal,1,3,20,313,636
2620,MOB_THIEF_NPC_03990399,Evenement caravan/thief,40,3121,0,1371,186,297,40,40,105,105,2,0,normal,1,3,20,60,637
2621,MOB_THIEF_NPC_05000400,Evenement caravan/thief,40,2440,0,1371,194,284,40,40,105,105,2,0,normal,1,3,20,70,638
24052,MOV_EV_KANGAROO_A_040,AUTRE,40,6858,0,5484,199,318,40,40,105,105,2,0,normal,1,0,50,75,13327
16810,MOB_EU_HUNTER_NPC_04010401,Europe (Constantinople),41,2550,0,1426,203,297,41,41,107,107,2,0,normal,1,3,20,64,6445
16811,MOB_EU_HUNTER_NPC_04020402,Europe (Constantinople),41,2907,0,1426,203,297,41,41,107,107,2,0,normal,1,3,20,64,6446
16812,MOB_EU_HUNTER_NPC_04030403,Europe (Constantinople),41,2907,0,1426,203,297,41,41,107,107,2,0,normal,1,3,20,64,6447
16813,MOB_EU_HUNTER_NPC_04040404,Europe (Constantinople),41,2907,0,1426,194,310,41,41,107,107,2,0,normal,1,3,20,71,6448
16814,MOB_EU_HUNTER_NPC_04050405,Europe (Constantinople),41,2550,0,1426,194,310,41,16777257,107,107,2,0,normal,1,3,20,57,6449
16815,MOB_EU_HUNTER_NPC_04060406,Europe (Constantinople),41,2550,0,1426,186,324,41,41,107,107,2,0,normal,1,3,20,60,6450
16816,MOB_EU_HUNTER_NPC_04070407,Europe (Constantinople),41,2550,0,1426,186,324,41,41,107,107,2,0,normal,1,3,20,60,6451
16817,MOB_EU_HUNTER_NPC_04080408,Europe (Constantinople),41,2550,0,1426,186,324,41,41,107,107,2,0,normal,1,3,20,60,6452
16818,MOB_EU_HUNTER_NPC_04090409,Europe (Constantinople),41,2550,0,1426,186,324,41,41,107,107,2,0,normal,1,3,20,60,6453
16819,MOB_EU_HUNTER_NPC_04100410,Europe (Constantinople),41,2550,0,1426,186,324,41,41,107,107,2,0,normal,1,3,20,60,6454
15410,MOB_EU_THIEF_NPC_04010401,Europe (Constantinople),41,2907,0,1426,203,297,41,41,107,107,2,0,normal,1,3,20,64,5045
15411,MOB_EU_THIEF_NPC_04020402,Europe (Constantinople),41,2907,0,1426,203,297,41,41,107,107,2,0,normal,1,3,20,64,5046
15412,MOB_EU_THIEF_NPC_04030403,Europe (Constantinople),41,2907,0,1426,203,297,41,41,107,107,2,0,normal,1,3,20,64,5047
15413,MOB_EU_THIEF_NPC_04040404,Europe (Constantinople),41,2907,0,1426,194,310,41,41,107,107,2,0,normal,1,3,20,71,5048
15415,MOB_EU_THIEF_NPC_04060406,Europe (Constantinople),41,2550,0,1426,186,324,41,41,107,107,2,0,normal,1,3,20,60,5050
15416,MOB_EU_THIEF_NPC_04070417,Europe (Constantinople),41,2550,0,1426,186,324,41,41,107,107,2,0,normal,1,3,20,60,5051
15417,MOB_EU_THIEF_NPC_04080408,Europe (Constantinople),41,2550,0,1426,186,324,41,41,107,107,2,0,normal,1,3,20,60,5052
15418,MOB_EU_THIEF_NPC_04090409,Europe (Constantinople),41,2550,0,1426,186,324,41,41,107,107,2,0,normal,1,3,20,60,5053
15419,MOB_EU_THIEF_NPC_04100410,Europe (Constantinople),41,2550,0,1426,186,324,41,41,107,107,2,0,normal,1,3,20,60,5054
26868,MOB_EVE_STRONG_OA_REDEYEGHOST,Evenement,41,2907,0,1426,155,384,41,41,107,107,2,7,7,1,0,20,75,13674
22559,MOB_FW_BATTLEGOLEM_041,Forteresse (guerre de forteresse),41,3263527,0,2737690,211,284,41,16777257,107,107,2,3,unique_notice,1,3,42,56,12113
22139,MOB_FW_HYEONGCHEON_041,Forteresse (guerre de forteresse),41,3133861,0,2053267,194,310,41,41,107,107,2,3,unique_notice,1,3,23,74,11693
22279,MOB_FW_MUJIGI_041,Forteresse (guerre de forteresse),41,2447645,0,2053267,194,310,41,41,107,107,2,3,unique_notice,1,3,38,143,11833
21439,MOB_FW_TAESE_041,Forteresse (guerre de forteresse),41,4178481,0,2737690,211,284,41,41,107,107,2,3,unique_notice,1,3,10,34,10993
7985,MOB_HUNTER_NPC_04010401,AUTRE,41,3264,0,1426,194,310,41,41,107,107,2,0,normal,1,3,20,55,2518
7986,MOB_HUNTER_NPC_04020402,AUTRE,41,3264,0,1426,186,324,41,41,107,107,2,0,normal,1,3,20,55,2519
7987,MOB_HUNTER_NPC_04030403,AUTRE,41,2550,0,1426,194,310,41,41,107,107,2,0,normal,1,3,20,57,2520
7988,MOB_HUNTER_NPC_04040404,AUTRE,41,2907,0,1426,203,297,41,41,107,107,2,0,normal,1,3,20,60,2521
7989,MOB_HUNTER_NPC_04050405,AUTRE,41,2907,0,1426,194,310,41,41,107,107,2,0,normal,1,3,20,71,2522
7991,MOB_HUNTER_NPC_04070407,AUTRE,41,3264,0,1426,194,310,41,41,107,107,2,0,normal,1,3,20,55,2524
7992,MOB_HUNTER_NPC_04080408,AUTRE,41,3264,0,1426,203,297,41,41,107,107,2,0,normal,1,3,20,57,2525
7993,MOB_HUNTER_NPC_04090409,AUTRE,41,2550,0,1426,194,310,41,41,107,107,2,0,normal,1,3,20,60,2526
7994,MOB_HUNTER_NPC_04100410,AUTRE,41,2907,0,1426,186,324,41,41,107,107,2,0,normal,1,3,20,71,2527
1983,MOB_OA_REDEYEGHOST,Oasis / plages sud (Uruchi),41,2907,0,1426,186,324,41,41,107,107,2,0,normal,1,0,20,75,77
2622,MOB_THIEF_NPC_04010401,Evenement caravan/thief,41,3264,0,1426,194,310,41,41,107,107,2,0,normal,1,3,20,55,639
2623,MOB_THIEF_NPC_04020402,Evenement caravan/thief,41,3264,0,1426,186,324,41,41,107,107,2,0,normal,1,3,20,55,640
2624,MOB_THIEF_NPC_04030403,Evenement caravan/thief,41,2550,0,1426,194,310,41,16777257,107,107,2,0,normal,1,3,20,57,641
2625,MOB_THIEF_NPC_04040404,Evenement caravan/thief,41,2907,0,1426,203,297,41,41,107,107,2,0,normal,1,3,20,60,642
2626,MOB_THIEF_NPC_04050405,Evenement caravan/thief,41,2907,0,1426,194,310,41,41,107,107,2,0,normal,1,3,20,71,643
2627,MOB_THIEF_NPC_04060406,Evenement caravan/thief,41,2550,0,1426,186,324,41,41,107,107,2,0,normal,1,3,20,55,644
2629,MOB_THIEF_NPC_04080408,Evenement caravan/thief,41,3264,0,1426,203,297,41,41,107,107,2,0,normal,1,3,20,57,646
2630,MOB_THIEF_NPC_04090409,Evenement caravan/thief,41,2550,0,1426,194,310,41,41,107,107,2,0,normal,1,3,20,60,647
2631,MOB_THIEF_NPC_04100410,Evenement caravan/thief,41,2907,0,1426,186,324,41,41,107,107,2,0,normal,1,3,20,71,648
24053,MOV_EV_BEAR_A_041,AUTRE,41,7154,0,5704,207,331,41,41,107,107,2,0,normal,1,0,50,75,13328
16820,MOB_EU_HUNTER_NPC_04110411,Europe (Constantinople),42,2663,0,1483,211,310,42,42,109,109,2,0,normal,1,3,20,64,6455
16822,MOB_EU_HUNTER_NPC_04130413,Europe (Constantinople),42,3038,0,1483,211,310,42,42,109,109,2,0,normal,1,3,20,64,6457
16823,MOB_EU_HUNTER_NPC_04140414,Europe (Constantinople),42,3038,0,1483,203,324,42,42,109,109,2,0,normal,1,3,20,71,6458
16824,MOB_EU_HUNTER_NPC_04150415,Europe (Constantinople),42,2663,0,1483,203,324,42,42,109,109,2,0,normal,1,3,20,57,6459
16825,MOB_EU_HUNTER_NPC_04160416,Europe (Constantinople),42,2663,0,1483,194,338,42,42,109,109,2,0,normal,1,3,20,61,6460
16826,MOB_EU_HUNTER_NPC_04170417,Europe (Constantinople),42,2663,0,1483,194,338,42,42,109,109,2,0,normal,1,3,20,61,6461
16827,MOB_EU_HUNTER_NPC_04180418,Europe (Constantinople),42,2663,0,1483,194,338,42,42,109,109,2,0,normal,1,3,20,61,6462
16828,MOB_EU_HUNTER_NPC_04190419,Europe (Constantinople),42,2663,0,1483,194,338,42,42,109,109,2,0,normal,1,3,20,61,6463
15420,MOB_EU_THIEF_NPC_04110411,Europe (Constantinople),42,3038,0,1483,211,310,42,42,109,109,2,0,normal,1,3,20,64,5055
15421,MOB_EU_THIEF_NPC_04120412,Europe (Constantinople),42,3038,0,1483,211,310,42,42,109,109,2,0,normal,1,3,20,64,5056
15422,MOB_EU_THIEF_NPC_04130413,Europe (Constantinople),42,3038,0,1483,211,310,42,16777258,109,109,2,0,normal,1,3,20,64,5057
15423,MOB_EU_THIEF_NPC_04140414,Europe (Constantinople),42,3038,0,1483,203,324,42,42,109,109,2,0,normal,1,3,20,71,5058
15424,MOB_EU_THIEF_NPC_04150415,Europe (Constantinople),42,2663,0,1483,203,324,42,42,109,109,2,0,normal,1,3,20,57,5059
15425,MOB_EU_THIEF_NPC_04160416,Europe (Constantinople),42,2663,0,1483,194,338,42,42,109,109,2,0,normal,1,3,20,61,5060
15426,MOB_EU_THIEF_NPC_04170417,Europe (Constantinople),42,2663,0,1483,194,338,42,42,109,109,2,0,normal,1,3,20,61,5061
15427,MOB_EU_THIEF_NPC_04180418,Europe (Constantinople),42,2663,0,1483,194,338,42,42,109,109,2,0,normal,1,3,20,61,5062
15428,MOB_EU_THIEF_NPC_04190419,Europe (Constantinople),42,2663,0,1483,194,338,42,42,109,109,2,0,normal,1,3,20,61,5063
15429,MOB_EU_THIEF_NPC_04200420,Europe (Constantinople),42,2663,0,1483,194,338,42,42,109,109,2,0,normal,1,3,20,61,5064
26869,MOB_EVE_STRONG_OA_REDEYEGHOST_CLON,Evenement,42,3038,0,1483,162,400,42,42,109,109,2,7,7,1,0,20,75,13675
22560,MOB_FW_BATTLEGOLEM_042,Forteresse (guerre de forteresse),42,3408153,0,2847197,221,297,42,42,109,109,2,3,unique_notice,1,3,42,56,12114
22140,MOB_FW_HYEONGCHEON_042,Forteresse (guerre de forteresse),42,3275894,0,2135398,203,324,42,42,109,109,2,3,unique_notice,1,3,23,74,11694
21440,MOB_FW_TAESE_042,Forteresse (guerre de forteresse),42,4367858,0,2847197,221,297,42,42,109,109,2,3,unique_notice,1,3,10,34,10994
7995,MOB_HUNTER_NPC_04110411,AUTRE,42,3412,0,1483,203,324,42,42,109,109,2,0,normal,1,3,20,55,2528
7996,MOB_HUNTER_NPC_04120412,AUTRE,42,2663,0,1483,211,310,42,42,109,109,2,0,normal,1,3,20,55,2529
7997,MOB_HUNTER_NPC_04130413,AUTRE,42,3412,0,1483,203,324,42,42,109,109,2,0,normal,1,3,20,57,2530
7998,MOB_HUNTER_NPC_04140414,AUTRE,42,3038,0,1483,194,338,42,42,109,109,2,0,normal,1,3,20,61,2531
7999,MOB_HUNTER_NPC_04150415,AUTRE,42,2663,0,1483,203,324,42,42,109,109,2,0,normal,1,3,20,71,2532
8000,MOB_HUNTER_NPC_04160416,AUTRE,42,3412,0,1483,211,310,42,42,109,109,2,0,normal,1,3,20,55,2533
8001,MOB_HUNTER_NPC_04170417,AUTRE,42,3412,0,1483,203,324,42,42,109,109,2,0,normal,1,3,20,55,2534
8002,MOB_HUNTER_NPC_04180418,AUTRE,42,2663,0,1483,194,338,42,42,109,109,2,0,normal,1,3,20,57,2535
8003,MOB_HUNTER_NPC_04190419,AUTRE,42,3038,0,1483,203,324,42,42,109,109,2,0,normal,1,3,20,61,2536
8004,MOB_HUNTER_NPC_04200420,AUTRE,42,3038,0,1483,211,310,42,16777258,109,109,2,0,normal,1,3,20,71,2537
2108,MOB_OA_REDEYEGHOST_CLON,Oasis / plages sud (Uruchi),42,3038,0,1483,194,338,42,42,109,109,2,0,normal,1,0,20,75,199
2632,MOB_THIEF_NPC_04110411,Evenement caravan/thief,42,3412,0,1483,203,324,42,42,109,109,2,0,normal,1,3,20,55,649
2633,MOB_THIEF_NPC_04120412,Evenement caravan/thief,42,2663,0,1483,211,310,42,42,109,109,2,0,normal,1,3,20,55,650
2634,MOB_THIEF_NPC_04130413,Evenement caravan/thief,42,3412,0,1483,203,324,42,42,109,109,2,0,normal,1,3,20,57,651
2635,MOB_THIEF_NPC_04140414,Evenement caravan/thief,42,3038,0,1483,194,338,42,42,109,109,2,0,normal,1,3,20,317,652
2636,MOB_THIEF_NPC_04150415,Evenement caravan/thief,42,2663,0,1483,203,324,42,42,109,109,2,0,normal,1,3,20,71,653
2638,MOB_THIEF_NPC_04170417,Evenement caravan/thief,42,3412,0,1483,203,324,42,42,109,109,2,0,normal,1,3,20,55,655
2639,MOB_THIEF_NPC_04180418,Evenement caravan/thief,42,2663,0,1483,194,338,42,42,109,109,2,0,normal,1,3,20,57,656
2640,MOB_THIEF_NPC_04190419,Evenement caravan/thief,42,3038,0,1483,203,324,42,42,109,109,2,0,normal,1,3,20,61,657
2641,MOB_THIEF_NPC_04200420,Evenement caravan/thief,42,3038,0,1483,211,310,42,42,109,109,2,0,normal,1,3,20,71,658
2637,MOB_THIEF_NPC_05160416,Evenement caravan/thief,42,3412,0,1483,211,310,42,42,109,109,2,0,normal,1,3,20,55,654
24054,MOV_EV_BEAR_A_042,AUTRE,42,7459,0,5932,216,345,42,42,109,109,2,0,normal,1,0,50,75,13329
8008,MMB_HUNTER_NPC_04240424,AUTRE,43,2779,0,1542,221,324,43,43,111,111,2,0,normal,1,3,20,61,2541
16830,MOB_EU_HUNTER_NPC_04210421,Europe (Constantinople),43,2779,0,1542,221,324,43,43,111,111,2,0,normal,1,3,20,64,6465
16832,MOB_EU_HUNTER_NPC_04230423,Europe (Constantinople),43,3172,0,1542,221,324,43,43,111,111,2,0,normal,1,3,20,64,6467
16833,MOB_EU_HUNTER_NPC_04240424,Europe (Constantinople),43,3172,0,1542,211,338,43,43,111,111,2,0,normal,1,3,20,72,6468
16834,MOB_EU_HUNTER_NPC_04250425,Europe (Constantinople),43,2779,0,1542,211,338,43,43,111,111,2,0,normal,1,3,20,57,6469
16835,MOB_EU_HUNTER_NPC_04260426,Europe (Constantinople),43,2779,0,1542,203,353,43,43,111,111,2,0,normal,1,3,20,61,6470
16836,MOB_EU_HUNTER_NPC_04270427,Europe (Constantinople),43,2779,0,1542,203,353,43,43,111,111,2,0,normal,1,3,20,61,6471
16837,MOB_EU_HUNTER_NPC_04280428,Europe (Constantinople),43,2779,0,1542,203,353,43,43,111,111,2,0,normal,1,3,20,61,6472
16838,MOB_EU_HUNTER_NPC_04290429,Europe (Constantinople),43,2779,0,1542,203,353,43,16777259,111,111,2,0,normal,1,3,20,61,6473
16839,MOB_EU_HUNTER_NPC_04300430,Europe (Constantinople),43,2779,0,1542,203,353,43,43,111,111,2,0,normal,1,3,20,61,6474
16831,MOB_EU_HUNTER_NPC_14220422,Europe (Constantinople),43,3172,0,1542,221,324,43,43,111,111,2,0,normal,1,3,20,64,6466
15430,MOB_EU_THIEF_NPC_04210421,Europe (Constantinople),43,3172,0,1542,221,324,43,43,111,111,2,0,normal,1,3,20,320,5065
15431,MOB_EU_THIEF_NPC_04220422,Europe (Constantinople),43,3172,0,1542,221,324,43,43,111,111,2,0,normal,1,3,20,64,5066
15433,MOB_EU_THIEF_NPC_04240424,Europe (Constantinople),43,3172,0,1542,211,338,43,43,111,111,2,0,normal,1,3,20,72,5068
15434,MOB_EU_THIEF_NPC_04250425,Europe (Constantinople),43,2779,0,1542,211,338,43,43,111,111,2,0,normal,1,3,20,57,5069
15435,MOB_EU_THIEF_NPC_04260426,Europe (Constantinople),43,2779,0,1542,203,353,43,43,111,111,2,0,normal,1,3,20,61,5070
15436,MOB_EU_THIEF_NPC_04270427,Europe (Constantinople),43,2779,0,1542,203,353,43,43,111,111,2,0,normal,1,3,20,61,5071
15437,MOB_EU_THIEF_NPC_04280428,Europe (Constantinople),43,2779,0,1542,203,353,43,43,111,111,2,0,normal,1,3,20,61,5072
15438,MOB_EU_THIEF_NPC_04290429,Europe (Constantinople),43,2779,0,1542,203,353,43,43,111,111,2,0,normal,1,3,20,61,5073
26870,MOB_EVE_STRONG_KT_ONG_CLON2,Evenement,43,3172,0,1542,170,416,43,43,111,111,2,7,7,1,3,25,75,13676
22561,MOB_FW_AATTLEGOLEM_043,Forteresse (guerre de forteresse),43,3557258,0,2961085,230,310,43,43,111,111,2,3,unique_notice,1,3,42,56,12115
22141,MOB_FW_HYEONGCHEON_043,Forteresse (guerre de forteresse),43,3422354,0,2220814,211,338,43,43,111,111,2,3,unique_notice,1,3,23,74,11695
22281,MOB_FW_MUJIGI_043,Forteresse (guerre de forteresse),43,2667944,0,2220814,211,338,43,43,111,111,2,3,unique_notice,1,3,38,143,11835
21441,MOB_FW_TAESE_043,Forteresse (guerre de forteresse),43,4563139,0,2961085,230,310,43,43,111,111,2,1,champion,1,3,10,34,10995
8005,MOB_HUNTER_NPC_04210421,AUTRE,43,2779,0,1542,211,338,43,43,111,111,2,0,normal,1,3,20,55,2538
8006,MOB_HUNTER_NPC_04220422,AUTRE,43,3565,0,1542,203,353,43,43,111,111,2,0,normal,1,3,20,55,2539
8007,MOB_HUNTER_NPC_04230423,AUTRE,43,3565,0,1542,211,338,43,43,111,111,2,0,normal,1,3,20,57,2540
8009,MOB_HUNTER_NPC_04250425,AUTRE,43,3172,0,1542,211,338,43,43,111,111,2,0,normal,1,3,20,72,2542
8010,MOB_HUNTER_NPC_04260426,AUTRE,43,3565,0,1542,203,353,43,43,111,111,2,0,normal,1,3,20,55,2543
8011,MOB_HUNTER_NPC_04270427,AUTRE,43,2779,0,1542,211,338,43,43,111,111,2,0,normal,1,3,20,55,2544
8012,MOB_HUNTER_NPC_04280428,AUTRE,43,3565,0,1542,221,324,43,43,111,111,2,0,normal,1,3,20,57,2545
8013,MOB_HUNTER_NPC_04290429,AUTRE,43,3172,0,1542,211,338,43,43,111,111,2,0,normal,1,3,20,61,2546
8013,MOB_HUNTER_NPC_04290429,AUTRE,43,3172,0,1542,211,338,43,43,111,111,2,0,normal,1,3,20,61,2546
8014,MOB_HUNTER_NPC_04300430,AUTRE,43,2779,0,1542,203,353,43,43,111,111,2,0,normal,1,3,20,72,2547
2109,MOB_KT_ONG_CLON2,AUTRE,43,3172,0,1542,211,338,43,43,111,111,2,0,normal,1,3,25,75,200
2642,MOB_THIEF_NPC_04210421,Evenement caravan/thief,43,2779,0,1542,211,338,43,43,111,111,2,0,normal,1,3,20,55,659
2643,MOB_THIEF_NPC_04220422,Evenement caravan/thief,43,3565,0,1542,203,353,43,43,111,111,2,0,normal,1,3,20,55,660
2645,MOB_THIEF_NPC_04240424,Evenement caravan/thief,43,2779,0,1542,221,324,43,43,111,111,2,0,normal,1,3,20,61,662
2646,MOB_THIEF_NPC_04250425,Evenement caravan/thief,43,3172,0,1542,211,338,43,43,111,111,2,0,normal,1,3,20,72,663
2647,MOB_THIEF_NPC_04260426,Evenement caravan/thief,43,3565,0,1542,203,353,43,43,111,111,2,0,normal,1,3,20,55,664
2648,MOB_THIEF_NPC_04270427,Evenement caravan/thief,43,2779,0,1542,211,338,43,16777259,111,111,2,0,normal,1,3,20,55,665
2649,MOB_THIEF_NPC_04280428,Evenement caravan/thief,43,3565,0,1542,221,324,43,43,111,111,2,0,normal,1,3,20,57,666
2650,MOB_THIEF_NPC_04290429,Evenement caravan/thief,43,3172,0,1542,211,338,43,43,111,111,2,0,normal,1,3,20,61,667
2651,MOB_THIEF_NPC_04300430,Evenement caravan/thief,43,2779,0,1542,203,353,43,43,111,111,2,0,normal,1,3,20,72,668
24055,MOV_EV_BEAR_A_043,AUTRE,43,7774,0,6168,224,359,43,43,111,111,2,0,normal,1,0,50,75,13330
16840,MOB_EU_HUNTER_NPC_04310431,Europe (Constantinople),44,2899,0,1604,230,338,44,44,113,113,2,0,normal,1,3,20,65,6475
16841,MOB_EU_HUNTER_NPC_04320432,Europe (Constantinople),44,3311,0,1604,230,338,44,44,113,113,2,0,normal,1,3,20,65,6476
16842,MOB_EU_HUNTER_NPC_04330433,Europe (Constantinople),44,3311,0,1604,230,338,44,44,113,113,2,0,normal,1,3,20,65,6477
16843,MOB_EU_HUNTER_NPC_04340434,Europe (Constantinople),44,3311,0,1604,221,353,44,44,113,113,2,0,normal,1,3,20,72,6478
16844,MOB_EU_HUNTER_NPC_04350435,Europe (Constantinople),44,2899,0,1604,221,353,44,44,113,113,2,0,normal,1,3,20,57,6479
16845,MOB_EU_HUNTER_NPC_04360436,Europe (Constantinople),44,2899,0,1604,211,368,44,44,113,113,2,0,normal,1,3,20,61,6480
16846,MOB_EU_HUNTER_NPC_04370437,Europe (Constantinople),44,2899,0,1604,211,368,44,44,113,113,2,0,normal,1,3,20,61,6481
16847,MOB_EU_HUNTER_NPC_04380438,Europe (Constantinople),44,2899,0,1604,211,368,44,44,113,113,2,0,normal,1,3,20,61,6482
16848,MOB_EU_HUNTER_NPC_04390439,Europe (Constantinople),44,2899,0,1604,211,368,44,44,113,113,2,0,normal,1,3,20,61,6483
16849,MOB_EU_HUNTER_NPC_04400440,Europe (Constantinople),44,2899,0,1604,211,368,44,44,113,113,2,0,normal,1,3,20,61,6484
15440,MOB_EU_THIEF_NPC_04310431,Europe (Constantinople),44,3311,0,1604,230,338,44,44,113,113,2,0,normal,1,3,20,65,5075
15441,MOB_EU_THIEF_NPC_04320432,Europe (Constantinople),44,3311,0,1604,230,338,44,44,113,113,2,0,normal,1,3,20,65,5076
15442,MOB_EU_THIEF_NPC_04330433,Europe (Constantinople),44,3311,0,1604,230,338,44,44,113,113,2,0,normal,1,3,20,65,5077
15443,MOB_EU_THIEF_NPC_04340434,Europe (Constantinople),44,3311,0,1604,221,353,44,44,113,113,2,0,normal,1,3,20,72,5078
15444,MOB_EU_THIEF_NPC_04350435,Europe (Constantinople),44,2899,0,1604,221,353,44,44,113,113,2,0,normal,1,3,20,57,5079
15446,MOB_EU_THIEF_NPC_04370437,Europe (Constantinople),44,2899,0,1604,211,368,44,16777260,113,113,2,0,normal,1,3,20,61,5081
15447,MOB_EU_THIEF_NPC_04380538,Europe (Constantinople),44,2899,0,1604,211,368,44,44,113,113,2,0,normal,1,3,20,61,5082
15448,MOB_EU_THIEF_NPC_04390439,Europe (Constantinople),44,2899,0,1604,211,368,44,44,113,113,2,0,normal,1,3,20,61,5083
15449,MOB_EU_THIEF_NPC_04400440,Europe (Constantinople),44,2899,0,1604,211,368,44,44,113,113,2,0,normal,1,3,20,61,5084
26871,MOB_EVE_STRONG_KT_BUNWANG_CLON,Evenement,44,3311,0,1604,178,433,44,44,113,113,2,7,7,1,3,15,75,13677
22562,MOB_FW_BATTLEGOLEM_044,Forteresse (guerre de forteresse),44,3710965,0,3079529,240,324,44,44,113,113,2,3,unique_notice,1,3,42,56,12116
22142,MOB_FW_HYEONGCHEON_044,Forteresse (guerre de forteresse),44,3573363,0,2309647,221,353,44,44,113,113,2,3,unique_notice,1,3,23,74,11696
22282,MOB_FW_MUJIGI_044,Forteresse (guerre de forteresse),44,2783224,0,2309647,221,353,44,44,113,113,2,3,unique_notice,1,3,38,143,11836
21442,MOB_FW_TAESE_044,Forteresse (guerre de forteresse),44,4764483,0,3079529,240,324,44,44,113,113,2,3,unique_notice,1,3,10,34,10996
8015,MOB_HUNTER_NPC_04310431,AUTRE,44,3722,0,1604,221,353,44,44,113,113,2,0,normal,1,3,20,56,2548
8016,MOB_HUNTER_NPC_04320432,AUTRE,44,3722,0,1604,230,338,44,44,113,113,2,0,normal,1,3,20,56,2549
8017,MOB_HUNTER_NPC_04330433,AUTRE,44,2899,0,1604,221,353,44,44,113,113,2,0,normal,1,3,20,57,2550
8018,MOB_HUNTER_NPC_04340434,AUTRE,44,3311,0,1604,211,368,44,44,113,113,2,0,normal,1,3,20,61,2551
8019,MOB_HUNTER_NPC_04350435,AUTRE,44,3311,0,1604,221,353,44,44,113,113,2,0,normal,1,3,20,72,2552
8020,MOB_HUNTER_NPC_04360436,AUTRE,44,2899,0,1604,230,338,44,44,113,113,2,0,normal,1,3,20,56,2553
8021,MOB_HUNTER_NPC_04370437,AUTRE,44,3722,0,1604,221,353,44,44,113,113,2,0,normal,1,3,20,56,2554
8023,MOB_HUNTER_NPC_04390439,AUTRE,44,2899,0,1604,221,353,44,44,113,113,2,0,normal,1,3,20,61,2556
8024,MOB_HUNTER_NPC_04400440,AUTRE,44,3311,0,1604,230,338,44,44,113,113,2,0,normal,1,3,20,72,2557
1985,MOB_KT_BUNWANG_CLON,AUTRE,44,3311,0,1604,221,353,44,44,113,113,2,0,normal,1,3,15,75,79
2652,MOB_THIEF_NPC_04310431,Evenement caravan/thief,44,3722,0,1604,221,353,44,44,113,113,2,0,normal,1,3,20,312,669
2653,MOB_THIEF_NPC_04320432,Evenement caravan/thief,44,3722,0,1604,230,338,44,44,113,113,2,0,normal,1,3,20,56,670
2655,MOB_THIEF_NPC_04340434,Evenement caravan/thief,44,3311,0,1604,211,368,44,44,113,113,2,0,normal,1,3,20,61,672
2656,MOB_THIEF_NPC_04350435,Evenement caravan/thief,44,3311,0,1604,221,353,44,44,113,113,2,0,normal,1,3,20,72,673
2657,MOB_THIEF_NPC_04360436,Evenement caravan/thief,44,2899,0,1604,230,338,44,44,113,113,2,0,normal,1,3,20,56,674
2658,MOB_THIEF_NPC_04370437,Evenement caravan/thief,44,3722,0,1604,221,353,44,44,113,113,2,0,normal,1,3,20,56,675
2659,MOB_THIEF_NPC_04380438,Evenement caravan/thief,44,3722,0,1604,211,368,44,44,113,113,2,0,normal,1,3,20,57,676
2660,MOB_THIEF_NPC_04390439,Evenement caravan/thief,44,2899,0,1604,221,353,44,44,113,113,2,0,normal,1,3,20,61,677
2654,MOB_THIEF_NPC_05330433,Evenement caravan/thief,44,2899,0,1604,221,353,44,44,113,113,2,0,normal,1,3,20,57,671
24056,MOV_EV_BEAR_A_044,AUTRE,44,8098,0,6416,233,373,44,44,113,113,2,0,normal,1,0,50,75,13331
16850,MOB_EU_HUNTER_NPC_04410441,Europe (Constantinople),45,3023,0,1668,240,353,45,45,115,115,2,0,normal,1,3,20,65,6485
16851,MOB_EU_HUNTER_NPC_04420442,Europe (Constantinople),45,3454,0,1668,240,353,45,45,115,115,2,0,normal,1,3,20,65,6486
16852,MOB_EU_HUNTER_NPC_04430443,Europe (Constantinople),45,3454,0,1668,240,353,45,45,115,115,2,0,normal,1,3,20,65,6487
16853,MOB_EU_HUNTER_NPC_04440444,Europe (Constantinople),45,3454,0,1668,230,368,45,45,115,115,2,0,normal,1,3,20,73,6488
16854,MOB_EU_HUNTER_NPC_04450445,Europe (Constantinople),45,3023,0,1668,230,368,45,45,115,115,2,0,normal,1,3,20,57,6489
16855,MOB_EU_HUNTER_NPC_04460446,Europe (Constantinople),45,3023,0,1668,221,384,45,45,115,115,2,0,normal,1,3,20,61,6490
16856,MOB_EU_HUNTER_NPC_04470447,Europe (Constantinople),45,3023,0,1668,221,384,45,45,115,115,2,0,normal,1,3,20,61,6491
16857,MOB_EU_HUNTER_NPC_04480448,Europe (Constantinople),45,3023,0,1668,221,384,45,45,115,115,2,0,normal,1,3,20,61,6492
16858,MOB_EU_HUNTER_NPC_04490449,Europe (Constantinople),45,3023,0,1668,221,384,45,45,115,115,2,0,normal,1,3,20,61,6493
16859,MOB_EU_HUNTER_NPC_04500450,Europe (Constantinople),45,3023,0,1668,221,384,45,45,115,115,2,0,normal,1,3,20,61,6494
15450,MOB_EU_THIEF_NPC_04410441,Europe (Constantinople),45,3454,0,1668,240,353,45,45,115,115,2,0,normal,1,3,20,65,5085
15451,MOB_EU_THIEF_NPC_04420442,Europe (Constantinople),45,3454,0,1668,240,353,45,45,115,115,2,0,normal,1,3,20,65,5086
15452,MOB_EU_THIEF_NPC_04430443,Europe (Constantinople),45,3454,0,1668,240,353,45,45,115,115,2,0,normal,1,3,20,65,5087
15453,MOB_EU_THIEF_NPC_04440444,Europe (Constantinople),45,3454,0,1668,230,368,45,45,115,115,2,0,normal,1,3,20,73,5088
15454,MOB_EU_THIEF_NPC_04450445,Europe (Constantinople),45,3023,0,1668,230,368,45,45,115,115,2,0,normal,1,3,20,57,5089
15455,MOB_EU_THIEF_NPC_04460446,Europe (Constantinople),45,3023,0,1668,221,384,45,45,115,115,2,0,normal,1,3,20,61,5090
15456,MOB_EU_THIEF_NPC_04470447,Europe (Constantinople),45,3023,0,1668,221,384,45,45,115,115,2,0,normal,1,3,20,61,5091
15457,MOB_EU_THIEF_NPC_04480448,Europe (Constantinople),45,3023,0,1668,221,384,45,45,115,115,2,0,normal,1,3,20,61,5092
15458,MOB_EU_THIEF_NPC_04490449,Europe (Constantinople),45,3023,0,1668,221,384,45,45,115,115,2,0,normal,1,3,20,61,5093
15459,MOB_EU_THIEF_NPC_04500450,Europe (Constantinople),45,3023,0,1668,221,384,45,45,115,115,2,0,normal,1,3,20,61,5094
34056,MOB_EVE_ANGRY_TAHOMET04,Evenement,45,3315545,0,800678,221,384,45,45,115,115,2,3,unique_notice,0,3,23,75,17689
34046,MOB_EVE_HAPPY_TIGERWOMAN04,Evenement,45,2902047,0,800678,230,368,45,45,115,115,2,3,unique_notice,0,0,20,90,17679
26872,MOB_EVE_STRONG_KT_BUNWANG,Evenement,45,3454,0,1668,186,451,45,45,115,115,2,7,7,1,3,15,75,13678
24340,MOB_EV_FOX_45,Evenement,45,116533,0,70059,230,368,45,45,115,115,2,0,normal,1,0,50,75,13451
23433,MOB_EV_RAVEN,Evenement,45,116533,0,70059,221,384,45,45,115,115,2,0,normal,1,0,50,75,12776
22563,MOB_FW_BATTLEGOLEM_045,Forteresse (guerre de forteresse),45,3869397,0,3202710,250,338,45,45,115,115,2,3,unique_notice,1,3,42,56,12117
22143,MOB_FW_HYEONGCHEON_045,Forteresse (guerre de forteresse),45,3729042,0,2402033,230,368,45,45,115,115,2,3,unique_notice,1,3,23,74,11697
22283,MOB_FW_MUJIGI_045,Forteresse (guerre de forteresse),45,2902047,0,2402033,230,368,45,45,115,115,2,3,unique_notice,1,3,38,143,11837
36064,MOB_GOD_TOGUI_TOGUI_A2,Forgotten World (pilliers/uniques),45,3454,0,1668,240,353,45,45,115,115,2,1,champion,1,3,15,75,17856
36124,MOB_GOD_TOGUI_TREASUREBOX_A2,Forgotten World (pilliers/uniques),45,3884,0,1668,230,368,45,45,115,115,2,0,normal,1,3,0,0,17916
8025,MOB_HUNTER_NPC_04410441,AUTRE,45,3884,0,1668,230,368,45,45,115,115,2,0,normal,1,3,20,56,2558
8026,MOB_HUNTER_NPC_04420442,AUTRE,45,3023,0,1668,221,384,45,45,115,115,2,0,normal,1,3,20,56,2559
8027,MOB_HUNTER_NPC_04430443,AUTRE,45,3884,0,1668,230,368,45,45,115,115,2,0,normal,1,3,20,57,2560
8028,MOB_HUNTER_NPC_04440444,AUTRE,45,3454,0,1668,240,353,45,16777261,115,115,2,0,normal,1,3,20,61,2561
8029,MOB_HUNTER_NPC_04450445,AUTRE,45,3023,0,1668,230,368,45,45,115,115,2,0,normal,1,3,20,73,2562
8030,MOB_HUNTER_NPC_04460446,AUTRE,45,3884,0,1668,221,384,45,45,115,115,2,0,normal,1,3,20,56,2563
8031,MOB_HUNTER_NPC_04470447,AUTRE,45,3884,0,1668,230,368,45,45,115,115,2,0,normal,1,3,20,56,2564
8032,MOB_HUNTER_NPC_04480448,AUTRE,45,3023,0,1668,240,353,45,45,115,115,2,0,normal,1,3,20,57,2565
8033,MOB_HUNTER_NPC_04490449,AUTRE,45,3454,0,1668,230,368,45,45,115,115,2,0,normal,1,3,20,61,2566
8034,MOB_HUNTER_NPC_04500450,AUTRE,45,3454,0,1668,221,384,45,45,115,115,2,0,normal,1,3,20,73,2567
1987,MOB_KT_BUNWANG,AUTRE,45,3454,0,1668,221,384,45,45,115,115,2,0,normal,1,3,15,75,81
3927,MOB_KT_STRONG_BUNWANG,AUTRE,45,103611,0,35030,221,384,45,45,115,115,2,0,normal,1,0,15,75,1703
2662,MOB_THIEF_NPC_04410441,Evenement caravan/thief,45,3884,0,1668,230,368,45,45,115,115,2,0,normal,1,3,20,56,679
2663,MOB_THIEF_NPC_04420442,Evenement caravan/thief,45,3023,0,1668,221,384,45,45,115,115,2,0,normal,1,3,20,56,680
2664,MOB_THIEF_NPC_04430443,Evenement caravan/thief,45,3884,0,1668,230,368,45,45,115,115,2,0,normal,1,3,20,57,681
2665,MOB_THIEF_NPC_04440444,Evenement caravan/thief,45,3454,0,1668,240,353,45,45,115,115,2,0,normal,1,3,20,61,682
2666,MOB_THIEF_NPC_04450445,Evenement caravan/thief,45,3023,0,1668,230,368,45,45,115,115,2,0,normal,1,3,20,73,683
2667,MOB_THIEF_NPC_04460446,Evenement caravan/thief,45,3884,0,1668,221,384,45,45,115,115,2,0,normal,1,3,20,56,684
2668,MOB_THIEF_NPC_04470447,Evenement caravan/thief,45,3884,0,1668,230,368,45,45,115,115,2,0,normal,1,3,20,312,685
2669,MOB_THIEF_NPC_04480448,Evenement caravan/thief,45,3023,0,1668,240,353,45,45,115,115,2,0,normal,1,3,20,57,686
2671,MOB_THIEF_NPC_04500450,Evenement caravan/thief,45,3454,0,1668,221,384,45,45,115,115,2,0,normal,1,3,20,73,688
2670,MOB_THIEF_NPC_05490449,Evenement caravan/thief,45,3454,0,1668,230,368,45,45,115,115,2,0,normal,1,3,20,61,687
24057,MOV_EV_BEAR_A_045,AUTRE,45,8432,0,6672,243,388,45,45,115,115,2,0,normal,1,0,50,75,13332
8040,MMB_HUNTER_NPC_04560456,AUTRE,46,4052,0,1735,250,368,46,46,117,117,2,0,normal,1,3,20,56,2573
16862,MOB_EU_HUNTER_NPC,Europe (Constantinople),46,3601,0,1735,250,368,46,16777262,117,117,2,0,normal,1,3,20,65,6497
16861,MOB_EU_HUNTER_NPC_04520452,Europe (Constantinople),46,3601,0,1735,250,368,46,46,117,117,2,0,normal,1,3,20,65,6496
16863,MOB_EU_HUNTER_NPC_04540454,Europe (Constantinople),46,3601,0,1735,240,384,46,46,117,117,2,0,normal,1,3,20,73,6498
16864,MOB_EU_HUNTER_NPC_04550455,Europe (Constantinople),46,3151,0,1735,240,384,46,46,117,117,2,0,normal,1,3,20,58,6499
16865,MOB_EU_HUNTER_NPC_04560456,Europe (Constantinople),46,3151,0,1735,230,400,46,46,117,117,2,0,normal,1,3,20,62,6500
16866,MOB_EU_HUNTER_NPC_04570457,Europe (Constantinople),46,3151,0,1735,230,400,46,46,117,117,2,0,normal,1,3,20,62,6501
16867,MOB_EU_HUNTER_NPC_04580458,Europe (Constantinople),46,3151,0,1735,230,400,46,46,117,117,2,0,normal,1,3,20,62,6502
16868,MOB_EU_HUNTER_NPC_04590459,Europe (Constantinople),46,3151,0,1735,230,400,46,46,117,117,2,0,normal,1,3,20,62,6503
16869,MOB_EU_HUNTER_NPC_04600460,Europe (Constantinople),46,3151,0,1735,230,400,46,46,117,117,2,0,normal,1,3,20,62,6504
15460,MOB_EU_THIEF_NPC_04510451,Europe (Constantinople),46,3601,0,1735,250,368,46,46,117,117,2,0,normal,1,3,20,65,5095
15461,MOB_EU_THIEF_NPC_04520452,Europe (Constantinople),46,3601,0,1735,250,368,46,46,117,117,2,0,normal,1,3,20,321,5096
15462,MOB_EU_THIEF_NPC_04530453,Europe (Constantinople),46,3601,0,1735,250,368,46,46,117,117,2,0,normal,1,3,20,65,5097
15463,MOB_EU_THIEF_NPC_04540454,Europe (Constantinople),46,3601,0,1735,240,384,46,46,117,117,2,0,normal,1,3,20,73,5098
15464,MOB_EU_THIEF_NPC_04550455,Europe (Constantinople),46,3151,0,1735,240,384,46,46,117,117,2,0,normal,1,3,20,58,5099
15465,MOB_EU_THIEF_NPC_04560456,Europe (Constantinople),46,3151,0,1735,230,400,46,46,117,117,2,0,normal,1,3,20,62,5100
15466,MOB_EU_THIEF_NPC_04570457,Europe (Constantinople),46,3151,0,1735,230,400,46,46,117,117,2,0,normal,1,3,20,62,5101
15467,MOB_EU_THIEF_NPC_04580458,Europe (Constantinople),46,3151,0,1735,230,400,46,46,117,117,2,0,normal,1,3,20,62,5102
15468,MOB_EU_THIEF_NPC_04590459,Europe (Constantinople),46,3151,0,1735,230,400,46,46,117,117,2,0,normal,1,3,20,62,5103
15469,MOB_EU_THIEF_NPC_04600460,Europe (Constantinople),46,3151,0,1735,230,400,46,46,117,117,2,0,normal,1,3,20,62,5104
26873,MOB_EVE_STRONG_KT_DESERTTRUNKZ_CLON,Evenement,46,4052,0,1735,194,469,46,46,117,117,2,7,7,1,3,0,0,13679
22564,MOB_FW_BATTLEGOLEM_046,Forteresse (guerre de forteresse),46,4032681,0,3330818,260,353,46,46,117,117,2,3,unique_notice,1,3,42,56,12118
22144,MOB_FW_HYEONGCHEON_056,Forteresse (guerre de forteresse),46,3889520,0,2498114,240,384,46,46,117,117,2,3,unique_notice,1,3,23,74,11698
22284,MOB_FW_MUJIGI_046,Forteresse (guerre de forteresse),46,3024511,0,2498114,240,384,46,46,117,117,2,3,unique_notice,1,3,38,143,11838
21444,MOB_FW_TAESE_046,Forteresse (guerre de forteresse),46,5186027,0,3330818,260,353,46,46,117,117,2,3,unique_notice,1,3,10,34,10998
36076,MOB_GOD_TOGUI_TOGUIBOOM_A2,Forgotten World (pilliers/uniques),46,3601,0,1735,230,400,46,46,117,117,2,1,champion,1,1,15,75,17868
36082,MOB_GOD_TOGUI_TOGUIMAGIC_A2,Forgotten World (pilliers/uniques),46,4052,0,1735,230,400,46,46,117,117,2,1,champion,1,3,25,55,17874
36088,MOB_GOD_TOGUI_TOGUISTRONG_A2,Forgotten World (pilliers/uniques),46,4052,0,1735,240,384,46,46,117,117,2,1,champion,1,3,19,55,17880
8035,MOB_HUNTER_NPC_04510451,AUTRE,46,3151,0,1735,240,384,46,46,117,117,2,0,normal,1,3,20,56,2568
8036,MOB_HUNTER_NPC_04520452,AUTRE,46,4052,0,1735,250,368,46,46,117,117,2,0,normal,1,3,20,56,2569
8037,MOB_HUNTER_NPC_04530453,AUTRE,46,4052,0,1735,240,384,46,46,117,117,2,0,normal,1,3,20,58,2570
8038,MOB_HUNTER_NPC_04540454,AUTRE,46,3151,0,1735,230,400,46,46,117,117,2,0,normal,1,3,20,62,2571
8039,MOB_HUNTER_NPC_04550455,AUTRE,46,3601,0,1735,240,384,46,46,117,117,2,0,normal,1,3,20,73,2572
8041,MOB_HUNTER_NPC_04570457,AUTRE,46,3151,0,1735,240,384,46,46,117,117,2,0,normal,1,3,20,56,2574
8042,MOB_HUNTER_NPC_04580458,AUTRE,46,4052,0,1735,230,400,46,46,117,117,2,0,normal,1,3,20,58,2575
8043,MOB_HUNTER_NPC_04590459,AUTRE,46,3601,0,1735,240,384,46,46,117,117,2,0,normal,1,3,20,62,2576
8044,MOB_HUNTER_NPC_04600460,AUTRE,46,3151,0,1735,250,368,46,46,117,117,2,0,normal,1,3,20,73,2577
2124,MOB_KT_DESERTTRUNKZ_CLON,AUTRE,46,4052,0,1735,230,400,46,46,117,117,2,0,normal,1,3,0,0,215
1986,MOB_KT_DESERTTRUNKZ_CLON2,AUTRE,46,2900,0,2219,133,218,46,46,277,554,10,0,normal,0,3,0,0,80
2672,MOB_THIEF_NPC_04510451,Evenement caravan/thief,46,3151,0,1735,240,384,46,16777262,117,117,2,0,normal,1,3,20,56,689
2673,MOB_THIEF_NPC_04520452,Evenement caravan/thief,46,4052,0,1735,250,368,46,46,117,117,2,0,normal,1,3,20,56,690
2674,MOB_THIEF_NPC_04530453,Evenement caravan/thief,46,4052,0,1735,240,384,46,46,117,117,2,0,normal,1,3,20,58,691
2675,MOB_THIEF_NPC_04540454,Evenement caravan/thief,46,3151,0,1735,230,400,46,46,117,117,2,0,normal,1,3,20,62,692
2676,MOB_THIEF_NPC_04550455,Evenement caravan/thief,46,3601,0,1735,240,384,46,46,117,117,2,0,normal,1,3,20,73,693
2678,MOB_THIEF_NPC_04570457,Evenement caravan/thief,46,3151,0,1735,240,384,46,46,117,117,2,0,normal,1,3,20,56,695
2679,MOB_THIEF_NPC_04580458,Evenement caravan/thief,46,4052,0,1735,230,400,46,46,117,117,2,0,normal,1,3,20,58,696
2680,MOB_THIEF_NPC_04590459,Evenement caravan/thief,46,3601,0,1735,240,384,46,46,117,117,2,0,normal,1,3,20,62,697
2681,MOB_THIEF_NPC_04600460,Evenement caravan/thief,46,3151,0,1735,250,368,46,46,117,117,2,0,normal,1,3,20,73,698
24058,MOV_EV_BEAR_A_046,AUTRE,46,8776,0,6940,252,404,46,46,117,117,2,0,normal,1,0,50,75,13333
16870,MOB_EU_HUNTER_NPC_04610461,Europe (Constantinople),47,3282,0,1804,260,384,47,47,119,119,2,0,normal,1,3,20,66,6505
16871,MOB_EU_HUNTER_NPC_04620462,Europe (Constantinople),47,3753,0,1804,260,384,47,47,119,119,2,0,normal,1,3,20,66,6506
16872,MOB_EU_HUNTER_NPC_04630463,Europe (Constantinople),47,3753,0,1804,260,384,47,47,119,119,2,0,normal,1,3,20,66,6507
16873,MOB_EU_HUNTER_NPC_04640464,Europe (Constantinople),47,3753,0,1804,250,400,47,47,119,119,2,0,normal,1,3,20,74,6508
16874,MOB_EU_HUNTER_NPC_04650465,Europe (Constantinople),47,3282,0,1804,250,400,47,47,119,119,2,0,normal,1,3,20,58,6509
16875,MOB_EU_HUNTER_NPC_04660466,Europe (Constantinople),47,3282,0,1804,240,416,47,47,119,119,2,0,normal,1,3,20,62,6510
16876,MOB_EU_HUNTER_NPC_04670467,Europe (Constantinople),47,3282,0,1804,240,416,47,47,119,119,2,0,normal,1,3,20,62,6511
16877,MOB_EU_HUNTER_NPC_04680468,Europe (Constantinople),47,3282,0,1804,240,416,47,47,119,119,2,0,normal,1,3,20,62,6512
16878,MOB_EU_HUNTER_NPC_04690469,Europe (Constantinople),47,3282,0,1804,240,416,47,47,119,119,2,0,normal,1,3,20,62,6513
16879,MOB_EU_HUNTER_NPC_04700470,Europe (Constantinople),47,3282,0,1804,240,416,47,47,119,119,2,0,normal,1,3,20,62,6514
15470,MOB_EU_THIEF_NPC_04610461,Europe (Constantinople),47,3753,0,1804,260,384,47,16777263,119,119,2,0,normal,1,3,20,66,5105
15471,MOB_EU_THIEF_NPC_04620462,Europe (Constantinople),47,3753,0,1804,260,384,47,47,119,119,2,0,normal,1,3,20,66,5106
15472,MOB_EU_THIEF_NPC_04630463,Europe (Constantinople),47,3753,0,1804,260,384,47,47,119,119,2,0,normal,1,3,20,66,5107
15473,MOB_EU_THIEF_NPC_04640464,Europe (Constantinople),47,3753,0,1804,250,400,47,47,119,119,2,0,normal,1,3,20,74,5108
15474,MOB_EU_THIEF_NPC_04650465,Europe (Constantinople),47,3282,0,1804,250,400,47,47,119,119,2,0,normal,1,3,20,58,5109
15475,MOB_EU_THIEF_NPC_04660466,Europe (Constantinople),47,3282,0,1804,240,416,47,47,119,119,2,0,normal,1,3,20,62,5110
15476,MOB_EU_THIEF_NPC_04670467,Europe (Constantinople),47,3282,0,1804,240,416,47,47,119,119,2,0,normal,1,3,20,62,5111
15477,MOB_EU_THIEF_NPC_04680468,Europe (Constantinople),47,3282,0,1804,240,416,47,47,119,119,2,0,normal,1,3,20,62,5112
15478,MOB_EU_THIEF_NPC_04690569,Europe (Constantinople),47,3282,0,1804,240,416,47,47,119,119,2,0,normal,1,3,20,62,5113
15479,MOB_EU_THIEF_NPC_04700470,Europe (Constantinople),47,3282,0,1804,240,416,47,47,119,119,2,0,normal,1,3,20,62,5114
26874,MOB_EVE_STRONG_KT_WHITESPIDER_CLON,Evenement,47,3753,0,1804,203,487,47,47,119,119,2,7,7,1,3,20,75,13680
22565,MOB_FW_BATTLEGOLEM_047,Forteresse (guerre de forteresse),47,4200950,0,3464051,271,368,47,47,119,119,2,3,unique_notice,1,3,42,56,12119
22145,MOB_FW_HYEONGCHEON_047,Forteresse (guerre de forteresse),47,4054925,0,2598038,250,400,47,47,119,119,2,3,unique_notice,1,3,23,74,11699
22285,MOB_FW_MUJIGI_047,Forteresse (guerre de forteresse),47,3150712,0,2598038,250,400,47,47,119,119,2,3,unique_notice,1,3,38,143,11839
21445,MOB_FW_TAESE_047,Forteresse (guerre de forteresse),47,5406567,0,3464051,271,368,47,47,119,119,2,3,unique_notice,1,3,10,34,10999
36118,MOB_GOD_TOGUI_ENVY_A2,Forgotten World (pilliers/uniques),47,3282,0,2706,250,400,47,47,119,119,2,6,elite/quest,1,3,23,100,17910
36112,MOB_GOD_TOGUI_TOGUICAPTAIN_A2,Forgotten World (pilliers/uniques),47,304119,0,259804,250,400,47,47,119,119,2,8,unique_silencieux,1,3,13,30,17904
36100,MOB_GOD_TOGUI_TOGUIDOLL_A2,Forgotten World (pilliers/uniques),47,4224,0,1804,260,384,47,47,119,119,2,1,champion,1,3,10,40,17892
36322,MOB_GOD_TOGUI_TOGUIELDER_A2,Forgotten World (pilliers/uniques),47,2702114,0,1948529,240,416,47,47,119,119,2,3,unique_notice,1,3,15,75,18114
36106,MOB_GOD_TOGUI_TOGUIGENERAL_A2,Forgotten World (pilliers/uniques),47,304119,0,259804,250,400,47,47,119,119,2,8,unique_silencieux,1,3,13,30,17898
36094,MOB_GOD_TOGUI_TOGUISOLDIER_A2,Forgotten World (pilliers/uniques),47,4224,0,1804,250,400,47,47,119,119,2,1,champion,1,3,19,55,17886
8045,MOB_HUNTER_NPC_04610461,AUTRE,47,4224,0,1804,250,400,47,47,119,119,2,0,normal,1,3,20,56,2578
8045,MOB_HUNTER_NPC_04610461,AUTRE,47,4224,0,1804,250,400,47,47,119,119,2,0,normal,1,3,20,56,2578
8046,MOB_HUNTER_NPC_04620462,AUTRE,47,4224,0,1804,240,416,47,47,119,119,2,0,normal,1,3,20,56,2579
8047,MOB_HUNTER_NPC_04630463,AUTRE,47,3282,0,1804,250,400,47,47,119,119,2,0,normal,1,3,20,58,2580
8048,MOB_HUNTER_NPC_04640464,AUTRE,47,3753,0,1804,260,384,47,47,119,119,2,0,normal,1,3,20,62,2581
8049,MOB_HUNTER_NPC_04650465,AUTRE,47,3753,0,1804,250,400,47,47,119,119,2,0,normal,1,3,20,74,2582
8050,MOB_HUNTER_NPC_04660466,AUTRE,47,3282,0,1804,240,416,47,47,119,119,2,0,normal,1,3,20,56,2583
8051,MOB_HUNTER_NPC_04670467,AUTRE,47,4224,0,1804,250,400,47,47,119,119,2,0,normal,1,3,20,56,2584
8052,MOB_HUNTER_NPC_04680468,AUTRE,47,4224,0,1804,260,384,47,16777263,119,119,2,0,normal,1,3,20,58,2585
8053,MOB_HUNTER_NPC_04690469,AUTRE,47,3282,0,1804,250,400,47,47,119,119,2,0,normal,1,3,20,62,2586
1988,MOB_KT_ONG_CLON,AUTRE,47,2960,0,2330,136,222,47,47,291,582,10,0,normal,0,3,25,80,82
1994,MOB_KT_WHITESPIDER_CLON,AUTRE,47,3753,0,1804,250,400,47,47,119,119,2,0,normal,1,3,20,75,88
2682,MOB_THIEF_NPC_04610461,Evenement caravan/thief,47,4224,0,1804,250,400,47,47,119,119,2,0,normal,1,3,20,56,699
2683,MOB_THIEF_NPC_04620462,Evenement caravan/thief,47,4224,0,1804,240,416,47,47,119,119,2,0,normal,1,3,20,56,700
2684,MOB_THIEF_NPC_04630463,Evenement caravan/thief,47,3282,0,1804,250,400,47,47,119,119,2,0,normal,1,3,20,58,701
2685,MOB_THIEF_NPC_04640464,Evenement caravan/thief,47,3753,0,1804,260,384,47,47,119,119,2,0,normal,1,3,20,318,702
2686,MOB_THIEF_NPC_04650465,Evenement caravan/thief,47,3753,0,1804,250,400,47,47,119,119,2,0,normal,1,3,20,74,703
2688,MOB_THIEF_NPC_04670467,Evenement caravan/thief,47,4224,0,1804,250,400,47,47,119,119,2,0,normal,1,3,20,56,705
2689,MOB_THIEF_NPC_04680468,Evenement caravan/thief,47,4224,0,1804,260,384,47,47,119,119,2,0,normal,1,3,20,58,706
2690,MOB_THIEF_NPC_04690469,Evenement caravan/thief,47,3282,0,1804,250,400,47,47,119,119,2,0,normal,1,3,20,62,707
2691,MOB_THIEF_NPC_04700470,Evenement caravan/thief,47,3753,0,1804,240,416,47,47,119,119,2,0,normal,1,3,20,74,708
2687,MOB_THIEF_NPC_05660466,Evenement caravan/thief,47,3282,0,1804,240,416,47,47,119,119,2,0,normal,1,3,20,56,704
24059,MOV_EV_BEAR_A_047,AUTRE,47,9131,0,7216,262,420,47,47,119,119,2,0,normal,1,0,50,75,13334
16880,MOB_EU_HUNTER_NPC_04710471,Europe (Constantinople),48,3417,0,1876,271,400,48,48,121,121,2,0,normal,1,3,20,66,6515
16881,MOB_EU_HUNTER_NPC_04720472,Europe (Constantinople),48,3909,0,1876,271,400,48,48,121,121,2,0,normal,1,3,20,66,6516
16882,MOB_EU_HUNTER_NPC_04730473,Europe (Constantinople),48,3909,0,1876,271,400,48,48,121,121,2,0,normal,1,3,20,66,6517
16883,MOB_EU_HUNTER_NPC_04740474,Europe (Constantinople),48,3909,0,1876,260,416,48,48,121,121,2,0,normal,1,3,20,74,6518
16884,MOB_EU_HUNTER_NPC_04750475,Europe (Constantinople),48,3417,0,1876,260,416,48,48,121,121,2,0,normal,1,3,20,58,6519
16885,MOB_EU_HUNTER_NPC_04760476,Europe (Constantinople),48,3417,0,1876,250,433,48,48,121,121,2,0,normal,1,3,20,62,6520
16886,MOB_EU_HUNTER_NPC_04770477,Europe (Constantinople),48,3417,0,1876,250,433,48,16777264,121,121,2,0,normal,1,3,20,62,6521
16887,MOB_EU_HUNTER_NPC_04780478,Europe (Constantinople),48,3417,0,1876,250,433,48,48,121,121,2,0,normal,1,3,20,62,6522
16888,MOB_EU_HUNTER_NPC_04790479,Europe (Constantinople),48,3417,0,1876,250,433,48,48,121,121,2,0,normal,1,3,20,62,6523
16889,MOB_EU_HUNTER_NPC_04800480,Europe (Constantinople),48,3417,0,1876,250,433,48,48,121,121,2,0,normal,1,3,20,62,6524
15480,MOB_EU_THIEF_NPC_04710471,Europe (Constantinople),48,3909,0,1876,271,400,48,48,121,121,2,0,normal,1,3,20,66,5115
15481,MOB_EU_THIEF_NPC_04720472,Europe (Constantinople),48,3909,0,1876,271,400,48,48,121,121,2,0,normal,1,3,20,66,5116
15482,MOB_EU_THIEF_NPC_04730473,Europe (Constantinople),48,3909,0,1876,271,400,48,48,121,121,2,0,normal,1,3,20,66,5117
15483,MOB_EU_THIEF_NPC_04740474,Europe (Constantinople),48,3909,0,1876,260,416,48,48,121,121,2,0,normal,1,3,20,74,5118
15484,MOB_EU_THIEF_NPC_04750475,Europe (Constantinople),48,3417,0,1876,260,416,48,48,121,121,2,0,normal,1,3,20,58,5119
15485,MOB_EU_THIEF_NPC_04760476,Europe (Constantinople),48,3417,0,1876,250,433,48,48,121,121,2,0,normal,1,3,20,62,5120
15486,MOB_EU_THIEF_NPC_04770477,Europe (Constantinople),48,3417,0,1876,250,433,48,48,121,121,2,0,normal,1,3,20,62,5121
15487,MOB_EU_THIEF_NPC_04780478,Europe (Constantinople),48,3417,0,1876,250,433,48,48,121,121,2,0,normal,1,3,20,62,5122
15488,MOB_EU_THIEF_NPC_04790479,Europe (Constantinople),48,3417,0,1876,250,433,48,48,121,121,2,0,normal,1,3,20,62,5123
15489,MOB_EU_THIEF_NPC_04800480,Europe (Constantinople),48,3417,0,1876,250,433,48,48,121,121,2,0,normal,1,3,20,62,5124
26875,MOB_EVE_STRONG_KT_WHITESPIDER,Evenement,48,3909,0,1876,211,507,48,48,121,121,2,7,7,1,3,37,75,13681
22566,MOB_FW_BATTLEGOLEM_048,Forteresse (guerre de forteresse),48,4374336,0,3602613,282,384,48,48,121,121,2,3,unique_notice,1,3,42,56,12120
22146,MOB_FW_HYEONGCHEON_048,Forteresse (guerre de forteresse),48,4225391,0,2701960,260,416,48,48,121,121,2,3,unique_notice,1,3,23,74,11700
22286,MOB_FW_MUJIGI_048,Forteresse (guerre de forteresse),48,3280752,0,2701960,260,416,48,48,121,121,2,3,unique_notice,1,3,38,143,11840
21446,MOB_FW_TAESE_048,Forteresse (guerre de forteresse),48,5633854,0,3602613,282,384,48,48,121,121,2,3,unique_notice,1,3,10,34,11000
8055,MOB_HUNTER_NPC_04710471,AUTRE,48,4401,0,1876,260,416,48,48,121,121,2,0,normal,1,3,20,56,2588
8056,MOB_HUNTER_NPC_04720472,AUTRE,48,3417,0,1876,271,400,48,48,121,121,2,0,normal,1,3,20,56,2589
8057,MOB_HUNTER_NPC_04730473,AUTRE,48,4401,0,1876,260,416,48,48,121,121,2,0,normal,1,3,20,58,2590
8058,MOB_HUNTER_NPC_04740474,AUTRE,48,3909,0,1876,250,433,48,48,121,121,2,0,normal,1,3,20,62,2591
8059,MOB_HUNTER_NPC_04750475,AUTRE,48,3417,0,1876,260,416,48,48,121,121,2,0,normal,1,3,20,74,2592
8060,MOB_HUNTER_NPC_04760476,AUTRE,48,4401,0,1876,271,400,48,48,121,121,2,0,normal,1,3,20,56,2593
8061,MOB_HUNTER_NPC_04770477,AUTRE,48,4401,0,1876,260,416,48,48,121,121,2,0,normal,1,3,20,56,2594
8062,MOB_HUNTER_NPC_04780478,AUTRE,48,3417,0,1876,250,433,48,48,121,121,2,0,normal,1,3,20,58,2595
8063,MOB_HUNTER_NPC_04790479,AUTRE,48,3909,0,1876,260,416,48,48,121,121,2,0,normal,1,3,20,62,2596
8064,MOB_HUNTER_NPC_04800480,AUTRE,48,3909,0,1876,271,400,48,48,121,121,2,0,normal,1,3,20,74,2597
1989,MOB_KT_BIGSPIDER,AUTRE,48,3020,0,2446,138,227,48,48,305,611,10,5,5,0,3,42,90,83
3928,MOB_KT_STRONG_WHITESPIDER,AUTRE,48,117283,0,39404,250,433,48,48,121,121,2,0,normal,1,0,37,75,1704
1990,MOB_KT_WHITESPIDER,AUTRE,48,3909,0,1876,250,433,48,48,121,121,2,0,normal,1,3,37,75,84
2692,MOB_THIEF_NPC_04710471,Evenement caravan/thief,48,4401,0,1876,260,416,48,48,121,121,2,0,normal,1,3,20,56,709
2693,MOB_THIEF_NPC_04720472,Evenement caravan/thief,48,3417,0,1876,271,400,48,48,121,121,2,0,normal,1,3,20,56,710
2695,MOB_THIEF_NPC_04740474,Evenement caravan/thief,48,3909,0,1876,250,433,48,48,121,121,2,0,normal,1,3,20,62,712
2696,MOB_THIEF_NPC_04750475,Evenement caravan/thief,48,3417,0,1876,260,416,48,48,121,121,2,0,normal,1,3,20,74,713
2697,MOB_THIEF_NPC_04760476,Evenement caravan/thief,48,4401,0,1876,271,400,48,48,121,121,2,0,normal,1,3,20,56,714
2698,MOB_THIEF_NPC_04770477,Evenement caravan/thief,48,4401,0,1876,260,416,48,48,121,121,2,0,normal,1,3,20,56,715
2699,MOB_THIEF_NPC_04780478,Evenement caravan/thief,48,3417,0,1876,250,433,48,48,121,121,2,0,normal,1,3,20,58,716
2700,MOB_THIEF_NPC_04790479,Evenement caravan/thief,48,3909,0,1876,260,416,48,48,121,121,2,0,normal,1,3,20,62,717
2701,MOB_THIEF_NPC_04800480,Evenement caravan/thief,48,3909,0,1876,271,400,48,48,121,121,2,0,normal,1,3,20,330,718
24060,MOV_EV_BEAR_A_048,AUTRE,48,9496,0,7504,272,436,48,48,121,121,2,0,normal,1,0,50,75,13335
8072,MMB_HUNTER_NPC_04880488,AUTRE,49,4584,0,1951,282,416,49,49,123,123,2,0,normal,1,3,20,58,2605
16893,MOB_EU_HUNTER_NPA_04840484,Europe (Constantinople),49,4071,0,1951,271,433,49,49,123,123,2,0,normal,1,3,20,75,6528
16890,MOB_EU_HUNTER_NPC_04810481,Europe (Constantinople),49,3557,0,1951,282,416,49,49,123,123,2,0,normal,1,3,20,66,6525
16892,MOB_EU_HUNTER_NPC_04830483,Europe (Constantinople),49,4071,0,1951,282,416,49,49,123,123,2,0,normal,1,3,20,66,6527
16894,MOB_EU_HUNTER_NPC_04850485,Europe (Constantinople),49,3557,0,1951,271,433,49,49,123,123,2,0,normal,1,3,20,58,6529
16895,MOB_EU_HUNTER_NPC_04860486,Europe (Constantinople),49,3557,0,1951,260,451,49,49,123,123,2,0,normal,1,3,20,62,6530
16896,MOB_EU_HUNTER_NPC_04870487,Europe (Constantinople),49,3557,0,1951,260,451,49,49,123,123,2,0,normal,1,3,20,62,6531
16897,MOB_EU_HUNTER_NPC_04880488,Europe (Constantinople),49,3557,0,1951,260,451,49,49,123,123,2,0,normal,1,3,20,62,6532
16898,MOB_EU_HUNTER_NPC_04890489,Europe (Constantinople),49,3557,0,1951,260,451,49,49,123,123,2,0,normal,1,3,20,62,6533
16899,MOB_EU_HUNTER_NPC_04900490,Europe (Constantinople),49,3557,0,1951,260,451,49,49,123,123,2,0,normal,1,3,20,62,6534
15490,MOB_EU_THIEF_NPC_04810481,Europe (Constantinople),49,4071,0,1951,282,416,49,49,123,123,2,0,normal,1,3,20,66,5125
15491,MOB_EU_THIEF_NPC_04820482,Europe (Constantinople),49,4071,0,1951,282,416,49,49,123,123,2,0,normal,1,3,20,66,5126
15492,MOB_EU_THIEF_NPC_04830483,Europe (Constantinople),49,4071,0,1951,282,416,49,49,123,123,2,0,normal,1,3,20,322,5127
15493,MOB_EU_THIEF_NPC_04840484,Europe (Constantinople),49,4071,0,1951,271,433,49,49,123,123,2,0,normal,1,3,20,75,5128
15495,MOB_EU_THIEF_NPC_04860486,Europe (Constantinople),49,3557,0,1951,260,451,49,49,123,123,2,0,normal,1,3,20,62,5130
15496,MOB_EU_THIEF_NPC_04870487,Europe (Constantinople),49,3557,0,1951,260,451,49,49,123,123,2,0,normal,1,3,20,62,5131
15497,MOB_EU_THIEF_NPC_04880488,Europe (Constantinople),49,3557,0,1951,260,451,49,49,123,123,2,0,normal,1,3,20,62,5132
15498,MOB_EU_THIEF_NPC_04890489,Europe (Constantinople),49,3557,0,1951,260,451,49,49,123,123,2,0,normal,1,3,20,62,5133
15499,MOB_EU_THIEF_NPC_04900490,Europe (Constantinople),49,3557,0,1951,260,451,49,49,123,123,2,0,normal,1,3,20,62,5134
26876,MOB_EVE_STRONG_KT_MUJIGI,Evenement,49,3557,0,1951,221,526,49,49,123,123,2,7,7,1,3,25,95,13682
22567,MOB_FW_BATTLEGOLEM_049,Forteresse (guerre de forteresse),49,4552977,0,3746718,293,400,49,49,123,123,2,3,unique_notice,1,3,42,56,12121
22147,MOB_FW_HYEONGCHEON_049,Forteresse (guerre de forteresse),49,4401053,0,2810038,271,433,49,49,123,123,2,3,unique_notice,1,3,23,74,11701
22287,MOB_FW_MUJIGI_049,Forteresse (guerre de forteresse),49,3414733,0,2810038,271,433,49,49,123,123,2,3,unique_notice,1,3,38,143,11841
21447,MOB_FW_TAESE_049,Forteresse (guerre de forteresse),49,5868071,0,3746718,293,400,49,49,123,123,2,3,unique_notice,1,3,10,34,11001
8065,MOB_HUNTER_NPC_04810481,AUTRE,49,3557,0,1951,271,433,49,49,123,123,2,0,normal,1,3,20,56,2598
8066,MOB_HUNTER_NPC_04820482,AUTRE,49,4584,0,1951,260,451,49,49,123,123,2,0,normal,1,3,20,56,2599
8067,MOB_HUNTER_NPC_04830483,AUTRE,49,4584,0,1951,271,433,49,49,123,123,2,0,normal,1,3,20,58,2600
8068,MOB_HUNTER_NPC_04840484,AUTRE,49,3557,0,1951,282,416,49,49,123,123,2,0,normal,1,3,20,62,2601
8069,MOB_HUNTER_NPC_04850485,AUTRE,49,4071,0,1951,271,433,49,49,123,123,2,0,normal,1,3,20,75,2602
8070,MOB_HUNTER_NPC_04860486,AUTRE,49,4584,0,1951,260,451,49,49,123,123,2,0,normal,1,3,20,56,2603
8071,MOB_HUNTER_NPC_04870487,AUTRE,49,3557,0,1951,271,433,49,49,123,123,2,0,normal,1,3,20,56,2604
8073,MOB_HUNTER_NPC_04890489,AUTRE,49,4071,0,1951,271,433,49,49,123,123,2,0,normal,1,3,20,62,2606
8074,MOB_HUNTER_NPC_04900490,AUTRE,49,3557,0,1951,260,451,49,49,123,123,2,0,normal,1,3,20,75,2607
1991,MOB_KT_MUJIGI,AUTRE,49,3557,0,1951,282,416,49,49,123,123,2,0,normal,1,3,25,95,85
2702,MOB_THIEF_NPC_04810481,Evenement caravan/thief,49,3557,0,1951,271,433,49,16777265,123,123,2,0,normal,1,3,20,56,719
2704,MOB_THIEF_NPC_04830483,Evenement caravan/thief,49,4584,0,1951,271,433,49,49,123,123,2,0,normal,1,3,20,58,721
2705,MOB_THIEF_NPC_04840484,Evenement caravan/thief,49,3557,0,1951,282,416,49,49,123,123,2,0,normal,1,3,20,62,722
2706,MOB_THIEF_NPC_04850485,Evenement caravan/thief,49,4071,0,1951,271,433,49,49,123,123,2,0,normal,1,3,20,75,723
2707,MOB_THIEF_NPC_04860486,Evenement caravan/thief,49,4584,0,1951,260,451,49,49,123,123,2,0,normal,1,3,20,56,724
2708,MOB_THIEF_NPC_04870487,Evenement caravan/thief,49,3557,0,1951,271,433,49,49,123,123,2,0,normal,1,3,20,56,725
2709,MOB_THIEF_NPC_04880488,Evenement caravan/thief,49,4584,0,1951,282,416,49,49,123,123,2,0,normal,1,3,20,58,726
2711,MOB_THIEF_NPC_04900490,Evenement caravan/thief,49,3557,0,1951,260,451,49,49,123,123,2,0,normal,1,3,20,75,728
2703,MOB_THIEF_NPC_05820482,Evenement caravan/thief,49,4584,0,1951,260,451,49,49,123,123,2,0,normal,1,3,20,56,720
24061,MOV_EV_BEAR_A_049,AUTRE,49,9872,0,7804,283,453,49,49,123,123,2,0,normal,1,0,50,75,13336
16900,MOB_EU_HUNTER_NPC_04910491,Europe (Constantinople),50,3701,0,2029,293,433,50,50,125,125,2,0,normal,1,3,20,67,6535
16901,MOB_EU_HUNTER_NPC_04920492,Europe (Constantinople),50,4237,0,2029,293,433,50,50,125,125,2,0,normal,1,3,20,67,6536
16902,MOB_EU_HUNTER_NPC_04930493,Europe (Constantinople),50,4237,0,2029,293,433,50,50,125,125,2,0,normal,1,3,20,67,6537
16903,MOB_EU_HUNTER_NPC_04940494,Europe (Constantinople),50,4237,0,2029,282,451,50,50,125,125,2,0,normal,1,3,20,75,6538
16904,MOB_EU_HUNTER_NPC_04950495,Europe (Constantinople),50,3701,0,2029,282,451,50,50,125,125,2,0,normal,1,3,20,58,6539
16905,MOB_EU_HUNTER_NPC_04960496,Europe (Constantinople),50,3701,0,2029,271,469,50,50,125,125,2,0,normal,1,3,20,63,6540
16906,MOB_EU_HUNTER_NPC_04970497,Europe (Constantinople),50,3701,0,2029,271,469,50,50,125,125,2,0,normal,1,3,20,63,6541
16907,MOB_EU_HUNTER_NPC_04980498,Europe (Constantinople),50,3701,0,2029,271,469,50,50,125,125,2,0,normal,1,3,20,63,6542
16908,MOB_EU_HUNTER_NPC_04990499,Europe (Constantinople),50,3701,0,2029,271,469,50,50,125,125,2,0,normal,1,3,20,63,6543
16909,MOB_EU_HUNTER_NPC_05000500,Europe (Constantinople),50,3701,0,2029,271,469,50,50,125,125,2,0,normal,1,3,20,63,6544
15500,MOB_EU_THIEF_NPC_04910491,Europe (Constantinople),50,4237,0,2029,293,433,50,50,125,125,2,0,normal,1,3,20,67,5135
15501,MOB_EU_THIEF_NPC_04920492,Europe (Constantinople),50,4237,0,2029,293,433,50,50,125,125,2,0,normal,1,3,20,67,5136
15502,MOB_EU_THIEF_NPC_04930493,Europe (Constantinople),50,4237,0,2029,293,433,50,50,125,125,2,0,normal,1,3,20,67,5137
15503,MOB_EU_THIEF_NPC_04940494,Europe (Constantinople),50,4237,0,2029,282,451,50,50,125,125,2,0,normal,1,3,20,75,5138
15504,MOB_EU_THIEF_NPC_04950495,Europe (Constantinople),50,3701,0,2029,282,451,50,50,125,125,2,0,normal,1,3,20,58,5139
15505,MOB_EU_THIEF_NPC_04960496,Europe (Constantinople),50,3701,0,2029,271,469,50,50,125,125,2,0,normal,1,3,20,63,5140
15506,MOB_EU_THIEF_NPC_04970497,Europe (Constantinople),50,3701,0,2029,271,469,50,50,125,125,2,0,normal,1,3,20,63,5141
15507,MOB_EU_THIEF_NPC_04980498,Europe (Constantinople),50,3701,0,2029,271,469,50,50,125,125,2,0,normal,1,3,20,63,5142
15508,MOB_EU_THIEF_NPC_04990499,Europe (Constantinople),50,3701,0,2029,271,469,50,50,125,125,2,0,normal,1,3,20,63,5143
15509,MOB_EU_THIEF_NPC_05001500,Europe (Constantinople),50,3701,0,2029,271,469,50,50,125,125,2,0,normal,1,3,20,63,5144
26877,MOB_EVE_STRONG_KT_MUJIGI_CLON,Evenement,50,3701,0,2029,230,547,50,50,125,125,2,7,7,1,3,25,95,13683
22149,MOB_FW_HYEONGCHEON_050,Forteresse (guerre de forteresse),50,4582052,0,2922440,282,451,50,50,125,125,2,3,unique_notice,1,3,23,74,11702
22288,MOB_FW_MUJIGI_050,Forteresse (guerre de forteresse),50,3552761,0,2922440,282,451,50,50,125,125,2,3,unique_notice,1,3,38,143,11842
21448,MOB_FW_TAESE_050,Forteresse (guerre de forteresse),50,6109402,0,3896587,305,416,50,50,125,125,2,3,unique_notice,1,3,10,34,11002
36056,MOB_GNGWC_BOSSSPIDERGNGWC_,AUTRE,50,2368507,0,1948293,282,451,50,50,125,125,2,3,unique_notice,0,3,40,100,17848
8075,MOB_HUNTER_NPC_04910491,AUTRE,50,4773,0,2029,282,451,50,50,125,125,2,0,normal,1,3,20,56,2608
8076,MOB_HUNTER_NPC_04920492,AUTRE,50,4773,0,2029,293,433,50,16777266,125,125,2,0,normal,1,3,20,56,2609
8077,MOB_HUNTER_NPC_04930493,AUTRE,50,3701,0,2029,282,451,50,50,125,125,2,0,normal,1,3,20,58,2610
8077,MOB_HUNTER_NPC_04930493,AUTRE,50,3701,0,2029,282,451,50,50,125,125,2,0,normal,1,3,20,58,2610
8078,MOB_HUNTER_NPC_04940494,AUTRE,50,4237,0,2029,271,469,50,50,125,125,2,0,normal,1,3,20,63,2611
8079,MOB_HUNTER_NPC_04950495,AUTRE,50,4237,0,2029,282,451,50,50,125,125,2,0,normal,1,3,20,75,2612
8080,MOB_HUNTER_NPC_04960496,AUTRE,50,3701,0,2029,293,433,50,50,125,125,2,0,normal,1,3,20,56,2613
8081,MOB_HUNTER_NPC_04970497,AUTRE,50,4773,0,2029,282,451,50,50,125,125,2,0,normal,1,3,20,56,2614
8082,MOB_HUNTER_NPC_04980498,AUTRE,50,4773,0,2029,271,469,50,50,125,125,2,0,normal,1,3,20,58,2615
8083,MOB_HUNTER_NPC_04990499,AUTRE,50,3701,0,2029,282,451,50,50,125,125,2,0,normal,1,3,20,63,2616
8084,MOB_HUNTER_NPC_05000500,AUTRE,50,4237,0,2029,293,433,50,50,125,125,2,0,normal,1,3,20,75,2617
24637,MOB_KT_BOSSSPIDER,AUTRE,50,2368507,0,1948293,282,451,50,50,125,125,2,3,unique_notice,0,3,40,100,13462
2110,MOB_KT_MUJIGI_CLON,AUTRE,50,3701,0,2029,282,451,50,50,125,125,2,0,normal,1,3,25,95,201
2712,MOB_THIEF_NPC_04910491,Evenement caravan/thief,50,4773,0,2029,282,451,50,50,125,125,2,0,normal,1,3,20,56,729
2713,MOB_THIEF_NPC_04920492,Evenement caravan/thief,50,4773,0,2029,293,433,50,50,125,125,2,0,normal,1,3,20,56,730
2714,MOB_THIEF_NPC_04930493,Evenement caravan/thief,50,3701,0,2029,282,451,50,50,125,125,2,0,normal,1,3,20,58,731
2715,MOB_THIEF_NPC_04940494,Evenement caravan/thief,50,4237,0,2029,271,469,50,50,125,125,2,0,normal,1,3,20,63,732
2716,MOB_THIEF_NPC_04950495,Evenement caravan/thief,50,4237,0,2029,282,451,50,50,125,125,2,0,normal,1,3,20,75,733
2717,MOB_THIEF_NPC_04960496,Evenement caravan/thief,50,3701,0,2029,293,433,50,50,125,125,2,0,normal,1,3,20,56,734
2718,MOB_THIEF_NPC_04970497,Evenement caravan/thief,50,4773,0,2029,282,451,50,50,125,125,2,0,normal,1,3,20,312,735
2719,MOB_THIEF_NPC_04980498,Evenement caravan/thief,50,4773,0,2029,271,469,50,50,125,125,2,0,normal,1,3,20,58,736
2721,MOB_THIEF_NPC_05000500,Evenement caravan/thief,50,4237,0,2029,293,433,50,50,125,125,2,0,normal,1,3,20,75,738
2720,MOB_THIEF_NPC_05990499,Evenement caravan/thief,50,3701,0,2029,282,451,50,50,125,125,2,0,normal,1,3,20,63,737
24062,MOV_EV_BEAR_A_050,AUTRE,50,10260,0,8116,294,470,50,16777266,125,125,2,1,champion,1,0,0,0,13337
16910,MOB_EU_HUNTER_NPC_05010501,Europe (Constantinople),51,3849,0,2101,305,451,51,16777267,127,127,2,0,normal,1,3,20,67,6545
16911,MOB_EU_HUNTER_NPC_05020502,Europe (Constantinople),51,4408,0,2101,305,451,51,51,127,127,2,0,normal,1,3,20,67,6546
16912,MOB_EU_HUNTER_NPC_05030503,Europe (Constantinople),51,4408,0,2101,305,451,51,51,127,127,2,0,normal,1,3,20,67,6547
16913,MOB_EU_HUNTER_NPC_05040504,Europe (Constantinople),51,4408,0,2101,293,469,51,51,127,127,2,0,normal,1,3,20,76,6548
16914,MOB_EU_HUNTER_NPC_05050505,Europe (Constantinople),51,3849,0,2101,293,469,51,51,127,127,2,0,normal,1,3,20,59,6549
16915,MOB_EU_HUNTER_NPC_05060506,Europe (Constantinople),51,3849,0,2101,282,487,51,51,127,127,2,0,normal,1,3,20,63,6550
16916,MOB_EU_HUNTER_NPC_05070507,Europe (Constantinople),51,3849,0,2101,282,487,51,51,127,127,2,0,normal,1,3,20,63,6551
16917,MOB_EU_HUNTER_NPC_05080508,Europe (Constantinople),51,3849,0,2101,282,487,51,51,127,127,2,0,normal,1,3,20,63,6552
16918,MOB_EU_HUNTER_NPC_05090509,Europe (Constantinople),51,3849,0,2101,282,487,51,51,127,127,2,0,normal,1,3,20,63,6553
16919,MOB_EU_HUNTER_NPC_05100510,Europe (Constantinople),51,3849,0,2101,282,487,51,51,127,127,2,0,normal,1,3,20,63,6554
15510,MOB_EU_THIEF_NPC_05010501,Europe (Constantinople),51,4408,0,2101,305,451,51,51,127,127,2,0,normal,1,3,20,67,5145
15511,MOB_EU_THIEF_NPC_05020502,Europe (Constantinople),51,4408,0,2101,305,451,51,51,127,127,2,0,normal,1,3,20,67,5146
15512,MOB_EU_THIEF_NPC_05030503,Europe (Constantinople),51,4408,0,2101,305,451,51,51,127,127,2,0,normal,1,3,20,67,5147
15513,MOB_EU_THIEF_NPC_05040504,Europe (Constantinople),51,4408,0,2101,293,469,51,51,127,127,2,0,normal,1,3,20,76,5148
15514,MOB_EU_THIEF_NPC_05050505,Europe (Constantinople),51,3849,0,2101,293,469,51,51,127,127,2,0,normal,1,3,20,59,5149
15515,MOB_EU_THIEF_NPC_05060506,Europe (Constantinople),51,3849,0,2101,282,487,51,51,127,127,2,0,normal,1,3,20,63,5150
15516,MOB_EU_THIEF_NPC_05070507,Europe (Constantinople),51,3849,0,2101,282,487,51,51,127,127,2,0,normal,1,3,20,63,5151
15517,MOB_EU_THIEF_NPC_05080508,Europe (Constantinople),51,3849,0,2101,282,487,51,51,127,127,2,0,normal,1,3,20,63,5152
15518,MOB_EU_THIEF_NPC_05090509,Europe (Constantinople),51,3849,0,2101,282,487,51,16777267,127,127,2,0,normal,1,3,20,63,5153
15519,MOB_EU_THIEF_NPC_05100510,Europe (Constantinople),51,3849,0,2101,282,487,51,51,127,127,2,0,normal,1,3,20,63,5154
26878,MOB_EVE_STRONG_KK_ISHADE,Evenement,51,3849,0,2101,240,567,51,51,127,127,2,7,7,1,3,0,0,13684
22569,MOB_FW_BATTLEGOLEM_051,Forteresse (guerre de forteresse),51,4926591,0,4032967,317,433,51,51,127,127,2,3,unique_notice,1,3,42,56,12123
22149,MOB_FW_HYEONGCHEON_051,Forteresse (guerre de forteresse),51,4768530,0,3024725,293,469,51,51,127,127,2,3,unique_notice,1,3,23,74,11703
22289,MOB_FW_MUJIGI_051,Forteresse (guerre de forteresse),51,3694943,0,3024725,293,469,51,51,127,127,2,3,unique_notice,1,3,38,143,11843
21449,MOB_FW_TAESE_051,Forteresse (guerre de forteresse),51,6358039,0,4032967,317,433,51,51,127,127,2,3,unique_notice,1,3,10,34,11003
36035,MOB_GOD_PILLAR_TOGUI_51_60,Forgotten World (pilliers/uniques),51,7698,0,2101,293,469,51,51,127,127,2,0,normal,1,3,0,0,17827
36077,MOB_GOD_TOGUI_TOGUIBOOM_B1,Forgotten World (pilliers/uniques),51,4408,0,2101,282,487,51,51,127,127,2,0,normal,1,3,15,75,17869
36071,MOB_GOD_TOGUI_TOGUICRAZY_B1,Forgotten World (pilliers/uniques),51,4408,0,2101,305,451,51,51,127,127,2,0,normal,1,3,15,75,17863
36101,MOB_GOD_TOGUI_TOGUIDOLL_B1,Forgotten World (pilliers/uniques),51,4967,0,2101,305,451,51,51,127,127,2,0,normal,1,3,10,40,17893
36083,MOB_GOD_TOGUI_TOGUIMAGIC_B1,Forgotten World (pilliers/uniques),51,4967,0,2101,282,487,51,51,127,127,2,0,normal,1,3,25,55,17875
36065,MOB_GOD_TOGUI_TOGUI_B1,Forgotten World (pilliers/uniques),51,4408,0,2101,305,451,51,51,127,127,2,0,normal,1,3,15,75,17857
36125,MOB_GOD_TOGUI_TREASUREBOX_B1,Forgotten World (pilliers/uniques),51,4967,0,2101,293,469,51,51,127,127,2,0,normal,1,3,0,0,17917
8085,MOB_HUNTER_NPC_05010501,AUTRE,51,4967,0,2101,293,469,51,51,127,127,2,0,normal,1,3,20,56,2618
8087,MOB_HUNTER_NPC_05030503,AUTRE,51,4967,0,2101,293,469,51,51,127,127,2,0,normal,1,3,20,59,2620
8088,MOB_HUNTER_NPC_05040504,AUTRE,51,4408,0,2101,305,451,51,51,127,127,2,0,normal,1,3,20,63,2621
8089,MOB_HUNTER_NPC_05050505,AUTRE,51,3849,0,2101,293,469,51,51,127,127,2,0,normal,1,3,20,76,2622
8090,MOB_HUNTER_NPC_05060506,AUTRE,51,4967,0,2101,282,487,51,51,127,127,2,0,normal,1,3,20,56,2623
8091,MOB_HUNTER_NPC_05070507,AUTRE,51,4967,0,2101,293,469,51,51,127,127,2,0,normal,1,3,20,56,2624
8092,MOB_HUNTER_NPC_05080508,AUTRE,51,3849,0,2101,305,451,51,51,127,127,2,0,normal,1,3,20,59,2625
8093,MOB_HUNTER_NPC_05090509,AUTRE,51,4408,0,2101,293,469,51,51,127,127,2,0,normal,1,3,20,63,2626
8094,MOB_HUNTER_NPC_05100510,AUTRE,51,4408,0,2101,282,487,51,51,127,127,2,0,normal,1,3,20,76,2627
2111,MOB_KK_ISHADE,Karakoram (Isyutaru),51,3849,0,2101,282,487,51,51,127,127,2,0,normal,1,3,0,0,202
2722,MOB_THIEF_NPC_05010501,Evenement caravan/thief,51,4967,0,2101,293,469,51,51,127,127,2,0,normal,1,3,20,56,739
2723,MOB_THIEF_NPC_05020502,Evenement caravan/thief,51,3849,0,2101,282,487,51,51,127,127,2,0,normal,1,3,20,56,740
2724,MOB_THIEF_NPC_05030503,Evenement caravan/thief,51,4967,0,2101,293,469,51,51,127,127,2,0,normal,1,3,20,59,741
2725,MOB_THIEF_NPC_05040504,Evenement caravan/thief,51,4408,0,2101,305,451,51,51,127,127,2,0,normal,1,3,20,63,742
2726,MOB_THIEF_NPC_05050505,Evenement caravan/thief,51,3849,0,2101,293,469,51,51,127,127,2,0,normal,1,3,20,76,743
2728,MOB_THIEF_NPC_05070507,Evenement caravan/thief,51,4967,0,2101,293,469,51,16777267,127,127,2,0,normal,1,3,20,56,745
2729,MOB_THIEF_NPC_05080508,Evenement caravan/thief,51,3849,0,2101,305,451,51,51,127,127,2,0,normal,1,3,20,59,746
2730,MOB_THIEF_NPC_05090509,Evenement caravan/thief,51,4408,0,2101,293,469,51,51,127,127,2,0,normal,1,3,20,63,747
2731,MOB_THIEF_NPC_05100510,Evenement caravan/thief,51,4408,0,2101,282,487,51,51,127,127,2,0,normal,1,3,20,76,748
24063,MOV_EV_WOLF_B_051,AUTRE,51,10659,0,8404,305,488,51,51,127,127,2,0,normal,1,0,50,75,13338
8104,MMB_HUNTER_NPC_05200520,AUTRE,52,4001,0,2174,317,469,52,52,129,129,2,0,normal,1,3,20,76,2637
16924,MOB_EU_HUNTER_NPC,Europe (Constantinople),52,4001,0,2174,305,487,52,52,129,129,2,0,normal,1,3,20,59,6559
16920,MOB_EU_HUNTER_NPC_05110511,Europe (Constantinople),52,4001,0,2174,317,469,52,52,129,129,2,0,normal,1,3,20,67,6555
16921,MOB_EU_HUNTER_NPC_05120512,Europe (Constantinople),52,4584,0,2174,317,469,52,52,129,129,2,0,normal,1,3,20,67,6556
16923,MOB_EU_HUNTER_NPC_05140514,Europe (Constantinople),52,4584,0,2174,305,487,52,52,129,129,2,0,normal,1,3,20,76,6558
16925,MOB_EU_HUNTER_NPC_05160516,Europe (Constantinople),52,4001,0,2174,293,507,52,52,129,129,2,0,normal,1,3,20,63,6560
16926,MOB_EU_HUNTER_NPC_05170517,Europe (Constantinople),52,4001,0,2174,293,507,52,52,129,129,2,0,normal,1,3,20,63,6561
16927,MOB_EU_HUNTER_NPC_05180518,Europe (Constantinople),52,4001,0,2174,293,507,52,52,129,129,2,0,normal,1,3,20,63,6562
16928,MOB_EU_HUNTER_NPC_05190519,Europe (Constantinople),52,4001,0,2174,293,507,52,52,129,129,2,0,normal,1,3,20,63,6563
16929,MOB_EU_HUNTER_NPC_05200520,Europe (Constantinople),52,4001,0,2174,293,507,52,52,129,129,2,0,normal,1,3,20,63,6564
15520,MOB_EU_THIEF_NPC_05110511,Europe (Constantinople),52,4584,0,2174,317,469,52,52,129,129,2,0,normal,1,3,20,67,5155
15521,MOB_EU_THIEF_NPC_05120512,Europe (Constantinople),52,4584,0,2174,317,469,52,52,129,129,2,0,normal,1,3,20,67,5156
15522,MOB_EU_THIEF_NPC_05130513,Europe (Constantinople),52,4584,0,2174,317,469,52,52,129,129,2,0,normal,1,3,20,67,5157
15523,MOB_EU_THIEF_NPC_05140514,Europe (Constantinople),52,4584,0,2174,305,487,52,52,129,129,2,0,normal,1,3,20,332,5158
15524,MOB_EU_THIEF_NPC_05150515,Europe (Constantinople),52,4001,0,2174,305,487,52,52,129,129,2,0,normal,1,3,20,59,5159
15526,MOB_EU_THIEF_NPC_05170517,Europe (Constantinople),52,4001,0,2174,293,507,52,52,129,129,2,0,normal,1,3,20,63,5161
15527,MOB_EU_THIEF_NPC_05180518,Europe (Constantinople),52,4001,0,2174,293,507,52,52,129,129,2,0,normal,1,3,20,63,5162
15528,MOB_EU_THIEF_NPC_05190519,Europe (Constantinople),52,4001,0,2174,293,507,52,52,129,129,2,0,normal,1,3,20,63,5163
15529,MOB_EU_THIEF_NPC_05200520,Europe (Constantinople),52,4001,0,2174,293,507,52,52,129,129,2,0,normal,1,3,20,63,5164
26879,MOB_EVE_STRONG_KK_SPIDER_CLON,Evenement,52,4584,0,2174,250,589,52,52,129,129,2,7,7,1,3,37,75,13685
22570,MOB_FW_BATTLEGOLEM_052,Forteresse (guerre de forteresse),52,5121857,0,4174121,329,451,52,52,129,129,2,3,unique_notice,1,3,42,56,12124
22150,MOB_FW_HYEONGCHEON_052,Forteresse (guerre de forteresse),52,4960634,0,3130591,305,487,52,52,129,129,2,3,unique_notice,1,3,23,74,11704
22290,MOB_FW_MUJIGI_052,Forteresse (guerre de forteresse),52,3841393,0,3130591,305,487,52,52,129,129,2,3,unique_notice,1,3,38,141,11844
21450,MOB_FW_TAESE_052,Forteresse (guerre de forteresse),52,6614179,0,4174121,329,451,52,52,129,129,2,3,unique_notice,1,3,10,34,11004
36089,MOB_GOD_TOGUI_TOGUISTRONG_B1,Forgotten World (pilliers/uniques),52,5167,0,2174,305,487,52,52,129,129,2,0,normal,1,3,19,55,17881
8095,MOB_HUNTER_NPC_05110511,AUTRE,52,4001,0,2174,305,487,52,52,129,129,2,0,normal,1,3,20,56,2628
8096,MOB_HUNTER_NPC_05120512,AUTRE,52,5167,0,2174,317,469,52,52,129,129,2,0,normal,1,3,20,56,2629
8097,MOB_HUNTER_NPC_05130513,AUTRE,52,5167,0,2174,305,487,52,52,129,129,2,0,normal,1,3,20,59,2630
8098,MOB_HUNTER_NPC_05140514,AUTRE,52,4001,0,2174,293,507,52,52,129,129,2,0,normal,1,3,20,63,2631
8099,MOB_HUNTER_NPC_05150515,AUTRE,52,4584,0,2174,305,487,52,52,129,129,2,0,normal,1,3,20,76,2632
8100,MOB_HUNTER_NPC_05160516,AUTRE,52,5167,0,2174,317,469,52,16777268,129,129,2,0,normal,1,3,20,56,2633
8101,MOB_HUNTER_NPC_05170517,AUTRE,52,4001,0,2174,305,487,52,52,129,129,2,0,normal,1,3,20,56,2634
8102,MOB_HUNTER_NPC_05180518,AUTRE,52,5167,0,2174,293,507,52,52,129,129,2,0,normal,1,3,20,59,2635
8103,MOB_HUNTER_NPC_05190519,AUTRE,52,4584,0,2174,305,487,52,52,129,129,2,0,normal,1,3,20,63,2636
2112,MOB_KK_ISHADE_CLON,Karakoram (Isyutaru),52,4001,0,2174,293,507,52,52,129,129,2,0,normal,1,3,0,0,203
2113,MOB_KK_SPIDER_CLON,Karakoram (Isyutaru),52,4584,0,2174,305,487,52,52,129,129,2,0,normal,1,3,37,75,204
3951,MOB_KK_STRONG_ISHADE_CLON,Karakoram (Isyutaru),52,120044,0,45654,293,507,52,52,129,129,2,0,normal,1,0,0,0,1716
2732,MOB_THIEF_NPC_05110511,Evenement caravan/thief,52,4001,0,2174,305,487,52,52,129,129,2,0,normal,1,3,20,56,749
2733,MOB_THIEF_NPC_05120512,Evenement caravan/thief,52,5167,0,2174,317,469,52,52,129,129,2,0,normal,1,3,20,56,750
2734,MOB_THIEF_NPC_05130513,Evenement caravan/thief,52,5167,0,2174,305,487,52,52,129,129,2,0,normal,1,3,20,315,751
2735,MOB_THIEF_NPC_05140514,Evenement caravan/thief,52,4001,0,2174,293,507,52,52,129,129,2,0,normal,1,3,20,63,752
2736,MOB_THIEF_NPC_05150515,Evenement caravan/thief,52,4584,0,2174,305,487,52,52,129,129,2,0,normal,1,3,20,76,753
2738,MOB_THIEF_NPC_05170517,Evenement caravan/thief,52,4001,0,2174,305,487,52,52,129,129,2,0,normal,1,3,20,56,755
2739,MOB_THIEF_NPC_05180518,Evenement caravan/thief,52,5167,0,2174,293,507,52,52,129,129,2,0,normal,1,3,20,59,756
2740,MOB_THIEF_NPC_05190519,Evenement caravan/thief,52,4584,0,2174,305,487,52,52,129,129,2,0,normal,1,3,20,63,757
2741,MOB_THIEF_NPC_05200520,Evenement caravan/thief,52,4001,0,2174,317,469,52,52,129,129,2,0,normal,1,3,20,76,758
24064,MOV_EV_WOLF_B_052,AUTRE,52,11070,0,8696,316,506,52,52,129,129,2,0,normal,1,0,50,75,13339
22151,MOB,AUTRE,53,5158515,0,3240161,317,507,53,16777269,130,130,2,3,unique_notice,1,3,23,74,11705
16930,MOB_EU_HUNTER_NPC_05210521,Europe (Constantinople),53,4159,0,2250,329,487,53,53,130,130,2,0,normal,1,3,20,68,6565
16931,MOB_EU_HUNTER_NPC_05220522,Europe (Constantinople),53,4766,0,2250,329,487,53,53,130,130,2,0,normal,1,3,20,68,6566
16932,MOB_EU_HUNTER_NPC_05230523,Europe (Constantinople),53,4766,0,2250,329,487,53,53,130,130,2,0,normal,1,3,20,68,6567
16933,MOB_EU_HUNTER_NPC_05240524,Europe (Constantinople),53,4766,0,2250,317,507,53,53,130,130,2,0,normal,1,3,20,77,6568
16934,MOB_EU_HUNTER_NPC_05250525,Europe (Constantinople),53,4159,0,2250,317,507,53,16777269,130,130,2,0,normal,1,3,20,59,6569
16935,MOB_EU_HUNTER_NPC_05260526,Europe (Constantinople),53,4159,0,2250,305,526,53,53,130,130,2,0,normal,1,3,20,63,6570
16936,MOB_EU_HUNTER_NPC_05270527,Europe (Constantinople),53,4159,0,2250,305,526,53,53,130,130,2,0,normal,1,3,20,63,6571
16937,MOB_EU_HUNTER_NPC_05280528,Europe (Constantinople),53,4159,0,2250,305,526,53,53,130,130,2,0,normal,1,3,20,63,6572
16938,MOB_EU_HUNTER_NPC_05290529,Europe (Constantinople),53,4159,0,2250,305,526,53,53,130,130,2,0,normal,1,3,20,63,6573
16939,MOB_EU_HUNTER_NPC_05300530,Europe (Constantinople),53,4159,0,2250,305,526,53,53,130,130,2,0,normal,1,3,20,63,6574
15530,MOB_EU_THIEF_NPC_05210521,Europe (Constantinople),53,4766,0,2250,329,487,53,53,130,130,2,0,normal,1,3,20,68,5165
15531,MOB_EU_THIEF_NPC_05220522,Europe (Constantinople),53,4766,0,2250,329,487,53,53,130,130,2,0,normal,1,3,20,68,5166
15532,MOB_EU_THIEF_NPC_05230523,Europe (Constantinople),53,4766,0,2250,329,487,53,53,130,130,2,0,normal,1,3,20,68,5167
15533,MOB_EU_THIEF_NPC_05240524,Europe (Constantinople),53,4766,0,2250,317,507,53,53,130,130,2,0,normal,1,3,20,77,5168
15534,MOB_EU_THIEF_NPC_05250525,Europe (Constantinople),53,4159,0,2250,317,507,53,53,130,130,2,0,normal,1,3,20,59,5169
15535,MOB_EU_THIEF_NPC_05260526,Europe (Constantinople),53,4159,0,2250,305,526,53,53,130,130,2,0,normal,1,3,20,63,5170
15536,MOB_EU_THIEF_NPC_05270527,Europe (Constantinople),53,4159,0,2250,305,526,53,53,130,130,2,0,normal,1,3,20,63,5171
15537,MOB_EU_THIEF_NPC_05280528,Europe (Constantinople),53,4159,0,2250,305,526,53,53,130,130,2,0,normal,1,3,20,63,5172
15539,MOB_EU_THIEF_NPC_05300530,Europe (Constantinople),53,4159,0,2250,305,526,53,53,130,130,2,0,normal,1,3,20,63,5174
26880,MOB_EVE_STRONG_KK_SPIDER,Evenement,53,4766,0,2250,260,611,53,53,130,130,2,7,7,1,3,37,75,13686
22571,MOB_FW_BATTLEGOLEM_053,Forteresse (guerre de forteresse),53,5322963,0,4320215,342,469,53,53,130,130,2,3,unique_notice,1,3,42,56,12125
22291,MOB_FW_MUJIGI_053,Forteresse (guerre de forteresse),53,3992222,0,3240161,317,507,53,53,130,130,2,3,unique_notice,1,3,38,143,11845
21451,MOB_FW_TAESE_053,Forteresse (guerre de forteresse),53,6878020,0,4320215,342,469,53,53,130,130,2,3,unique_notice,1,3,10,34,11005
36119,MOB_GOD_TOGUI_ENVY_B1,Forgotten World (pilliers/uniques),53,4159,0,3375,317,507,53,53,130,130,2,1,champion,1,3,23,100,17911
36113,MOB_GOD_TOGUI_TOGUICAPTAIN_B1,Forgotten World (pilliers/uniques),53,257926,0,162008,317,507,53,53,130,130,2,8,unique_silencieux,1,3,13,30,17905
36323,MOB_GOD_TOGUI_TOGUIELDER_B1,Forgotten World (pilliers/uniques),53,2287684,0,1620081,305,526,53,53,130,130,2,3,unique_notice,1,3,15,75,18115
36107,MOB_GOD_TOGUI_TOGUIGENERAL_B1,Forgotten World (pilliers/uniques),53,257926,0,162008,317,507,53,53,130,130,2,8,unique_silencieux,1,3,13,30,17899
36095,MOB_GOD_TOGUI_TOGUISOLDIER_A1,Forgotten World (pilliers/uniques),53,5373,0,2250,317,507,53,53,130,130,2,0,normal,1,3,19,55,17887
8105,MOB_HUNTER_NPC_05210521,AUTRE,53,5373,0,2250,317,507,53,53,130,130,2,0,normal,1,3,20,57,2638
8106,MOB_HUNTER_NPC_05220522,AUTRE,53,5373,0,2250,305,526,53,53,130,130,2,0,normal,1,3,20,57,2639
8107,MOB_HUNTER_NPC_05230523,AUTRE,53,4159,0,2250,317,507,53,53,130,130,2,0,normal,1,3,20,59,2640
8108,MOB_HUNTER_NPC_05240524,AUTRE,53,4766,0,2250,329,487,53,53,130,130,2,0,normal,1,3,20,63,2641
8109,MOB_HUNTER_NPC_05250525,AUTRE,53,4766,0,2250,317,507,53,53,130,130,2,0,normal,1,3,20,77,2642
8109,MOB_HUNTER_NPC_05250525,AUTRE,53,4766,0,2250,317,507,53,53,130,130,2,0,normal,1,3,20,77,2642
8110,MOB_HUNTER_NPC_05260526,AUTRE,53,4159,0,2250,305,526,53,53,130,130,2,0,normal,1,3,20,57,2643
8111,MOB_HUNTER_NPC_05270527,AUTRE,53,5373,0,2250,317,507,53,53,130,130,2,0,normal,1,3,20,57,2644
8112,MOB_HUNTER_NPC_05280528,AUTRE,53,5373,0,2250,329,487,53,53,130,130,2,0,normal,1,3,20,59,2645
8113,MOB_HUNTER_NPC_05290529,AUTRE,53,4159,0,2250,317,507,53,53,130,130,2,0,normal,1,3,20,63,2646
8114,MOB_HUNTER_NPC_05300530,AUTRE,53,4766,0,2250,305,526,53,53,130,130,2,0,normal,1,3,20,77,2647
2114,MOB_KK_SPIDER,Karakoram (Isyutaru),53,4766,0,2250,317,507,53,53,130,130,2,0,normal,1,3,37,75,205
2737,MOB_THIEF_NPC_05160516,Evenement caravan/thief,53,5167,0,2174,317,469,52,52,129,129,2,0,normal,1,3,20,56,754
2742,MOB_THIEF_NPC_05210521,Evenement caravan/thief,53,5373,0,2250,317,507,53,53,130,130,2,0,normal,1,3,20,57,759
2744,MOB_THIEF_NPC_05230523,Evenement caravan/thief,53,4159,0,2250,317,507,53,53,130,130,2,0,normal,1,3,20,59,761
2745,MOB_THIEF_NPC_05240524,Evenement caravan/thief,53,4766,0,2250,329,487,53,53,130,130,2,0,normal,1,3,20,63,762
2746,MOB_THIEF_NPC_05250525,Evenement caravan/thief,53,4766,0,2250,317,507,53,53,130,130,2,0,normal,1,3,20,77,763
2747,MOB_THIEF_NPC_05260526,Evenement caravan/thief,53,4159,0,2250,305,526,53,53,130,130,2,0,normal,1,3,20,57,764
2748,MOB_THIEF_NPC_05270527,Evenement caravan/thief,53,5373,0,2250,317,507,53,53,130,130,2,0,normal,1,3,20,57,765
2749,MOB_THIEF_NPC_05280528,Evenement caravan/thief,53,5373,0,2250,329,487,53,53,130,130,2,0,normal,1,3,20,59,766
2750,MOB_THIEF_NPC_05290529,Evenement caravan/thief,53,4159,0,2250,317,507,53,53,130,130,2,0,normal,1,3,20,63,767
2751,MOB_THIEF_NPC_05300530,Evenement caravan/thief,53,4766,0,2250,305,526,53,53,130,130,2,0,normal,1,3,20,333,768
2763,MOB_THIEF_NPC_05420542,Evenement caravan/thief,53,6084,0,2410,329,567,55,55,132,132,2,0,normal,1,3,20,57,780
24065,MOV_EV_WOLF_B_053,AUTRE,53,11493,0,9000,328,525,53,53,130,130,2,0,normal,1,0,50,75,13340
16940,MOB_EU_HUNTER_NPC_05310531,Europe (Constantinople),54,4320,0,2329,342,507,54,54,131,131,2,0,normal,1,3,20,68,6575
16941,MOB_EU_HUNTER_NPC_05320532,Europe (Constantinople),54,4953,0,2329,342,507,54,54,131,131,2,0,normal,1,3,20,68,6576
16942,MOB_EU_HUNTER_NPC_05330533,Europe (Constantinople),54,4953,0,2329,342,507,54,54,131,131,2,0,normal,1,3,20,68,6577
16943,MOB_EU_HUNTER_NPC_05340534,Europe (Constantinople),54,4953,0,2329,329,526,54,54,131,131,2,0,normal,1,3,20,77,6578
16944,MOB_EU_HUNTER_NPC_05350535,Europe (Constantinople),54,4320,0,2329,329,526,54,54,131,131,2,0,normal,1,3,20,59,6579
16946,MOB_EU_HUNTER_NPC_05370537,Europe (Constantinople),54,4320,0,2329,317,547,54,54,131,131,2,0,normal,1,3,20,64,6581
16947,MOB_EU_HUNTER_NPC_05380538,Europe (Constantinople),54,4320,0,2329,317,547,54,54,131,131,2,0,normal,1,3,20,64,6582
16948,MOB_EU_HUNTER_NPC_05390539,Europe (Constantinople),54,4320,0,2329,317,547,54,54,131,131,2,0,normal,1,3,20,64,6583
16949,MOB_EU_HUNTER_NPC_05400540,Europe (Constantinople),54,4320,0,2329,317,547,54,54,131,131,2,0,normal,1,3,20,64,6584
15540,MOB_EU_THIEF_NPC_05310511,Europe (Constantinople),54,4953,0,2329,342,507,54,54,131,131,2,0,normal,1,3,20,68,5175
15541,MOB_EU_THIEF_NPC_05320532,Europe (Constantinople),54,4953,0,2329,342,507,54,54,131,131,2,0,normal,1,3,20,68,5176
15542,MOB_EU_THIEF_NPC_05330533,Europe (Constantinople),54,4953,0,2329,342,507,54,16777270,131,131,2,0,normal,1,3,20,68,5177
15543,MOB_EU_THIEF_NPC_05340534,Europe (Constantinople),54,4953,0,2329,329,526,54,54,131,131,2,0,normal,1,3,20,77,5178
15544,MOB_EU_THIEF_NPC_05350535,Europe (Constantinople),54,4320,0,2329,329,526,54,54,131,131,2,0,normal,1,3,20,59,5179
15545,MOB_EU_THIEF_NPC_05360536,Europe (Constantinople),54,4320,0,2329,317,547,54,54,131,131,2,0,normal,1,3,20,64,5180
15546,MOB_EU_THIEF_NPC_05370537,Europe (Constantinople),54,4320,0,2329,317,547,54,54,131,131,2,0,normal,1,3,20,64,5181
15547,MOB_EU_THIEF_NPC_05380538,Europe (Constantinople),54,4320,0,2329,317,547,54,54,131,131,2,0,normal,1,3,20,64,5182
15548,MOB_EU_THIEF_NPC_05390539,Europe (Constantinople),54,4320,0,2329,317,547,54,54,131,131,2,0,normal,1,3,20,64,5183
15549,MOB_EU_THIEF_NPC_05400540,Europe (Constantinople),54,4320,0,2329,317,547,54,54,131,131,2,0,normal,1,3,20,64,5184
26881,MOB_EVE_STRONG_KK_PENON_F,Evenement,54,5586,0,2329,271,634,54,54,131,131,2,7,7,1,3,15,55,13687
22572,MOB_FW_BATTLEGOLEM_054,Forteresse (guerre de forteresse),54,5530064,0,4471423,355,487,54,54,131,131,2,3,unique_notice,1,3,42,56,12126
22152,MOB_FW_HYEONGCHEON_054,Forteresse (guerre de forteresse),54,5362327,0,3353567,329,526,54,54,131,131,2,3,unique_notice,1,3,23,74,11706
22292,MOB_FW_MUJIGI_054,Forteresse (guerre de forteresse),54,4147548,0,3353567,329,526,54,54,131,131,2,3,unique_notice,1,3,38,143,11846
21452,MOB_FW_TAESE_054,Forteresse (guerre de forteresse),54,7149770,0,4471423,355,487,54,54,131,131,2,3,unique_notice,1,3,10,34,11006
8115,MOB_HUNTER_NPC_05310531,AUTRE,54,5586,0,2329,329,526,54,54,131,131,2,0,normal,1,3,20,57,2648
8116,MOB_HUNTER_NPC_05320532,AUTRE,54,4320,0,2329,342,507,54,54,131,131,2,0,normal,1,3,20,57,2649
8117,MOB_HUNTER_NPC_05330533,AUTRE,54,5586,0,2329,329,526,54,54,131,131,2,0,normal,1,3,20,59,2650
8119,MOB_HUNTER_NPC_05350535,AUTRE,54,4320,0,2329,329,526,54,54,131,131,2,0,normal,1,3,20,77,2652
8120,MOB_HUNTER_NPC_05360536,AUTRE,54,5586,0,2329,342,507,54,54,131,131,2,0,normal,1,3,20,57,2653
8121,MOB_HUNTER_NPC_05370537,AUTRE,54,5586,0,2329,329,526,54,54,131,131,2,0,normal,1,3,20,57,2654
8122,MOB_HUNTER_NPC_05380538,AUTRE,54,4320,0,2329,317,547,54,54,131,131,2,0,normal,1,3,20,59,2655
8123,MOB_HUNTER_NPC_05390539,AUTRE,54,4953,0,2329,329,526,54,54,131,131,2,0,normal,1,3,20,64,2656
8124,MOB_HUNTER_NPC_05400540,AUTRE,54,4953,0,2329,342,507,54,16777270,131,131,2,0,normal,1,3,20,77,2657
2115,MOB_KK_PENON,Karakoram (Isyutaru),54,3380,0,3155,155,254,54,54,394,788,10,0,normal,0,3,0,0,206
2126,MOB_KK_PENON_F,Karakoram (Isyutaru),54,5586,0,2329,342,507,54,54,131,131,2,0,normal,1,3,15,55,217
2752,MOB_THIEF_NPC_05310531,Evenement caravan/thief,54,5586,0,2329,329,526,54,54,131,131,2,0,normal,1,3,20,57,769
2753,MOB_THIEF_NPC_05320532,Evenement caravan/thief,54,4320,0,2329,342,507,54,54,131,131,2,0,normal,1,3,20,57,770
2754,MOB_THIEF_NPC_05330533,Evenement caravan/thief,54,5586,0,2329,329,526,54,16777270,131,131,2,0,normal,1,3,20,59,771
2755,MOB_THIEF_NPC_05340534,Evenement caravan/thief,54,4953,0,2329,317,547,54,54,131,131,2,0,normal,1,3,20,64,772
2756,MOB_THIEF_NPC_05350535,Evenement caravan/thief,54,4320,0,2329,329,526,54,54,131,131,2,0,normal,1,3,20,77,773
2757,MOB_THIEF_NPC_05360536,Evenement caravan/thief,54,5586,0,2329,342,507,54,54,131,131,2,0,normal,1,3,20,57,774
2758,MOB_THIEF_NPC_05370537,Evenement caravan/thief,54,5586,0,2329,329,526,54,54,131,131,2,0,normal,1,3,20,57,775
2759,MOB_THIEF_NPC_05380538,Evenement caravan/thief,54,4320,0,2329,317,547,54,54,131,131,2,0,normal,1,3,20,59,776
2761,MOB_THIEF_NPC_05400540,Evenement caravan/thief,54,4953,0,2329,342,507,54,54,131,131,2,0,normal,1,3,20,77,778
16950,MOB_EU_HUNTER_NPC_05410541,Europe (Constantinople),55,4700,0,2410,355,526,55,55,132,132,2,0,normal,1,3,20,68,6585
16951,MOB_EU_HUNTER_NPC_05420542,Europe (Constantinople),55,5392,0,2410,355,526,55,55,132,132,2,0,normal,1,3,20,68,6586
16952,MOB_EU_HUNTER_NPC_05430543,Europe (Constantinople),55,5392,0,2410,355,526,55,55,132,132,2,0,normal,1,3,20,68,6587
16954,MOB_EU_HUNTER_NPC_05450545,Europe (Constantinople),55,4700,0,2410,342,547,55,55,132,132,2,0,normal,1,3,20,59,6589
16955,MOB_EU_HUNTER_NPC_05460546,Europe (Constantinople),55,4700,0,2410,329,567,55,55,132,132,2,0,normal,1,3,20,64,6590
16956,MOB_EU_HUNTER_NPC_05470547,Europe (Constantinople),55,4700,0,2410,329,567,55,55,132,132,2,0,normal,1,3,20,64,6591
16957,MOB_EU_HUNTER_NPC_05480548,Europe (Constantinople),55,4700,0,2410,329,567,55,55,132,132,2,0,normal,1,3,20,64,6592
16958,MOB_EU_HUNTER_NPC_05490549,Europe (Constantinople),55,4700,0,2410,329,567,55,16777271,132,132,2,0,normal,1,3,20,64,6593
16959,MOB_EU_HUNTER_NPC_05500550,Europe (Constantinople),55,4700,0,2410,329,567,55,55,132,132,2,0,normal,1,3,20,64,6594
15550,MOB_EU_THIEF_NPC_05410541,Europe (Constantinople),55,5392,0,2410,355,526,55,55,132,132,2,0,normal,1,3,20,68,5185
15551,MOB_EU_THIEF_NPC_05420542,Europe (Constantinople),55,5392,0,2410,355,526,55,55,132,132,2,0,normal,1,3,20,68,5186
15552,MOB_EU_THIEF_NPC_05430543,Europe (Constantinople),55,5392,0,2410,355,526,55,55,132,132,2,0,normal,1,3,20,68,5187
15553,MOB_EU_THIEF_NPC_05440544,Europe (Constantinople),55,5392,0,2410,342,547,55,55,132,132,2,0,normal,1,3,20,78,5188
15554,MOB_EU_THIEF_NPC_05450545,Europe (Constantinople),55,4700,0,2410,342,547,55,55,132,132,2,0,normal,1,3,20,315,5189
15555,MOB_EU_THIEF_NPC_05460546,Europe (Constantinople),55,4700,0,2410,329,567,55,55,132,132,2,0,normal,1,3,20,64,5190
15557,MOB_EU_THIEF_NPC_05480548,Europe (Constantinople),55,4700,0,2410,329,567,55,55,132,132,2,0,normal,1,3,20,64,5192
15558,MOB_EU_THIEF_NPC_05490549,Europe (Constantinople),55,4700,0,2410,329,567,55,55,132,132,2,0,normal,1,3,20,64,5193
15559,MOB_EU_THIEF_NPC_05500550,Europe (Constantinople),55,4700,0,2410,329,567,55,55,132,132,2,0,normal,1,3,20,64,5194
34047,MOB_EVE_HAPPY_TIGERWOMAN05,Evenement,55,4511696,0,1156981,342,547,55,55,132,132,2,3,unique_notice,0,0,20,90,17680
26882,MOB_EVE_STRONG_KK_PENON_W,Evenement,55,6084,0,2410,282,657,55,55,132,132,2,7,7,1,3,15,55,13688
22573,MOB_FW_BATTLEGOLEM_055,Forteresse (guerre de forteresse),55,6015595,0,4627922,368,507,55,55,132,132,2,3,unique_notice,1,3,42,56,12127
22153,MOB_FW_HYEONGCHEON_055,Forteresse (guerre de forteresse),55,5840546,0,3470942,342,547,55,55,132,132,2,3,unique_notice,1,3,23,74,11707
22293,MOB_FW_MUJIGI_055,Forteresse (guerre de forteresse),55,4511696,0,3470942,342,547,55,55,132,132,2,3,unique_notice,1,3,38,143,11847
21453,MOB_FW_TAESE_055,Forteresse (guerre de forteresse),55,7787395,0,4627922,368,507,55,55,132,132,2,3,unique_notice,1,3,10,34,11007
36042,MOB_GOD_PILLAR_ENVY_51_61,Forgotten World (pilliers/uniques),55,5392,0,4821,342,547,55,55,132,132,2,1,champion,1,3,15,75,17834
36048,MOB_GOD_PILLAR_ENVY_DROP_35_50,Forgotten World (pilliers/uniques),55,10784,0,9642,342,547,55,55,132,132,2,0,normal,1,3,15,75,17841
36049,MOB_GOD_PILLAR_ENVY_DROP_51_60,Forgotten World (pilliers/uniques),55,10784,0,9642,342,547,55,55,132,132,2,0,normal,1,3,15,75,17841
36072,MOB_GOD_TOGUI_TOGUICRAZY_B2,Forgotten World (pilliers/uniques),55,5392,0,2410,355,526,55,55,132,132,2,1,champion,1,3,15,75,17864
36126,MOB_GOD_TOGUI_TREASUREBOX_B2,Forgotten World (pilliers/uniques),55,6084,0,2410,342,547,55,55,132,132,2,0,normal,1,3,0,0,17918
8125,MOB_HUNTER_NPC_05410541,AUTRE,55,4700,0,2410,342,547,55,55,132,132,2,0,normal,1,3,20,57,2658
8126,MOB_HUNTER_NPC_05420542,AUTRE,55,6084,0,2410,329,567,55,55,132,132,2,0,normal,1,3,20,57,2659
8127,MOB_HUNTER_NPC_05430543,AUTRE,55,6084,0,2410,342,547,55,55,132,132,2,0,normal,1,3,20,59,2660
8128,MOB_HUNTER_NPC_05440544,AUTRE,55,4700,0,2410,355,526,55,55,132,132,2,0,normal,1,3,20,64,2661
8129,MOB_HUNTER_NPC_05450545,AUTRE,55,5392,0,2410,342,547,55,55,132,132,2,0,normal,1,3,20,78,2662
8130,MOB_HUNTER_NPC_05460546,AUTRE,55,6084,0,2410,329,567,55,55,132,132,2,0,normal,1,3,20,57,2663
8131,MOB_HUNTER_NPC_05470547,AUTRE,55,4700,0,2410,342,547,55,55,132,132,2,0,normal,1,3,20,57,2664
8132,MOB_HUNTER_NPC_05480548,AUTRE,55,6084,0,2410,355,526,55,55,132,132,2,0,normal,1,3,20,59,2665
8133,MOB_HUNTER_NPC_05490549,AUTRE,55,5392,0,2410,342,547,55,55,132,132,2,0,normal,1,3,20,64,2666
8134,MOB_HUNTER_NPC_05500550,AUTRE,55,4700,0,2410,329,567,55,55,132,132,2,0,normal,1,3,20,78,2667
2116,MOB_KK_PENON_CLON,Karakoram (Isyutaru),55,3440,0,3281,158,258,55,55,410,819,10,0,normal,0,3,0,0,207
2127,MOB_KK_PENON_W,Karakoram (Isyutaru),55,6084,0,2410,355,526,55,55,132,132,2,0,normal,1,3,15,55,218
3929,MOB_KK_STRONG_PENON_W,Karakoram (Isyutaru),55,182517,0,50618,355,526,55,55,132,132,2,0,normal,1,0,15,55,1705
2762,MOB_THIEF_NPC_05410541,Evenement caravan/thief,55,4700,0,2410,342,547,55,55,132,132,2,0,normal,1,3,20,57,779
2764,MOB_THIEF_NPC_05430543,Evenement caravan/thief,55,6084,0,2410,342,547,55,55,132,132,2,0,normal,1,3,20,59,781
2765,MOB_THIEF_NPC_05440544,Evenement caravan/thief,55,4700,0,2410,355,526,55,55,132,132,2,0,normal,1,3,20,64,782
2766,MOB_THIEF_NPC_05450545,Evenement caravan/thief,55,5392,0,2410,342,547,55,55,132,132,2,0,normal,1,3,20,78,783
2767,MOB_THIEF_NPC_05460546,Evenement caravan/thief,55,6084,0,2410,329,567,55,55,132,132,2,0,normal,1,3,20,313,784
2768,MOB_THIEF_NPC_05470547,Evenement caravan/thief,55,4700,0,2410,342,547,55,55,132,132,2,0,normal,1,3,20,57,785
2769,MOB_THIEF_NPC_05480548,Evenement caravan/thief,55,6084,0,2410,355,526,55,55,132,132,2,0,normal,1,3,20,59,786
2770,MOB_THIEF_NPC_05490549,Evenement caravan/thief,55,5392,0,2410,342,547,55,55,132,132,2,0,normal,1,3,20,64,787
2771,MOB_THIEF_NPC_05500550,Evenement caravan/thief,55,4700,0,2410,329,567,55,55,132,132,2,0,normal,1,3,20,78,788
24067,MOV_EV_WOLF_B_055,AUTRE,55,12376,0,9640,353,564,55,55,132,132,2,0,normal,1,0,50,75,13342
8136,MMB_HUNTER_NPC_05520552,AUTRE,56,6317,0,2495,368,547,56,56,133,133,2,0,normal,1,3,20,57,2669
16960,MOB_EU_HUNTER_NPC_05510551,Europe (Constantinople),56,4877,0,2495,368,547,56,56,133,133,2,0,normal,1,3,20,69,6595
16961,MOB_EU_HUNTER_NPC_05520552,Europe (Constantinople),56,5597,0,2495,368,547,56,56,133,133,2,0,normal,1,3,20,69,6596
16962,MOB_EU_HUNTER_NPC_05530553,Europe (Constantinople),56,5597,0,2495,368,547,56,56,133,133,2,0,normal,1,3,20,69,6597
16963,MOB_EU_HUNTER_NPC_05540554,Europe (Constantinople),56,5597,0,2495,355,567,56,56,133,133,2,0,normal,1,3,20,78,6598
16964,MOB_EU_HUNTER_NPC_05550555,Europe (Constantinople),56,4877,0,2495,355,567,56,56,133,133,2,0,normal,1,3,20,59,6599
16965,MOB_EU_HUNTER_NPC_05560556,Europe (Constantinople),56,4877,0,2495,342,589,56,56,133,133,2,0,normal,1,3,20,64,6600
16966,MOB_EU_HUNTER_NPC_05570557,Europe (Constantinople),56,4877,0,2495,342,589,56,56,133,133,2,0,normal,1,3,20,64,6601
16967,MOB_EU_HUNTER_NPC_05580558,Europe (Constantinople),56,4877,0,2495,342,589,56,56,133,133,2,0,normal,1,3,20,64,6602
16968,MOB_EU_HUNTER_NPC_05590559,Europe (Constantinople),56,4877,0,2495,342,589,56,56,133,133,2,0,normal,1,3,20,64,6603
16969,MOB_EU_HUNTER_NPC_05600560,Europe (Constantinople),56,4877,0,2495,342,589,56,56,133,133,2,0,normal,1,3,20,64,6604
15560,MOB_EU_THIEF_NPC_05510551,Europe (Constantinople),56,5597,0,2495,368,547,56,56,133,133,2,0,normal,1,3,20,69,5195
15561,MOB_EU_THIEF_NPC_05520552,Europe (Constantinople),56,5597,0,2495,368,547,56,56,133,133,2,0,normal,1,3,20,69,5196
15562,MOB_EU_THIEF_NPC_05530553,Europe (Constantinople),56,5597,0,2495,368,547,56,56,133,133,2,0,normal,1,3,20,69,5197
15564,MOB_EU_THIEF_NPC_05550555,Europe (Constantinople),56,4877,0,2495,355,567,56,56,133,133,2,0,normal,1,3,20,59,5199
15565,MOB_EU_THIEF_NPC_05560556,Europe (Constantinople),56,4877,0,2495,342,589,56,56,133,133,2,0,normal,1,3,20,64,5200
15566,MOB_EU_THIEF_NPC_05570557,Europe (Constantinople),56,4877,0,2495,342,589,56,16777272,133,133,2,0,normal,1,3,20,64,5201
15567,MOB_EU_THIEF_NPC_05580558,Europe (Constantinople),56,4877,0,2495,342,589,56,56,133,133,2,0,normal,1,3,20,64,5202
15568,MOB_EU_THIEF_NPC_05590559,Europe (Constantinople),56,4877,0,2495,342,589,56,56,133,133,2,0,normal,1,3,20,64,5203
26883,MOB_EVE_STRONG_KK_PLANAR,Evenement,56,6317,0,2495,293,682,56,56,133,133,2,7,7,1,3,25,55,13689
22574,MOB_FW_BATTLEGOLEM_056,Forteresse (guerre de forteresse),56,6243036,0,4789900,382,526,56,56,133,133,2,3,unique_notice,1,3,42,56,12128
22154,MOB_FW_HYEONGCHEON_056,Forteresse (guerre de forteresse),56,6064487,0,3592425,355,567,56,56,133,133,2,3,unique_notice,1,3,23,74,11708
22294,MOB_FW_MUJIGI_056,Forteresse (guerre de forteresse),56,4682277,0,3592425,355,567,56,56,133,133,2,3,unique_notice,1,3,38,143,11848
21454,MOB_FW_TAESE_056,Forteresse (guerre de forteresse),56,8085983,0,4789900,382,526,56,56,133,133,2,3,unique_notice,1,3,10,34,11008
36078,MOB_GOD_TOGUI_TOGUIBOOM_B2,Forgotten World (pilliers/uniques),56,5597,0,2495,342,589,56,56,133,133,2,1,champion,1,3,15,75,17870
36102,MOB_GOD_TOGUI_TOGUIDOLL_B2,Forgotten World (pilliers/uniques),56,6317,0,2495,368,547,56,56,133,133,2,1,champion,1,3,10,40,17894
8135,MOB_HUNTER_NPC_05510551,AUTRE,56,6317,0,2495,355,567,56,56,133,133,2,0,normal,1,3,20,57,2668
8137,MOB_HUNTER_NPC_05530553,AUTRE,56,4877,0,2495,355,567,56,56,133,133,2,0,normal,1,3,20,59,2670
8138,MOB_HUNTER_NPC_05540554,AUTRE,56,5597,0,2495,342,589,56,56,133,133,2,0,normal,1,3,20,64,2671
8139,MOB_HUNTER_NPC_05550555,AUTRE,56,5597,0,2495,355,567,56,56,133,133,2,0,normal,1,3,20,78,2672
8140,MOB_HUNTER_NPC_05560556,AUTRE,56,4877,0,2495,368,547,56,56,133,133,2,0,normal,1,3,20,57,2673
8141,MOB_HUNTER_NPC_05570557,AUTRE,56,6317,0,2495,355,567,56,56,133,133,2,0,normal,1,3,20,57,2674
8141,MOB_HUNTER_NPC_05570557,AUTRE,56,6317,0,2495,355,567,56,56,133,133,2,0,normal,1,3,20,57,2674
8142,MOB_HUNTER_NPC_05580558,AUTRE,56,6317,0,2495,342,589,56,56,133,133,2,0,normal,1,3,20,59,2675
8143,MOB_HUNTER_NPC_05590559,AUTRE,56,4877,0,2495,355,567,56,56,133,133,2,0,normal,1,3,20,64,2676
8144,MOB_HUNTER_NPC_05600560,AUTRE,56,5597,0,2495,368,547,56,56,133,133,2,0,normal,1,3,20,78,2677
2125,MOB_KK_PLANAR,Karakoram (Isyutaru),56,6317,0,2495,342,589,56,56,133,133,2,0,normal,1,3,25,55,216
2772,MOB_THIEF_NPC_05510551,Evenement caravan/thief,56,6317,0,2495,355,567,56,56,133,133,2,0,normal,1,3,20,57,789
2773,MOB_THIEF_NPC_05520552,Evenement caravan/thief,56,6317,0,2495,368,547,56,56,133,133,2,0,normal,1,3,20,57,790
2774,MOB_THIEF_NPC_05530553,Evenement caravan/thief,56,4877,0,2495,355,567,56,56,133,133,2,0,normal,1,3,20,59,791
2775,MOB_THIEF_NPC_05540554,Evenement caravan/thief,56,5597,0,2495,342,589,56,56,133,133,2,0,normal,1,3,20,64,792
2777,MOB_THIEF_NPC_05560556,Evenement caravan/thief,56,4877,0,2495,368,547,56,56,133,133,2,0,normal,1,3,20,57,794
2778,MOB_THIEF_NPC_05570557,Evenement caravan/thief,56,6317,0,2495,355,567,56,56,133,133,2,0,normal,1,3,20,57,795
2779,MOB_THIEF_NPC_05580558,Evenement caravan/thief,56,6317,0,2495,342,589,56,56,133,133,2,0,normal,1,3,20,59,796
2780,MOB_THIEF_NPC_05590559,Evenement caravan/thief,56,4877,0,2495,355,567,56,16777272,133,133,2,0,normal,1,3,20,64,797
2781,MOB_THIEF_NPC_05600560,Evenement caravan/thief,56,5597,0,2495,368,547,56,56,133,133,2,0,normal,1,3,20,78,798
24068,MOV_EV_WOLF_B_056,AUTRE,56,12838,0,9980,366,585,56,56,133,133,2,0,normal,1,0,50,75,13343
16970,MOB_EU_HUNTER_NPC_05610561,Europe (Constantinople),57,5060,0,2582,382,567,57,57,134,134,2,0,normal,1,3,20,69,6605
16971,MOB_EU_HUNTER_NPC_05620562,Europe (Constantinople),57,5809,0,2582,382,567,57,57,134,134,2,0,normal,1,3,20,69,6606
16972,MOB_EU_HUNTER_NPC_05630563,Europe (Constantinople),57,5809,0,2582,382,567,57,57,134,134,2,0,normal,1,3,20,69,6607
16973,MOB_EU_HUNTER_NPC_05640564,Europe (Constantinople),57,5809,0,2582,368,589,57,57,134,134,2,0,normal,1,3,20,78,6608
16974,MOB_EU_HUNTER_NPC_05650565,Europe (Constantinople),57,5060,0,2582,368,589,57,57,134,134,2,0,normal,1,3,20,60,6609
16975,MOB_EU_HUNTER_NPC_05660566,Europe (Constantinople),57,5060,0,2582,355,611,57,57,134,134,2,0,normal,1,3,20,64,6610
16977,MOB_EU_HUNTER_NPC_05680568,Europe (Constantinople),57,5060,0,2582,355,611,57,57,134,134,2,0,normal,1,3,20,64,6612
16978,MOB_EU_HUNTER_NPC_05690569,Europe (Constantinople),57,5060,0,2582,355,611,57,57,134,134,2,0,normal,1,3,20,64,6613
16979,MOB_EU_HUNTER_NPC_05700570,Europe (Constantinople),57,5060,0,2582,355,611,57,57,134,134,2,0,normal,1,3,20,64,6614
15570,MOB_EU_THIEF_NPC_05610561,Europe (Constantinople),57,5809,0,2582,382,567,57,57,134,134,2,0,normal,1,3,20,69,5205
15571,MOB_EU_THIEF_NPC_05620562,Europe (Constantinople),57,5809,0,2582,382,567,57,57,134,134,2,0,normal,1,3,20,69,5206
15572,MOB_EU_THIEF_NPC_05630563,Europe (Constantinople),57,5809,0,2582,382,567,57,57,134,134,2,0,normal,1,3,20,69,5207
15573,MOB_EU_THIEF_NPC_05640564,Europe (Constantinople),57,5809,0,2582,368,589,57,57,134,134,2,0,normal,1,3,20,78,5208
15574,MOB_EU_THIEF_NPC_05650565,Europe (Constantinople),57,5060,0,2582,368,589,57,57,134,134,2,0,normal,1,3,20,60,5209
15575,MOB_EU_THIEF_NPC_05660566,Europe (Constantinople),57,5060,0,2582,355,611,57,57,134,134,2,0,normal,1,3,20,64,5210
15576,MOB_EU_THIEF_NPC_05670567,Europe (Constantinople),57,5060,0,2582,355,611,57,57,134,134,2,0,normal,1,3,20,64,5211
15577,MOB_EU_THIEF_NPC_05680568,Europe (Constantinople),57,5060,0,2582,355,611,57,57,134,134,2,0,normal,1,3,20,64,5212
15578,MOB_EU_THIEF_NPC_05690569,Europe (Constantinople),57,5060,0,2582,355,611,57,57,134,134,2,0,normal,1,3,20,64,5213
15579,MOB_EU_THIEF_NPC_05700570,Europe (Constantinople),57,5060,0,2582,355,611,57,57,134,134,2,0,normal,1,3,20,64,5214
26884,MOB_EVE_STRONG_KK_PLANAR_CLON,Evenement,57,6557,0,2582,305,707,57,57,134,134,2,7,7,1,3,25,55,13690
22575,MOB_FW_BATTLEGOLEM_057,Forteresse (guerre de forteresse),57,6477170,0,4957546,396,547,57,57,134,134,2,3,unique_notice,1,3,42,56,12129
22155,MOB_FW_HYEONGCHEON_057,Forteresse (guerre de forteresse),57,6295049,0,3718160,368,589,57,57,134,134,2,3,unique_notice,1,3,23,74,11709
22295,MOB_FW_MUJIGI_057,Forteresse (guerre de forteresse),57,4857877,0,3718160,368,589,57,16777273,134,134,2,3,unique_notice,1,3,38,143,11849
8145,MOB_HUNTER_NPC_05610561,AUTRE,57,6557,0,2582,368,589,57,57,134,134,2,0,normal,1,3,20,57,2678
8146,MOB_HUNTER_NPC_05620562,AUTRE,57,5060,0,2582,355,611,57,57,134,134,2,0,normal,1,3,20,57,2679
8147,MOB_HUNTER_NPC_05630563,AUTRE,57,6557,0,2582,368,589,57,57,134,134,2,0,normal,1,3,20,60,2680
8148,MOB_HUNTER_NPC_05640564,AUTRE,57,5809,0,2582,382,567,57,16777273,134,134,2,0,normal,1,3,20,64,2681
8149,MOB_HUNTER_NPC_05650565,AUTRE,57,5060,0,2582,368,589,57,57,134,134,2,0,normal,1,3,20,78,2682
8151,MOB_HUNTER_NPC_05670567,AUTRE,57,6557,0,2582,368,589,57,57,134,134,2,0,normal,1,3,20,57,2684
8152,MOB_HUNTER_NPC_05680568,AUTRE,57,5060,0,2582,382,567,57,57,134,134,2,0,normal,1,3,20,60,2685
8153,MOB_HUNTER_NPC_05690569,AUTRE,57,5809,0,2582,368,589,57,57,134,134,2,0,normal,1,3,20,64,2686
8154,MOB_HUNTER_NPC_05700570,AUTRE,57,5809,0,2582,355,611,57,57,134,134,2,0,normal,1,3,20,78,2687
2117,MOB_KK_GWHITESPIDER_CLON,Karakoram (Isyutaru),57,5809,0,2582,382,567,57,57,134,134,2,0,normal,1,3,37,75,208
2000,MOB_KK_PLANAR_CLON,Karakoram (Isyutaru),57,6557,0,2582,355,611,57,57,134,134,2,0,normal,1,3,25,55,94
2782,MOB_THIEF_NPC_05610561,Evenement caravan/thief,57,6557,0,2582,368,589,57,57,134,134,2,0,normal,1,3,20,57,799
2783,MOB_THIEF_NPC_05620562,Evenement caravan/thief,57,5060,0,2582,355,611,57,57,134,134,2,0,normal,1,3,20,57,800
2784,MOB_THIEF_NPC_05630563,Evenement caravan/thief,57,6557,0,2582,368,589,57,57,134,134,2,0,normal,1,3,20,316,801
2785,MOB_THIEF_NPC_05640564,Evenement caravan/thief,57,5809,0,2582,382,567,57,57,134,134,2,0,normal,1,3,20,64,802
2786,MOB_THIEF_NPC_05650565,Evenement caravan/thief,57,5060,0,2582,368,589,57,57,134,134,2,0,normal,1,3,20,78,803
2787,MOB_THIEF_NPC_05660566,Evenement caravan/thief,57,6557,0,2582,355,611,57,57,134,134,2,0,normal,1,3,20,57,804
2788,MOB_THIEF_NPC_05670567,Evenement caravan/thief,57,6557,0,2582,368,589,57,57,134,134,2,0,normal,1,3,20,57,805
2789,MOB_THIEF_NPC_05680568,Evenement caravan/thief,57,5060,0,2582,382,567,57,57,134,134,2,0,normal,1,3,20,60,806
2790,MOB_THIEF_NPC_05690569,Evenement caravan/thief,57,5809,0,2582,368,589,57,57,134,134,2,0,normal,1,3,20,64,807
2791,MOB_THIEF_NPC_05700570,Evenement caravan/thief,57,5809,0,2582,355,611,57,57,134,134,2,0,normal,1,3,20,78,808
24069,MOV_EV_WOLF_B_057,AUTRE,57,13313,0,10328,379,606,57,57,134,134,2,0,normal,1,0,50,75,13344
16980,MOB_EU_HUNTER_NPC_05710571,Europe (Constantinople),58,5249,0,2672,396,589,58,58,135,135,2,0,normal,1,3,20,69,6615
16981,MOB_EU_HUNTER_NPC_05720572,Europe (Constantinople),58,6027,0,2672,396,589,58,58,135,135,2,0,normal,1,3,20,69,6616
16982,MOB_EU_HUNTER_NPC_05730573,Europe (Constantinople),58,6027,0,2672,396,589,58,16777274,135,135,2,0,normal,1,3,20,69,6617
16983,MOB_EU_HUNTER_NPC_05740574,Europe (Constantinople),58,6027,0,2672,382,611,58,58,135,135,2,0,normal,1,3,20,79,6618
16985,MOB_EU_HUNTER_NPC_05760576,Europe (Constantinople),58,5249,0,2672,368,634,58,58,135,135,2,0,normal,1,3,20,65,6620
16986,MOB_EU_HUNTER_NPC_05770577,Europe (Constantinople),58,5249,0,2672,368,634,58,58,135,135,2,0,normal,1,3,20,65,6621
16987,MOB_EU_HUNTER_NPC_05780578,Europe (Constantinople),58,5249,0,2672,368,634,58,58,135,135,2,0,normal,1,3,20,65,6622
16988,MOB_EU_HUNTER_NPC_05790579,Europe (Constantinople),58,5249,0,2672,368,634,58,58,135,135,2,0,normal,1,3,20,65,6623
16989,MOB_EU_HUNTER_NPC_05800580,Europe (Constantinople),58,5249,0,2672,368,634,58,58,135,135,2,0,normal,1,3,20,65,6624
15580,MOB_EU_THIEF_NPC_05710571,Europe (Constantinople),58,6027,0,2672,396,589,58,58,135,135,2,0,normal,1,3,20,69,5215
15581,MOB_EU_THIEF_NPC_05720572,Europe (Constantinople),58,6027,0,2672,396,589,58,58,135,135,2,0,normal,1,3,20,69,5216
15582,MOB_EU_THIEF_NPC_05730573,Europe (Constantinople),58,6027,0,2672,396,589,58,58,135,135,2,0,normal,1,3,20,69,5217
15583,MOB_EU_THIEF_NPC_05740574,Europe (Constantinople),58,6027,0,2672,382,611,58,58,135,135,2,0,normal,1,3,20,79,5218
15584,MOB_EU_THIEF_NPC_05750575,Europe (Constantinople),58,5249,0,2672,382,611,58,58,135,135,2,0,normal,1,3,20,60,5219
15585,MOB_EU_THIEF_NPC_05760576,Europe (Constantinople),58,5249,0,2672,368,634,58,58,135,135,2,0,normal,1,3,20,321,5220
15586,MOB_EU_THIEF_NPC_05770577,Europe (Constantinople),58,5249,0,2672,368,634,58,58,135,135,2,0,normal,1,3,20,65,5221
15587,MOB_EU_THIEF_NPC_05780578,Europe (Constantinople),58,5249,0,2672,368,634,58,58,135,135,2,0,normal,1,3,20,65,5222
15588,MOB_EU_THIEF_NPC_05790579,Europe (Constantinople),58,5249,0,2672,368,634,58,58,135,135,2,0,normal,1,3,20,65,5223
15589,MOB_EU_THIEF_NPC_05800580,Europe (Constantinople),58,5249,0,2672,368,634,58,58,135,135,2,0,normal,1,3,20,65,5224
26885,MOB_EVE_STRONG_KK_GWHITESPIDER,Evenement,58,6027,0,2672,317,732,58,58,135,135,2,7,7,1,3,37,75,13691
22576,MOB_FW_BATTLEGOLEM_058,Forteresse (guerre de forteresse),58,6718171,0,5131060,411,567,58,58,135,135,2,3,unique_notice,1,3,42,56,12130
22156,MOB_FW_HYEONGCHEON_058,Forteresse (guerre de forteresse),58,6532408,0,3848295,382,611,58,58,135,135,2,3,unique_notice,1,3,23,74,11710
22296,MOB_FW_MUJIGI_058,Forteresse (guerre de forteresse),58,5038628,0,3848295,382,611,58,58,135,135,2,3,unique_notice,1,3,38,143,11850
21456,MOB_FW_TAESE_058,Forteresse (guerre de forteresse),58,8709877,0,5131060,411,567,58,58,135,135,2,3,unique_notice,1,3,10,34,11010
36120,MOB_GOD_TOGUI_ENVY_B2,Forgotten World (pilliers/uniques),58,5249,0,4009,382,611,58,58,135,135,2,6,elite/quest,1,3,23,100,17912
36114,MOB_GOD_TOGUI_TOGUICAPTAIN_B2,Forgotten World (pilliers/uniques),58,489931,0,384830,382,611,58,58,135,135,2,8,unique_silencieux,1,3,13,30,17906
36108,MOB_GOD_TOGUI_TOGUIGENERAL_B2,Forgotten World (pilliers/uniques),58,489931,0,384830,382,611,58,58,135,135,2,8,unique_silencieux,1,3,13,30,17900
36096,MOB_GOD_TOGUI_TOGUISOLDIER_B2,Forgotten World (pilliers/uniques),58,6805,0,2672,382,611,58,58,135,135,2,1,champion,1,3,19,55,17888
8155,MOB_HUNTER_NPC_05710571,AUTRE,58,5249,0,2672,382,611,58,58,135,135,2,0,normal,1,3,20,57,2688
8156,MOB_HUNTER_NPC_05720572,AUTRE,58,6805,0,2672,396,589,58,58,135,135,2,0,normal,1,3,20,57,2689
8157,MOB_HUNTER_NPC_05730573,AUTRE,58,6805,0,2672,382,611,58,58,135,135,2,0,normal,1,3,20,60,2690
8158,MOB_HUNTER_NPC_05740574,AUTRE,58,5249,0,2672,368,634,58,58,135,135,2,0,normal,1,3,20,65,2691
8159,MOB_HUNTER_NPC_05750575,AUTRE,58,6027,0,2672,382,611,58,58,135,135,2,0,normal,1,3,20,79,2692
8160,MOB_HUNTER_NPC_05760576,AUTRE,58,6805,0,2672,396,589,58,58,135,135,2,0,normal,1,3,20,57,2693
8161,MOB_HUNTER_NPC_05770577,AUTRE,58,5249,0,2672,382,611,58,58,135,135,2,0,normal,1,3,20,57,2694
8162,MOB_HUNTER_NPC_05780578,AUTRE,58,6805,0,2672,368,634,58,58,135,135,2,0,normal,1,3,20,60,2695
8163,MOB_HUNTER_NPC_05790579,AUTRE,58,6027,0,2672,382,611,58,58,135,135,2,0,normal,1,3,20,65,2696
8164,MOB_HUNTER_NPC_05800580,AUTRE,58,5249,0,2672,396,589,58,58,135,135,2,0,normal,1,3,20,79,2697
1995,MOB_KK_GWHITESPIDER,Karakoram (Isyutaru),58,6027,0,2672,396,589,58,16777274,135,135,2,0,normal,1,3,37,75,89
2792,MOB_THIEF_NPC_05710571,Evenement caravan/thief,58,5249,0,2672,382,611,58,16777274,135,135,2,0,normal,1,3,20,57,809
2794,MOB_THIEF_NPC_05730573,Evenement caravan/thief,58,6805,0,2672,382,611,58,58,135,135,2,0,normal,1,3,20,60,811
2795,MOB_THIEF_NPC_05740574,Evenement caravan/thief,58,5249,0,2672,368,634,58,58,135,135,2,0,normal,1,3,20,65,812
2796,MOB_THIEF_NPC_05750575,Evenement caravan/thief,58,6027,0,2672,382,611,58,58,135,135,2,0,normal,1,3,20,79,813
2797,MOB_THIEF_NPC_05760576,Evenement caravan/thief,58,6805,0,2672,396,589,58,58,135,135,2,0,normal,1,3,20,57,814
2798,MOB_THIEF_NPC_05770577,Evenement caravan/thief,58,5249,0,2672,382,611,58,58,135,135,2,0,normal,1,3,20,57,815
2799,MOB_THIEF_NPC_05780578,Evenement caravan/thief,58,6805,0,2672,368,634,58,58,135,135,2,0,normal,1,3,20,60,816
2800,MOB_THIEF_NPC_05790579,Evenement caravan/thief,58,6027,0,2672,382,611,58,58,135,135,2,0,normal,1,3,20,321,817
2801,MOB_THIEF_NPC_05800580,Evenement caravan/thief,58,5249,0,2672,396,589,58,58,135,135,2,0,normal,1,3,20,79,818
24070,MOV_EV_WOLF_B_058,AUTRE,58,13802,0,10688,393,628,58,58,135,135,2,0,normal,1,0,50,75,13345
8168,MMB_HUNTER_NPC_05840584,AUTRE,59,6251,0,2766,411,611,59,59,136,136,2,0,normal,1,3,20,65,2701
16990,MOB_EU_HUNTER_NPC_05810581,Europe (Constantinople),59,5442,0,2766,411,611,59,59,136,136,2,0,normal,1,3,20,70,6625
16991,MOB_EU_HUNTER_NPC_05820582,Europe (Constantinople),59,6251,0,2766,411,611,59,59,136,136,2,0,normal,1,3,20,70,6626
16992,MOB_EU_HUNTER_NPC_05830583,Europe (Constantinople),59,6251,0,2766,411,611,59,59,136,136,2,0,normal,1,3,20,70,6627
16993,MOB_EU_HUNTER_NPC_05840584,Europe (Constantinople),59,6251,0,2766,396,634,59,59,136,136,2,0,normal,1,3,20,80,6628
16994,MOB_EU_HUNTER_NPC_05850585,Europe (Constantinople),59,5442,0,2766,396,634,59,59,136,136,2,0,normal,1,3,20,60,6629
16995,MOB_EU_HUNTER_NPC_05860586,Europe (Constantinople),59,5442,0,2766,382,657,59,59,136,136,2,0,normal,1,3,20,65,6630
16996,MOB_EU_HUNTER_NPC_05870587,Europe (Constantinople),59,5442,0,2766,382,657,59,59,136,136,2,0,normal,1,3,20,65,6631
16997,MOB_EU_HUNTER_NPC_05880588,Europe (Constantinople),59,5442,0,2766,382,657,59,59,136,136,2,0,normal,1,3,20,65,6632
16998,MOB_EU_HUNTER_NPC_05890589,Europe (Constantinople),59,5442,0,2766,382,657,59,59,136,136,2,0,normal,1,3,20,65,6633
16999,MOB_EU_HUNTER_NPC_05900590,Europe (Constantinople),59,5442,0,2766,382,657,59,59,136,136,2,0,normal,1,3,20,65,6634
15590,MOB_EU_THIEF_NPC_05810581,Europe (Constantinople),59,6251,0,2766,411,611,59,16777275,136,136,2,0,normal,1,3,20,70,5225
15591,MOB_EU_THIEF_NPC_05820582,Europe (Constantinople),59,6251,0,2766,411,611,59,59,136,136,2,0,normal,1,3,20,70,5226
15592,MOB_EU_THIEF_NPC_05830583,Europe (Constantinople),59,6251,0,2766,411,611,59,59,136,136,2,0,normal,1,3,20,70,5227
15593,MOB_EU_THIEF_NPC_05840584,Europe (Constantinople),59,6251,0,2766,396,634,59,59,136,136,2,0,normal,1,3,20,80,5228
15595,MOB_EU_THIEF_NPC_05860586,Europe (Constantinople),59,5442,0,2766,382,657,59,59,136,136,2,0,normal,1,3,20,65,5230
15596,MOB_EU_THIEF_NPC_05870587,Europe (Constantinople),59,5442,0,2766,382,657,59,59,136,136,2,0,normal,1,3,20,65,5231
15597,MOB_EU_THIEF_NPC_05880588,Europe (Constantinople),59,5442,0,2766,382,657,59,59,136,136,2,0,normal,1,3,20,65,5232
15598,MOB_EU_THIEF_NPC_05890589,Europe (Constantinople),59,5442,0,2766,382,657,59,59,136,136,2,0,normal,1,3,20,65,5233
15599,MOB_EU_THIEF_NPC_05900590,Europe (Constantinople),59,5442,0,2766,382,657,59,59,136,136,2,0,normal,1,3,20,65,5234
26886,MOB_EVE_STRONG_KK_YETI,Evenement,59,7059,0,2766,329,758,59,16777275,136,136,2,7,7,1,3,25,55,13692
22577,MOB_FW_BATTLEGOLEM_059,Forteresse (guerre de forteresse),59,6966221,0,5310647,426,589,59,59,136,136,2,3,unique_notice,1,3,42,56,12131
22157,MOB_FW_HYEONGCHEON_059,Forteresse (guerre de forteresse),59,6776743,0,3982986,396,634,59,59,136,136,2,3,unique_notice,1,3,23,74,11711
22297,MOB_FW_MUJIGI_059,Forteresse (guerre de forteresse),59,5224666,0,3982986,396,634,59,59,136,136,2,3,unique_notice,1,3,38,143,11851
21457,MOB_FW_TAESE_059,Forteresse (guerre de forteresse),59,9035657,0,5310647,426,589,59,59,136,136,2,3,unique_notice,1,3,10,34,11011
8165,MOB_HUNTER_NPC_05810581,AUTRE,59,7059,0,2766,396,634,59,59,136,136,2,0,normal,1,3,20,57,2698
8166,MOB_HUNTER_NPC_05820582,AUTRE,59,7059,0,2766,382,657,59,59,136,136,2,0,normal,1,3,20,57,2699
8167,MOB_HUNTER_NPC_05830583,AUTRE,59,5442,0,2766,396,634,59,59,136,136,2,0,normal,1,3,20,60,2700
8169,MOB_HUNTER_NPC_05850585,AUTRE,59,6251,0,2766,396,634,59,59,136,136,2,0,normal,1,3,20,80,2702
8170,MOB_HUNTER_NPC_05860586,AUTRE,59,5442,0,2766,382,657,59,59,136,136,2,0,normal,1,3,20,57,2703
8171,MOB_HUNTER_NPC_05870587,AUTRE,59,7059,0,2766,396,634,59,59,136,136,2,0,normal,1,3,20,57,2704
8172,MOB_HUNTER_NPC_05880588,AUTRE,59,7059,0,2766,411,611,59,16777275,136,136,2,0,normal,1,3,20,60,2705
8173,MOB_HUNTER_NPC_05890589,AUTRE,59,5442,0,2766,396,634,59,59,136,136,2,0,normal,1,3,20,65,2706
8174,MOB_HUNTER_NPC_05900590,AUTRE,59,6251,0,2766,382,657,59,59,136,136,2,0,normal,1,3,20,80,2707
1996,MOB_KK_YETI,Karakoram (Isyutaru),59,7059,0,2766,411,611,59,59,136,136,2,0,normal,1,3,25,55,90
2802,MOB_THIEF_NPC_05810581,Evenement caravan/thief,59,7059,0,2766,396,634,59,59,136,136,2,0,normal,1,3,20,57,819
2803,MOB_THIEF_NPC_05820582,Evenement caravan/thief,59,7059,0,2766,382,657,59,59,136,136,2,0,normal,1,3,20,57,820
2804,MOB_THIEF_NPC_05830583,Evenement caravan/thief,59,5442,0,2766,396,634,59,59,136,136,2,0,normal,1,3,20,60,821
2805,MOB_THIEF_NPC_05840584,Evenement caravan/thief,59,6251,0,2766,411,611,59,59,136,136,2,0,normal,1,3,20,65,822
2806,MOB_THIEF_NPC_05850585,Evenement caravan/thief,59,6251,0,2766,396,634,59,59,136,136,2,0,normal,1,3,20,80,823
2807,MOB_THIEF_NPC_05860586,Evenement caravan/thief,59,5442,0,2766,382,657,59,59,136,136,2,0,normal,1,3,20,57,824
2808,MOB_THIEF_NPC_05870587,Evenement caravan/thief,59,7059,0,2766,396,634,59,59,136,136,2,0,normal,1,3,20,57,825
2810,MOB_THIEF_NPC_05890589,Evenement caravan/thief,59,5442,0,2766,396,634,59,59,136,136,2,0,normal,1,3,20,65,827
2811,MOB_THIEF_NPC_05900590,Evenement caravan/thief,59,6251,0,2766,382,657,59,59,136,136,2,0,normal,1,3,20,80,828
17000,MOB_EU_HUNTER_NPC_05910591,Europe (Constantinople),60,5880,0,2863,426,634,60,60,137,137,2,0,normal,1,3,20,70,6635
17001,MOB_EU_HUNTER_NPC_05920592,Europe (Constantinople),60,6757,0,2863,426,634,60,60,137,137,2,0,normal,1,3,20,70,6636
17002,MOB_EU_HUNTER_NPC_05930593,Europe (Constantinople),60,6757,0,2863,426,634,60,60,137,137,2,0,normal,1,3,20,70,6637
17003,MOB_EU_HUNTER_NPC_05940594,Europe (Constantinople),60,6757,0,2863,411,657,60,60,137,137,2,0,normal,1,3,20,80,6638
17004,MOB_EU_HUNTER_NPC_05950595,Europe (Constantinople),60,5880,0,2863,411,657,60,60,137,137,2,0,normal,1,3,20,60,6639
17005,MOB_EU_HUNTER_NPC_05960596,Europe (Constantinople),60,5880,0,2863,396,682,60,60,137,137,2,0,normal,1,3,20,65,6640
17006,MOB_EU_HUNTER_NPC_05970597,Europe (Constantinople),60,5880,0,2863,396,682,60,16777276,137,137,2,0,normal,1,3,20,65,6641
17008,MOB_EU_HUNTER_NPC_05990599,Europe (Constantinople),60,5880,0,2863,396,682,60,60,137,137,2,0,normal,1,3,20,65,6643
17009,MOB_EU_HUNTER_NPC_06000600,Europe (Constantinople),60,5880,0,2863,396,682,60,60,137,137,2,0,normal,1,3,20,65,6644
15601,MOB_EU_THIEF_NPC_05920592,Europe (Constantinople),60,6757,0,2863,426,634,60,60,137,137,2,0,normal,1,3,20,70,5236
15602,MOB_EU_THIEF_NPC_05931593,Europe (Constantinople),60,6757,0,2863,426,634,60,60,137,137,2,0,normal,1,3,20,70,5237
15603,MOB_EU_THIEF_NPC_05940594,Europe (Constantinople),60,6757,0,2863,411,657,60,60,137,137,2,0,normal,1,3,20,80,5238
15604,MOB_EU_THIEF_NPC_05950595,Europe (Constantinople),60,5880,0,2863,411,657,60,60,137,137,2,0,normal,1,3,20,60,5239
15605,MOB_EU_THIEF_NPC_05960596,Europe (Constantinople),60,5880,0,2863,396,682,60,60,137,137,2,0,normal,1,3,20,65,5240
15606,MOB_EU_THIEF_NPC_05970597,Europe (Constantinople),60,5880,0,2863,396,682,60,60,137,137,2,0,normal,1,3,20,65,5241
15607,MOB_EU_THIEF_NPC_05980598,Europe (Constantinople),60,5880,0,2863,396,682,60,60,137,137,2,0,normal,1,3,20,65,5242
15608,MOB_EU_THIEF_NPC_05990599,Europe (Constantinople),60,5880,0,2863,396,682,60,60,137,137,2,0,normal,1,3,20,65,5243
15609,MOB_EU_THIEF_NPC_06000600,Europe (Constantinople),60,5880,0,2863,396,682,60,60,137,137,2,0,normal,1,3,20,65,5244
26887,MOB_EVE_STRONG_KK_YETI_CLON,Evenement,60,7634,0,2863,342,786,60,60,137,137,2,7,7,1,3,25,55,13693
23434,MOB_EV_PENGUIN,Evenement,60,229030,0,120236,411,657,60,60,137,137,2,0,normal,1,0,50,75,12777
24341,MOB_EV_RAVEN_60,Evenement,60,229030,0,120236,396,682,60,60,137,137,2,0,normal,1,0,50,75,13452
28824,MOB_EV_WINTER_PRINCESS_60,Evenement,60,11289760,0,5496520,342,786,60,60,137,137,2,3,unique_notice,1,3,20,120,15598
28816,MOB_EV_WINTER_WHITEKNIGHT_60,Evenement,60,1881627,0,2748260,342,786,60,60,137,137,2,3,unique_notice,1,3,30,180,15590
22578,MOB_FW_BATTLEGOLEM_060,Forteresse (guerre de forteresse),60,7526507,0,5496520,442,611,60,60,137,137,2,3,unique_notice,1,3,42,56,12132
22158,MOB_FW_HYEONGCHEON_060,Forteresse (guerre de forteresse),60,7328955,0,4122390,411,657,60,60,137,137,2,3,unique_notice,1,3,23,74,11712
22298,MOB_FW_MUJIGI_060,Forteresse (guerre de forteresse),60,5644880,0,4122390,411,657,60,60,137,137,2,3,unique_notice,1,3,38,143,11852
21458,MOB_FW_TAESE_060,Forteresse (guerre de forteresse),60,9771940,0,5496520,442,611,60,60,137,137,2,3,unique_notice,1,3,10,34,11012
36057,MOB_GNGWC_ISYUTARUGNGWC_,AUTRE,60,4324612,0,2748260,411,657,60,60,137,137,2,3,unique_notice,0,3,35,70,17849
8175,MOB_HUNTER_NPC_05910591,AUTRE,60,7634,0,2863,411,657,60,60,137,137,2,0,normal,1,3,20,57,2708
8176,MOB_HUNTER_NPC_05920592,AUTRE,60,5880,0,2863,426,634,60,60,137,137,2,0,normal,1,3,20,57,2709
8177,MOB_HUNTER_NPC_05930593,AUTRE,60,7634,0,2863,411,657,60,60,137,137,2,0,normal,1,3,20,60,2710
8178,MOB_HUNTER_NPC_05940594,AUTRE,60,6757,0,2863,396,682,60,60,137,137,2,0,normal,1,3,20,65,2711
8179,MOB_HUNTER_NPC_05950595,AUTRE,60,5880,0,2863,411,657,60,60,137,137,2,0,normal,1,3,20,80,2712
8180,MOB_HUNTER_NPC_05960596,AUTRE,60,7634,0,2863,426,634,60,60,137,137,2,0,normal,1,3,20,57,2713
8181,MOB_HUNTER_NPC_05970597,AUTRE,60,7634,0,2863,411,657,60,60,137,137,2,0,normal,1,3,20,57,2714
8183,MOB_HUNTER_NPC_05990599,AUTRE,60,6757,0,2863,411,657,60,60,137,137,2,0,normal,1,3,20,65,2716
8184,MOB_HUNTER_NPC_06000600,AUTRE,60,6757,0,2863,426,634,60,60,137,137,2,0,normal,1,3,20,80,2717
2002,MOB_KK_ISYUTARU,Karakoram (Isyutaru),60,4324612,0,2748260,274,329,60,60,137,137,2,3,unique_notice,1,3,35,70,96
7559,MOB_KK_ISYUTARU_L2,Karakoram (Isyutaru),60,43246117,0,10993040,274,329,60,60,137,137,2,3,unique_notice,1,3,47,95,2107
7560,MOB_KK_ISYUTARU_L3,Karakoram (Isyutaru),60,12973835,0,5496520,274,329,60,60,137,137,2,3,unique_notice,1,3,60,119,2108
3930,MOB_KK_STRONG_YETI_CLON,Karakoram (Isyutaru),60,229030,0,60118,411,657,60,60,137,137,2,0,normal,1,0,25,55,1706
2118,MOB_KK_YETI_CLON,Karakoram (Isyutaru),60,7634,0,2863,411,657,60,16777276,137,137,2,0,normal,1,3,25,55,209
2812,MOB_THIEF_NPC_05910591,Evenement caravan/thief,60,7634,0,2863,411,657,60,60,137,137,2,0,normal,1,3,20,57,829
2813,MOB_THIEF_NPC_05920592,Evenement caravan/thief,60,5880,0,2863,426,634,60,60,137,137,2,0,normal,1,3,20,57,830
2814,MOB_THIEF_NPC_05930593,Evenement caravan/thief,60,7634,0,2863,411,657,60,60,137,137,2,0,normal,1,3,20,60,831
2815,MOB_THIEF_NPC_05940594,Evenement caravan/thief,60,6757,0,2863,396,682,60,60,137,137,2,0,normal,1,3,20,65,832
2816,MOB_THIEF_NPC_05950595,Evenement caravan/thief,60,5880,0,2863,411,657,60,16777276,137,137,2,0,normal,1,3,20,80,833
2817,MOB_THIEF_NPC_05960596,Evenement caravan/thief,60,7634,0,2863,426,634,60,60,137,137,2,0,normal,1,3,20,313,834
2818,MOB_THIEF_NPC_05970597,Evenement caravan/thief,60,7634,0,2863,411,657,60,60,137,137,2,0,normal,1,3,20,57,835
2819,MOB_THIEF_NPC_05980598,Evenement caravan/thief,60,5880,0,2863,396,682,60,60,137,137,2,0,normal,1,3,20,60,836
2820,MOB_THIEF_NPC_05990599,Evenement caravan/thief,60,6757,0,2863,411,657,60,60,137,137,2,0,normal,1,3,20,65,837
2821,MOB_THIEF_NPC_06000600,Evenement caravan/thief,60,6757,0,2863,426,634,60,60,137,137,2,0,normal,1,3,20,80,838
24072,MOV_EV_WOLF_B_060,AUTRE,60,14823,0,11452,421,673,60,60,137,137,2,0,normal,1,0,50,75,13347
3667,MOB_DH_BUGGHOST_CLON,AUTRE,61,7913,0,2949,426,682,61,61,138,138,2,0,normal,1,3,30,55,1641
36036,MOB_EOD_PILLAR_TOGUI_61_70,AUTRE,61,12184,0,2949,426,682,61,61,138,138,2,0,normal,1,3,0,0,17828
17017,MOB_EU_HUNTER_NPC_05080608,Europe (Constantinople),61,6092,0,2949,411,707,61,61,138,138,2,0,normal,1,3,20,65,6652
17010,MOB_EU_HUNTER_NPC_06010601,Europe (Constantinople),61,6092,0,2949,442,657,61,61,138,138,2,0,normal,1,3,20,70,6645
17011,MOB_EU_HUNTER_NPC_06020602,Europe (Constantinople),61,7003,0,2949,442,657,61,61,138,138,2,0,normal,1,3,20,70,6646
17012,MOB_EU_HUNTER_NPC_06030603,Europe (Constantinople),61,7003,0,2949,442,657,61,61,138,138,2,0,normal,1,3,20,70,6647
17013,MOB_EU_HUNTER_NPC_06040604,Europe (Constantinople),61,6092,0,2949,426,682,61,61,138,138,2,0,normal,1,3,20,81,6648
17014,MOB_EU_HUNTER_NPC_06050605,Europe (Constantinople),61,6092,0,2949,426,682,61,61,138,138,2,0,normal,1,3,20,60,6649
17015,MOB_EU_HUNTER_NPC_06060606,Europe (Constantinople),61,6092,0,2949,411,707,61,61,138,138,2,0,normal,1,3,20,65,6650
17016,MOB_EU_HUNTER_NPC_06070607,Europe (Constantinople),61,6092,0,2949,411,707,61,61,138,138,2,0,normal,1,3,20,65,6651
17018,MOB_EU_HUNTER_NPC_06090609,Europe (Constantinople),61,6092,0,2949,411,707,61,61,138,138,2,0,normal,1,3,20,65,6653
17019,MOB_EU_HUNTER_NPC_06100610,Europe (Constantinople),61,6092,0,2949,411,707,61,61,138,138,2,0,normal,1,3,20,65,6654
15610,MOB_EU_THIEF_NPC_06010601,Europe (Constantinople),61,7003,0,2949,442,657,61,61,138,138,2,0,normal,1,3,20,70,5245
15611,MOB_EU_THIEF_NPC_06020602,Europe (Constantinople),61,7003,0,2949,442,657,61,61,138,138,2,0,normal,1,3,20,70,5246
15612,MOB_EU_THIEF_NPC_06030603,Europe (Constantinople),61,7003,0,2949,442,657,61,61,138,138,2,0,normal,1,3,20,70,5247
15613,MOB_EU_THIEF_NPC_06040604,Europe (Constantinople),61,6092,0,2949,426,682,61,61,138,138,2,0,normal,1,3,20,81,5248
15614,MOB_EU_THIEF_NPC_06050605,Europe (Constantinople),61,6092,0,2949,426,682,61,16777277,138,138,2,0,normal,1,3,20,60,5249
15615,MOB_EU_THIEF_NPC_06060606,Europe (Constantinople),61,6092,0,2949,411,707,61,61,138,138,2,0,normal,1,3,20,65,5250
15616,MOB_EU_THIEF_NPC_06070607,Europe (Constantinople),61,6092,0,2949,411,707,61,61,138,138,2,0,normal,1,3,20,321,5251
15617,MOB_EU_THIEF_NPC_06080608,Europe (Constantinople),61,6092,0,2949,411,707,61,61,138,138,2,0,normal,1,3,20,65,5252
15619,MOB_EU_THIEF_NPC_06100610,Europe (Constantinople),61,6092,0,2949,411,707,61,61,138,138,2,0,normal,1,3,20,65,5254
26888,MOB_EVE_STRONG_DH_BUGGHOST_CLON,Evenement,61,7913,0,2949,355,813,61,61,138,138,2,7,7,1,3,30,55,13694
22579,MOB_FW_BATTLEGOLEM_061,Forteresse (guerre de forteresse),61,7797938,0,5661415,458,634,61,61,138,138,2,3,unique_notice,1,3,42,56,12133
22159,MOB_FW_HYEONGCHEON_061,Forteresse (guerre de forteresse),61,7596436,0,4246061,426,682,61,61,138,138,2,3,unique_notice,1,3,23,74,11713
22299,MOB_FW_MUJIGI_061,Forteresse (guerre de forteresse),61,5848454,0,4246061,426,682,61,61,138,138,2,3,unique_notice,1,3,38,143,11853
21459,MOB_FW_TAESE_061,Forteresse (guerre de forteresse),61,10128581,0,5661415,458,634,61,61,138,138,2,3,unique_notice,1,3,10,34,11013
36079,MOB_GOD_TOGUI_TOGUIBOOM_C1,Forgotten World (pilliers/uniques),61,7003,0,2949,411,707,61,61,138,138,2,0,normal,1,3,15,75,17871
36073,MOB_GOD_TOGUI_TOGUICRAZY_C1,Forgotten World (pilliers/uniques),61,7003,0,2949,442,657,61,61,138,138,2,0,normal,1,3,15,75,17865
36085,MOB_GOD_TOGUI_TOGUIMAGIC_C1,Forgotten World (pilliers/uniques),61,7913,0,2949,411,707,61,61,138,138,2,0,normal,1,3,25,55,17877
36067,MOB_GOD_TOGUI_TOGUI_C1,Forgotten World (pilliers/uniques),61,7003,0,2949,442,657,61,61,138,138,2,0,normal,1,3,15,75,17859
36127,MOB_GOD_TOGUI_TREASUREBOX_C1,Forgotten World (pilliers/uniques),61,7913,0,2949,426,682,61,61,138,138,2,0,normal,1,3,0,0,17919
8185,MOB_HUNTER_NPC_06010601,AUTRE,61,6092,0,2949,426,682,61,61,138,138,2,0,normal,1,3,20,58,2718
8186,MOB_HUNTER_NPC_06020602,AUTRE,61,7913,0,2949,411,707,61,61,138,138,2,0,normal,1,3,20,58,2719
8187,MOB_HUNTER_NPC_06030603,AUTRE,61,7003,0,2949,426,682,61,61,138,138,2,0,normal,1,3,20,60,2720
8188,MOB_HUNTER_NPC_06040604,AUTRE,61,6092,0,2949,442,657,61,61,138,138,2,0,normal,1,3,20,65,2721
8189,MOB_HUNTER_NPC_06050605,AUTRE,61,6092,0,2949,426,682,61,61,138,138,2,0,normal,1,3,20,81,2722
8190,MOB_HUNTER_NPC_06060606,AUTRE,61,7913,0,2949,411,707,61,61,138,138,2,0,normal,1,3,20,58,2723
8191,MOB_HUNTER_NPC_06070607,AUTRE,61,6092,0,2949,426,682,61,61,138,138,2,0,normal,1,3,20,58,2724
8192,MOB_HUNTER_NPC_06080608,AUTRE,61,7003,0,2949,442,657,61,61,138,138,2,0,normal,1,3,20,60,2725
8193,MOB_HUNTER_NPC_06090609,AUTRE,61,7003,0,2949,426,682,61,61,138,138,2,0,normal,1,3,20,65,2726
8194,MOB_HUNTER_NPC_06100610,AUTRE,61,6092,0,2949,411,707,61,61,138,138,2,0,normal,1,3,20,81,2727
3815,MOB_QT_PLANAR_QUEST,Tombe de Qin-Shi (clones/quete),61,7913,0,983,411,707,61,61,138,138,2,0,normal,1,0,25,55,1666
2822,MOB_THIEF_NPC_06010601,Evenement caravan/thief,61,6092,0,2949,426,682,61,61,138,138,2,0,normal,1,3,20,58,839
2823,MOB_THIEF_NPC_06020602,Evenement caravan/thief,61,7913,0,2949,411,707,61,61,138,138,2,0,normal,1,3,20,58,840
2824,MOB_THIEF_NPC_06030603,Evenement caravan/thief,61,7003,0,2949,426,682,61,61,138,138,2,0,normal,1,3,20,60,841
2825,MOB_THIEF_NPC_06040604,Evenement caravan/thief,61,6092,0,2949,442,657,61,61,138,138,2,0,normal,1,3,20,65,842
2827,MOB_THIEF_NPC_06060606,Evenement caravan/thief,61,7913,0,2949,411,707,61,61,138,138,2,0,normal,1,3,20,58,844
2828,MOB_THIEF_NPC_06070607,Evenement caravan/thief,61,6092,0,2949,426,682,61,61,138,138,2,0,normal,1,3,20,58,845
2829,MOB_THIEF_NPC_06080608,Evenement caravan/thief,61,7003,0,2949,442,657,61,61,138,138,2,0,normal,1,3,20,60,846
2830,MOB_THIEF_NPC_06090609,Evenement caravan/thief,61,7003,0,2949,426,682,61,61,138,138,2,0,normal,1,3,20,65,847
2831,MOB_THIEF_NPC_06100610,Evenement caravan/thief,61,6092,0,2949,411,707,61,61,138,138,2,0,normal,1,3,20,81,848
3796,MOB_TK_EDIMMU_CLON,Désert de Taklamakan (Yarkan),61,7003,0,2949,442,657,61,61,138,138,2,0,normal,1,3,40,75,1647
24073,MOV_EV_JINN_B_061,AUTRE,61,15355,0,11796,436,697,61,61,138,138,2,0,normal,1,0,50,75,13348
8200,MMB_HUNTER_NPC_06160616,AUTRE,62,6310,0,3037,458,682,62,62,139,139,2,0,normal,1,3,20,58,2733
3668,MOB_DH_WORKEARTHGHOST_CLON,AUTRE,62,8200,0,3037,442,707,62,62,139,139,2,0,normal,1,3,19,55,1642
17020,MOB_EU_HUNTER_NPC_06110611,Europe (Constantinople),62,6310,0,3037,458,682,62,62,139,139,2,0,normal,1,3,20,71,6655
17021,MOB_EU_HUNTER_NPC_06120612,Europe (Constantinople),62,7255,0,3037,458,682,62,62,139,139,2,0,normal,1,3,20,71,6656
17022,MOB_EU_HUNTER_NPC_06130613,Europe (Constantinople),62,7255,0,3037,458,682,62,62,139,139,2,0,normal,1,3,20,71,6657
17023,MOB_EU_HUNTER_NPC_06140614,Europe (Constantinople),62,6310,0,3037,442,707,62,62,139,139,2,0,normal,1,3,20,81,6658
17024,MOB_EU_HUNTER_NPC_06150615,Europe (Constantinople),62,6310,0,3037,442,707,62,62,139,139,2,0,normal,1,3,20,60,6659
17025,MOB_EU_HUNTER_NPC_06160616,Europe (Constantinople),62,6310,0,3037,426,732,62,62,139,139,2,0,normal,1,3,20,66,6660
17026,MOB_EU_HUNTER_NPC_06170617,Europe (Constantinople),62,6310,0,3037,426,732,62,62,139,139,2,0,normal,1,3,20,66,6661
17027,MOB_EU_HUNTER_NPC_06180618,Europe (Constantinople),62,6310,0,3037,426,732,62,62,139,139,2,0,normal,1,3,20,66,6662
17028,MOB_EU_HUNTER_NPC_06190619,Europe (Constantinople),62,6310,0,3037,426,732,62,62,139,139,2,0,normal,1,3,20,66,6663
17029,MOB_EU_HUNTER_NPC_06200620,Europe (Constantinople),62,6310,0,3037,426,732,62,62,139,139,2,0,normal,1,3,20,66,6664
15620,MOB_EU_THIEF_NPC_06110611,Europe (Constantinople),62,7255,0,3037,458,682,62,62,139,139,2,0,normal,1,3,20,71,5255
15621,MOB_EU_THIEF_NPC_06120612,Europe (Constantinople),62,7255,0,3037,458,682,62,62,139,139,2,0,normal,1,3,20,71,5256
15622,MOB_EU_THIEF_NPC_06130613,Europe (Constantinople),62,7255,0,3037,458,682,62,62,139,139,2,0,normal,1,3,20,71,5257
15623,MOB_EU_THIEF_NPC_06140614,Europe (Constantinople),62,6310,0,3037,442,707,62,62,139,139,2,0,normal,1,3,20,81,5258
15624,MOB_EU_THIEF_NPC_06150615,Europe (Constantinople),62,6310,0,3037,442,707,62,62,139,139,2,0,normal,1,3,20,60,5259
15626,MOB_EU_THIEF_NPC_06170617,Europe (Constantinople),62,6310,0,3037,426,732,62,62,139,139,2,0,normal,1,3,20,66,5261
15627,MOB_EU_THIEF_NPC_06180618,Europe (Constantinople),62,6310,0,3037,426,732,62,62,139,139,2,0,normal,1,3,20,66,5262
15628,MOB_EU_THIEF_NPC_06190619,Europe (Constantinople),62,6310,0,3037,426,732,62,62,139,139,2,0,normal,1,3,20,66,5263
15629,MOB_EU_THIEF_NPC_06200620,Europe (Constantinople),62,6310,0,3037,426,732,62,62,139,139,2,0,normal,1,3,20,66,5264
26889,MOB_EVE_STRONG_DH_WORKEARTHGHOST_CLON,Evenement,62,8200,0,3037,368,842,62,62,139,139,2,7,7,1,3,19,55,13695
22580,MOB_FW_BATTLEGOLEM_062,Forteresse (guerre de forteresse),62,8077217,0,5831258,474,657,62,62,139,139,2,3,unique_notice,1,3,42,56,12134
22160,MOB_FW_HYEONGCHEON_062,Forteresse (guerre de forteresse),62,7871684,0,4373443,442,707,62,62,139,139,2,3,unique_notice,1,3,23,74,11714
22300,MOB_FW_MUJIGI_062,Forteresse (guerre de forteresse),62,6057912,0,4373443,442,707,62,62,139,139,2,3,unique_notice,1,3,38,143,11854
21460,MOB_FW_TAESE_062,Forteresse (guerre de forteresse),62,10495579,0,5831258,474,657,62,62,139,139,2,3,unique_notice,1,3,10,34,11014
36091,MOB_GOD_TOGUI_TOGUISTRONG_C1,Forgotten World (pilliers/uniques),62,8200,0,3037,442,707,62,62,139,139,2,0,normal,1,3,19,55,17883
8195,MOB_HUNTER_NPC_06110611,AUTRE,62,8200,0,3037,442,707,62,62,139,139,2,0,normal,1,3,20,58,2728
8196,MOB_HUNTER_NPC_06120612,AUTRE,62,8200,0,3037,458,682,62,16777278,139,139,2,0,normal,1,3,20,58,2729
8197,MOB_HUNTER_NPC_06130613,AUTRE,62,6310,0,3037,442,707,62,62,139,139,2,0,normal,1,3,20,60,2730
8198,MOB_HUNTER_NPC_06140614,AUTRE,62,7255,0,3037,426,732,62,62,139,139,2,0,normal,1,3,20,66,2731
8199,MOB_HUNTER_NPC_06150615,AUTRE,62,6310,0,3037,442,707,62,62,139,139,2,0,normal,1,3,20,81,2732
8201,MOB_HUNTER_NPC_06170617,AUTRE,62,8200,0,3037,442,707,62,62,139,139,2,0,normal,1,3,20,58,2734
8202,MOB_HUNTER_NPC_06180618,AUTRE,62,7255,0,3037,426,732,62,62,139,139,2,0,normal,1,3,20,60,2735
8203,MOB_HUNTER_NPC_06190619,AUTRE,62,6310,0,3037,442,707,62,62,139,139,2,0,normal,1,3,20,66,2736
8204,MOB_HUNTER_NPC_06200620,AUTRE,62,6310,0,3037,458,682,62,62,139,139,2,0,normal,1,3,20,81,2737
2835,MOB_THIEF_NPC_05140614,Evenement caravan/thief,62,7255,0,3037,426,732,62,62,139,139,2,0,normal,1,3,20,66,852
2832,MOB_THIEF_NPC_06110611,Evenement caravan/thief,62,8200,0,3037,442,707,62,62,139,139,2,0,normal,1,3,20,58,849
2833,MOB_THIEF_NPC_06120612,Evenement caravan/thief,62,8200,0,3037,458,682,62,62,139,139,2,0,normal,1,3,20,314,850
2834,MOB_THIEF_NPC_06130613,Evenement caravan/thief,62,6310,0,3037,442,707,62,62,139,139,2,0,normal,1,3,20,60,851
2836,MOB_THIEF_NPC_06150615,Evenement caravan/thief,62,6310,0,3037,442,707,62,62,139,139,2,0,normal,1,3,20,81,853
2837,MOB_THIEF_NPC_06160616,Evenement caravan/thief,62,6310,0,3037,458,682,62,62,139,139,2,0,normal,1,3,20,58,854
2838,MOB_THIEF_NPC_06170617,Evenement caravan/thief,62,8200,0,3037,442,707,62,62,139,139,2,0,normal,1,3,20,58,855
2839,MOB_THIEF_NPC_06180618,Evenement caravan/thief,62,7255,0,3037,426,732,62,62,139,139,2,0,normal,1,3,20,60,856
2840,MOB_THIEF_NPC_06190619,Evenement caravan/thief,62,6310,0,3037,442,707,62,16777278,139,139,2,0,normal,1,3,20,66,857
2841,MOB_THIEF_NPC_06200620,Evenement caravan/thief,62,6310,0,3037,458,682,62,62,139,139,2,0,normal,1,3,20,81,858
24074,MOV_EV_JINN_B_062,AUTRE,62,15903,0,12148,451,722,62,62,139,139,2,0,normal,1,0,50,75,13349
1971,MOB_DH_BUGGHOST,AUTRE,63,8495,0,3128,458,732,63,16777279,140,140,2,0,normal,1,3,30,55,65
17030,MOB_EU_HUNTER_NPC_06210621,Europe (Constantinople),63,6535,0,3128,474,707,63,16777279,140,140,2,0,normal,1,3,20,71,6665
17031,MOB_EU_HUNTER_NPC_06220622,Europe (Constantinople),63,7515,0,3128,474,707,63,63,140,140,2,0,normal,1,3,20,71,6666
17032,MOB_EU_HUNTER_NPC_06230623,Europe (Constantinople),63,7515,0,3128,474,707,63,63,140,140,2,0,normal,1,3,20,71,6667
17033,MOB_EU_HUNTER_NPC_06240624,Europe (Constantinople),63,6535,0,3128,458,732,63,63,140,140,2,0,normal,1,3,20,82,6668
17034,MOB_EU_HUNTER_NPC_06250625,Europe (Constantinople),63,6535,0,3128,458,732,63,63,140,140,2,0,normal,1,3,20,61,6669
17035,MOB_EU_HUNTER_NPC_06260626,Europe (Constantinople),63,6535,0,3128,442,758,63,63,140,140,2,0,normal,1,3,20,66,6670
17036,MOB_EU_HUNTER_NPC_06270627,Europe (Constantinople),63,6535,0,3128,442,758,63,63,140,140,2,0,normal,1,3,20,66,6671
17037,MOB_EU_HUNTER_NPC_06280628,Europe (Constantinople),63,6535,0,3128,442,758,63,63,140,140,2,0,normal,1,3,20,66,6672
17039,MOB_EU_HUNTER_NPC_06300630,Europe (Constantinople),63,6535,0,3128,442,758,63,63,140,140,2,0,normal,1,3,20,66,6674
15633,MOB_EU_THIEF_NPC_06140624,Europe (Constantinople),63,6535,0,3128,458,732,63,63,140,140,2,0,normal,1,3,20,82,5268
15630,MOB_EU_THIEF_NPC_06210621,Europe (Constantinople),63,7515,0,3128,474,707,63,63,140,140,2,0,normal,1,3,20,71,5265
15631,MOB_EU_THIEF_NPC_06220622,Europe (Constantinople),63,7515,0,3128,474,707,63,63,140,140,2,0,normal,1,3,20,71,5266
15632,MOB_EU_THIEF_NPC_06230623,Europe (Constantinople),63,7515,0,3128,474,707,63,63,140,140,2,0,normal,1,3,20,71,5267
15634,MOB_EU_THIEF_NPC_06250625,Europe (Constantinople),63,6535,0,3128,458,732,63,63,140,140,2,0,normal,1,3,20,61,5269
15635,MOB_EU_THIEF_NPC_06260626,Europe (Constantinople),63,6535,0,3128,442,758,63,63,140,140,2,0,normal,1,3,20,66,5270
15636,MOB_EU_THIEF_NPC_06270627,Europe (Constantinople),63,6535,0,3128,442,758,63,63,140,140,2,0,normal,1,3,20,66,5271
15637,MOB_EU_THIEF_NPC_06280628,Europe (Constantinople),63,6535,0,3128,442,758,63,63,140,140,2,0,normal,1,3,20,66,5272
15638,MOB_EU_THIEF_NPC_06290629,Europe (Constantinople),63,6535,0,3128,442,758,63,16777279,140,140,2,0,normal,1,3,20,66,5273
15639,MOB_EU_THIEF_NPC_06300630,Europe (Constantinople),63,6535,0,3128,442,758,63,63,140,140,2,0,normal,1,3,20,66,5274
26890,MOB_EVE_STRONG_DH_BUGGHOST,Evenement,63,8495,0,3128,382,872,63,63,140,140,2,7,7,1,3,30,55,13696
22581,MOB_FW_BATTLEGOLEM_063,Forteresse (guerre de forteresse),63,8364547,0,6006196,491,682,63,63,140,140,2,3,unique_notice,1,3,42,312,12135
22161,MOB_FW_HYEONGCHEON_063,Forteresse (guerre de forteresse),63,8154904,0,4504647,458,732,63,63,140,140,2,3,unique_notice,1,3,23,74,11715
22301,MOB_FW_MUJIGI_063,Forteresse (guerre de forteresse),63,6273410,0,4504647,458,732,63,63,140,140,2,3,unique_notice,1,3,38,143,11855
21461,MOB_FW_TAESE_063,Forteresse (guerre de forteresse),63,10873205,0,6006196,491,682,63,63,140,140,2,3,unique_notice,1,3,10,34,11015
36121,MOB_GOD_TOGUI_ENVY_C1,Forgotten World (pilliers/uniques),63,6535,0,4692,458,732,63,63,140,140,2,1,champion,1,3,23,100,17913
36115,MOB_GOD_TOGUI_TOGUICAPTAIN_C1,Forgotten World (pilliers/uniques),63,407745,0,225232,458,732,63,63,140,140,2,8,unique_silencieux,1,3,13,30,17907
36103,MOB_GOD_TOGUI_TOGUIDOLL_C1,Forgotten World (pilliers/uniques),63,8495,0,3128,474,707,63,63,140,140,2,0,normal,1,1,10,40,17895
36325,MOB_GOD_TOGUI_TOGUIELDER_C1,Forgotten World (pilliers/uniques),63,3607078,0,2252323,442,758,63,63,140,140,2,3,unique_notice,1,3,15,75,18117
36109,MOB_GOD_TOGUI_TOGUIGENERAL_C1,Forgotten World (pilliers/uniques),63,407745,0,225232,458,732,63,63,140,140,2,8,unique_silencieux,1,3,13,30,17901
36097,MOB_GOD_TOGUI_TOGUISOLDIER_C1,Forgotten World (pilliers/uniques),63,8495,0,3128,458,732,63,63,140,140,2,0,normal,1,3,19,55,17889
8205,MOB_HUNTER_NPC_06210621,AUTRE,63,8495,0,3128,458,732,63,63,140,140,2,0,normal,1,3,20,58,2738
8205,MOB_HUNTER_NPC_06210621,AUTRE,63,8495,0,3128,458,732,63,63,140,140,2,0,normal,1,3,20,58,2738
8206,MOB_HUNTER_NPC_06220622,AUTRE,63,6535,0,3128,442,758,63,63,140,140,2,0,normal,1,3,20,58,2739
8207,MOB_HUNTER_NPC_06230623,AUTRE,63,7515,0,3128,458,732,63,63,140,140,2,0,normal,1,3,20,61,2740
8208,MOB_HUNTER_NPC_06240624,AUTRE,63,7515,0,3128,474,707,63,63,140,140,2,0,normal,1,3,20,66,2741
8209,MOB_HUNTER_NPC_06250625,AUTRE,63,6535,0,3128,458,732,63,63,140,140,2,0,normal,1,3,20,82,2742
8210,MOB_HUNTER_NPC_06260626,AUTRE,63,8495,0,3128,442,758,63,63,140,140,2,0,normal,1,3,20,58,2743
8211,MOB_HUNTER_NPC_06270627,AUTRE,63,8495,0,3128,458,732,63,63,140,140,2,0,normal,1,3,20,58,2744
8212,MOB_HUNTER_NPC_06280628,AUTRE,63,6535,0,3128,474,707,63,63,140,140,2,0,normal,1,3,20,61,2745
8213,MOB_HUNTER_NPC_06290629,AUTRE,63,7515,0,3128,458,732,63,63,140,140,2,0,normal,1,3,20,66,2746
3816,MOB_QT_GWHITESPIDER_QUEST,Tombe de Qin-Shi (clones/quete),63,7515,0,1043,474,707,63,63,140,140,2,0,normal,1,0,37,75,1667
2843,MOB_THIEF_NPC_06220622,Evenement caravan/thief,63,6535,0,3128,442,758,63,63,140,140,2,0,normal,1,3,20,58,860
2844,MOB_THIEF_NPC_06230623,Evenement caravan/thief,63,7515,0,3128,458,732,63,63,140,140,2,0,normal,1,3,20,61,861
2845,MOB_THIEF_NPC_06240624,Evenement caravan/thief,63,7515,0,3128,474,707,63,63,140,140,2,0,normal,1,3,20,66,862
2846,MOB_THIEF_NPC_06250625,Evenement caravan/thief,63,6535,0,3128,458,732,63,63,140,140,2,0,normal,1,3,20,82,863
2847,MOB_THIEF_NPC_06260626,Evenement caravan/thief,63,8495,0,3128,442,758,63,63,140,140,2,0,normal,1,3,20,58,864
2848,MOB_THIEF_NPC_06270627,Evenement caravan/thief,63,8495,0,3128,458,732,63,63,140,140,2,0,normal,1,3,20,58,865
2849,MOB_THIEF_NPC_06280628,Evenement caravan/thief,63,6535,0,3128,474,707,63,63,140,140,2,0,normal,1,3,20,61,866
2850,MOB_THIEF_NPC_06290629,Evenement caravan/thief,63,7515,0,3128,458,732,63,63,140,140,2,0,normal,1,3,20,322,867
2851,MOB_THIEF_NPC_06300630,Evenement caravan/thief,63,6535,0,3128,442,758,63,63,140,140,2,0,normal,1,3,20,82,868
3798,MOB_TK_EDIMMU,Désert de Taklamakan (Yarkan),63,7515,0,3128,442,758,63,16777279,140,140,2,0,normal,1,3,40,75,1649
3952,MOB_TK_STRONG_EDIMMU,Désert de Taklamakan (Yarkan),63,225442,0,65693,442,758,63,63,140,140,2,0,normal,1,0,40,75,1717
1972,MOB_DH_WORKEARTHGHOST,AUTRE,64,9139,0,3222,474,758,64,64,141,141,2,0,normal,1,3,19,55,66
17048,MOB_EU_HUNTER_NPC_05390639,Europe (Constantinople),64,7025,0,3222,458,786,64,64,141,141,2,0,normal,1,3,20,66,6683
17040,MOB_EU_HUNTER_NPC_06310631,Europe (Constantinople),64,7025,0,3222,491,732,64,64,141,141,2,0,normal,1,3,20,71,6675
17041,MOB_EU_HUNTER_NPC_06320632,Europe (Constantinople),64,8082,0,3222,491,732,64,64,141,141,2,0,normal,1,3,20,71,6676
17042,MOB_EU_HUNTER_NPC_06330633,Europe (Constantinople),64,8082,0,3222,491,732,64,64,141,141,2,0,normal,1,3,20,71,6677
17043,MOB_EU_HUNTER_NPC_06340634,Europe (Constantinople),64,7025,0,3222,474,758,64,64,141,141,2,0,normal,1,3,20,82,6678
17044,MOB_EU_HUNTER_NPC_06350635,Europe (Constantinople),64,7025,0,3222,474,758,64,64,141,141,2,0,normal,1,3,20,61,6679
17045,MOB_EU_HUNTER_NPC_06360636,Europe (Constantinople),64,7025,0,3222,458,786,64,64,141,141,2,0,normal,1,3,20,66,6680
17047,MOB_EU_HUNTER_NPC_06380638,Europe (Constantinople),64,7025,0,3222,458,786,64,64,141,141,2,0,normal,1,3,20,66,6682
17049,MOB_EU_HUNTER_NPC_06400640,Europe (Constantinople),64,7025,0,3222,458,786,64,64,141,141,2,0,normal,1,3,20,66,6684
15640,MOB_EU_THIEF_NPC_06310631,Europe (Constantinople),64,8082,0,3222,491,732,64,64,141,141,2,0,normal,1,3,20,71,5275
15641,MOB_EU_THIEF_NPC_06320632,Europe (Constantinople),64,8082,0,3222,491,732,64,64,141,141,2,0,normal,1,3,20,71,5276
15642,MOB_EU_THIEF_NPC_06330633,Europe (Constantinople),64,8082,0,3222,491,732,64,64,141,141,2,0,normal,1,3,20,71,5277
15643,MOB_EU_THIEF_NPC_06340634,Europe (Constantinople),64,7025,0,3222,474,758,64,64,141,141,2,0,normal,1,3,20,82,5278
15644,MOB_EU_THIEF_NPC_06350635,Europe (Constantinople),64,7025,0,3222,474,758,64,64,141,141,2,0,normal,1,3,20,61,5279
15645,MOB_EU_THIEF_NPC_06360636,Europe (Constantinople),64,7025,0,3222,458,786,64,64,141,141,2,0,normal,1,3,20,66,5280
15646,MOB_EU_THIEF_NPC_06370637,Europe (Constantinople),64,7025,0,3222,458,786,64,64,141,141,2,0,normal,1,3,20,66,5281
15647,MOB_EU_THIEF_NPC_06380638,Europe (Constantinople),64,7025,0,3222,458,786,64,64,141,141,2,0,normal,1,3,20,322,5282
15648,MOB_EU_THIEF_NPC_06390639,Europe (Constantinople),64,7025,0,3222,458,786,64,64,141,141,2,0,normal,1,3,20,66,5283
15649,MOB_EU_THIEF_NPC_06400640,Europe (Constantinople),64,7025,0,3222,458,786,64,64,141,141,2,0,normal,1,3,20,66,5284
26891,MOB_EVE_STRONG_DH_WORKEARTHGHOST,Evenement,64,9139,0,3222,396,902,64,64,141,141,2,7,7,1,3,19,55,13697
22582,MOB_FW_BATTLEGOLEM_064,Forteresse (guerre de forteresse),64,8991991,0,6186382,508,707,64,64,141,141,2,3,unique_notice,1,3,42,56,12136
22162,MOB_FW_HYEONGCHEON_064,Forteresse (guerre de forteresse),64,8773609,0,4639787,474,758,64,64,141,141,2,3,unique_notice,1,3,23,74,11716
22302,MOB_FW_MUJIGI_064,Forteresse (guerre de forteresse),64,6743993,0,4639787,474,758,64,64,141,141,2,3,unique_notice,1,3,38,143,11856
21462,MOB_FW_TAESE_064,Forteresse (guerre de forteresse),64,11698145,0,6186382,508,707,64,64,141,141,2,3,unique_notice,1,3,10,34,11016
8215,MOB_HUNTER_NPC_06310631,AUTRE,64,7025,0,3222,474,758,64,64,141,141,2,0,normal,1,3,20,58,2748
8216,MOB_HUNTER_NPC_06320632,AUTRE,64,9139,0,3222,491,732,64,64,141,141,2,0,normal,1,3,20,58,2749
8217,MOB_HUNTER_NPC_06330633,AUTRE,64,8082,0,3222,474,758,64,64,141,141,2,0,normal,1,3,20,61,2750
8218,MOB_HUNTER_NPC_06340634,AUTRE,64,7025,0,3222,458,786,64,64,141,141,2,0,normal,1,3,20,66,2751
8219,MOB_HUNTER_NPC_06350635,AUTRE,64,7025,0,3222,474,758,64,64,141,141,2,0,normal,1,3,20,82,2752
8220,MOB_HUNTER_NPC_06360636,AUTRE,64,9139,0,3222,491,732,64,16777280,141,141,2,0,normal,1,3,20,58,2753
8221,MOB_HUNTER_NPC_06370637,AUTRE,64,7025,0,3222,474,758,64,64,141,141,2,0,normal,1,3,20,58,2754
8222,MOB_HUNTER_NPC_06380638,AUTRE,64,8082,0,3222,458,786,64,64,141,141,2,0,normal,1,3,20,61,2755
8223,MOB_HUNTER_NPC_06390639,AUTRE,64,8082,0,3222,474,758,64,64,141,141,2,0,normal,1,3,20,66,2756
8224,MOB_HUNTER_NPC_06400640,AUTRE,64,7025,0,3222,491,732,64,64,141,141,2,0,normal,1,3,20,82,2757
2852,MOB_THIEF_NPC_05310631,Evenement caravan/thief,64,7025,0,3222,474,758,64,64,141,141,2,0,normal,1,3,20,58,869
2853,MOB_THIEF_NPC_06320632,Evenement caravan/thief,64,9139,0,3222,491,732,64,64,141,141,2,0,normal,1,3,20,58,870
2854,MOB_THIEF_NPC_06330633,Evenement caravan/thief,64,8082,0,3222,474,758,64,64,141,141,2,0,normal,1,3,20,61,871
2855,MOB_THIEF_NPC_06340634,Evenement caravan/thief,64,7025,0,3222,458,786,64,64,141,141,2,0,normal,1,3,20,66,872
2856,MOB_THIEF_NPC_06350635,Evenement caravan/thief,64,7025,0,3222,474,758,64,64,141,141,2,0,normal,1,3,20,82,873
2857,MOB_THIEF_NPC_06360636,Evenement caravan/thief,64,9139,0,3222,491,732,64,64,141,141,2,0,normal,1,3,20,58,874
2858,MOB_THIEF_NPC_06370637,Evenement caravan/thief,64,7025,0,3222,474,758,64,64,141,141,2,0,normal,1,3,20,58,875
2860,MOB_THIEF_NPC_06390639,Evenement caravan/thief,64,8082,0,3222,474,758,64,64,141,141,2,0,normal,1,3,20,66,877
2861,MOB_THIEF_NPC_06400640,Evenement caravan/thief,64,7025,0,3222,491,732,64,64,141,141,2,0,normal,1,3,20,82,878
24076,MOV_EV_JINN_B_064,AUTRE,64,17047,0,12888,483,773,64,64,141,141,2,0,normal,1,0,50,75,13351
8232,MMB_HUNTER_NPC_06480648,AUTRE,65,8366,0,3319,508,758,65,65,142,142,2,0,normal,1,3,20,61,2765
3669,MOB_DH_SOLDIEREARTHGHOST_CLON,AUTRE,65,9461,0,3319,491,786,65,65,142,142,2,0,normal,1,3,19,55,1643
17050,MOB_EU_HUNTER_NPC_06410641,Europe (Constantinople),65,7270,0,3319,508,758,65,65,142,142,2,0,normal,1,3,20,72,6685
17051,MOB_EU_HUNTER_NPC_06420642,Europe (Constantinople),65,8366,0,3319,508,758,65,65,142,142,2,0,normal,1,3,20,72,6686
17052,MOB_EU_HUNTER_NPC_06430643,Europe (Constantinople),65,8366,0,3319,508,758,65,65,142,142,2,0,normal,1,3,20,72,6687
17053,MOB_EU_HUNTER_NPC_06440644,Europe (Constantinople),65,7270,0,3319,491,786,65,65,142,142,2,0,normal,1,3,20,83,6688
17054,MOB_EU_HUNTER_NPC_06450645,Europe (Constantinople),65,7270,0,3319,491,786,65,16777281,142,142,2,0,normal,1,3,20,61,6689
17055,MOB_EU_HUNTER_NPC_06460646,Europe (Constantinople),65,7270,0,3319,474,813,65,65,142,142,2,0,normal,1,3,20,66,6690
17056,MOB_EU_HUNTER_NPC_06470647,Europe (Constantinople),65,7270,0,3319,474,813,65,65,142,142,2,0,normal,1,3,20,66,6691
17057,MOB_EU_HUNTER_NPC_06480648,Europe (Constantinople),65,7270,0,3319,474,813,65,65,142,142,2,0,normal,1,3,20,66,6692
17058,MOB_EU_HUNTER_NPC_06490649,Europe (Constantinople),65,7270,0,3319,474,813,65,65,142,142,2,0,normal,1,3,20,66,6693
17059,MOB_EU_HUNTER_NPC_06500650,Europe (Constantinople),65,7270,0,3319,474,813,65,65,142,142,2,0,normal,1,3,20,66,6694
15650,MOB_EU_THIEF_NPC_06410641,Europe (Constantinople),65,8366,0,3319,508,758,65,65,142,142,2,0,normal,1,3,20,72,5285
15651,MOB_EU_THIEF_NPC_06420642,Europe (Constantinople),65,8366,0,3319,508,758,65,65,142,142,2,0,normal,1,3,20,72,5286
15652,MOB_EU_THIEF_NPC_06430643,Europe (Constantinople),65,8366,0,3319,508,758,65,65,142,142,2,0,normal,1,3,20,72,5287
15653,MOB_EU_THIEF_NPC_06440644,Europe (Constantinople),65,7270,0,3319,491,786,65,65,142,142,2,0,normal,1,3,20,83,5288
15654,MOB_EU_THIEF_NPC_06450645,Europe (Constantinople),65,7270,0,3319,491,786,65,65,142,142,2,0,normal,1,3,20,61,5289
15655,MOB_EU_THIEF_NPC_06460646,Europe (Constantinople),65,7270,0,3319,474,813,65,65,142,142,2,0,normal,1,3,20,66,5290
15656,MOB_EU_THIEF_NPC_06470647,Europe (Constantinople),65,7270,0,3319,474,813,65,65,142,142,2,0,normal,1,3,20,66,5291
15657,MOB_EU_THIEF_NPC_06480648,Europe (Constantinople),65,7270,0,3319,474,813,65,65,142,142,2,0,normal,1,3,20,66,5292
15658,MOB_EU_THIEF_NPC_06490649,Europe (Constantinople),65,7270,0,3319,474,813,65,65,142,142,2,0,normal,1,3,20,66,5293
15659,MOB_EU_THIEF_NPC_06500650,Europe (Constantinople),65,7270,0,3319,474,813,65,65,142,142,2,0,normal,1,3,20,66,5294
34058,MOB_EVE_ANGRY_TAHOMET06,Evenement,65,8030921,0,1592993,474,813,65,65,142,142,2,3,unique_notice,0,3,23,75,17691
34048,MOB_EVE_HAPPY_TIGERWOMAN06,Evenement,65,6979110,0,1592993,491,786,65,65,142,142,2,3,unique_notice,0,0,20,90,17681
26892,MOB_EVE_STRONG_DH_SOLDIEREARTHGHOST_CLON,Evenement,65,9461,0,3319,411,933,65,65,142,142,2,7,7,1,3,19,55,13698
22163,MOB_FW_HYEONGCHEON_065,Forteresse (guerre de forteresse),65,9082731,0,4778980,491,786,65,65,142,142,2,3,unique_notice,1,3,23,74,11717
22303,MOB_FW_MUJIGI_065,Forteresse (guerre de forteresse),65,6979110,0,4778980,491,786,65,65,142,142,2,3,unique_notice,1,3,38,143,11857
21463,MOB_FW_TAESE_065,Forteresse (guerre de forteresse),65,12110308,0,6371973,526,732,65,65,142,142,2,3,unique_notice,1,3,10,34,11017
36043,MOB_GOD_PILLAR_ENVY_61_70,Forgotten World (pilliers/uniques),65,8366,0,6637,491,786,65,65,142,142,2,1,champion,1,3,15,75,17835
36050,MOB_GOD_PILLAR_ENVY_DROP_61_70,Forgotten World (pilliers/uniques),65,16731,0,13275,491,786,65,65,142,142,2,0,normal,1,3,15,75,17842
36074,MOB_GOD_TOGUI_TOGUICRAZY_C2,Forgotten World (pilliers/uniques),65,8366,0,3319,508,758,65,65,142,142,2,1,champion,1,3,15,75,17866
36128,MOB_GOD_TOGUI_TREASUREBOX_C2,Forgotten World (pilliers/uniques),65,9461,0,3319,491,786,65,65,142,142,2,0,normal,1,3,0,0,17920
8225,MOB_HUNTER_NPC_06410641,AUTRE,65,9461,0,3319,491,786,65,65,142,142,2,0,normal,1,3,20,58,2758
8226,MOB_HUNTER_NPC_06420642,AUTRE,65,9461,0,3319,474,813,65,65,142,142,2,0,normal,1,3,20,58,2759
8227,MOB_HUNTER_NPC_06430643,AUTRE,65,7270,0,3319,491,786,65,65,142,142,2,0,normal,1,3,20,61,2760
8228,MOB_HUNTER_NPC_06440644,AUTRE,65,8366,0,3319,508,758,65,65,142,142,2,0,normal,1,3,20,66,2761
8229,MOB_HUNTER_NPC_06450645,AUTRE,65,7270,0,3319,491,786,65,65,142,142,2,0,normal,1,3,20,83,2762
8230,MOB_HUNTER_NPC_06460646,AUTRE,65,7270,0,3319,474,813,65,65,142,142,2,0,normal,1,3,20,58,2763
8231,MOB_HUNTER_NPC_06470647,AUTRE,65,9461,0,3319,491,786,65,65,142,142,2,0,normal,1,3,20,58,2764
8233,MOB_HUNTER_NPC_06490649,AUTRE,65,7270,0,3319,491,786,65,65,142,142,2,0,normal,1,3,20,66,2766
8234,MOB_HUNTER_NPC_06500650,AUTRE,65,7270,0,3319,474,813,65,65,142,142,2,0,normal,1,3,20,83,2767
2868,MOB_THIEF_NPC_05470647,Evenement caravan/thief,65,9461,0,3319,491,786,65,65,142,142,2,0,normal,1,3,20,58,885
2862,MOB_THIEF_NPC_06410641,Evenement caravan/thief,65,9461,0,3319,491,786,65,65,142,142,2,0,normal,1,3,20,58,879
2863,MOB_THIEF_NPC_06420642,Evenement caravan/thief,65,9461,0,3319,474,813,65,65,142,142,2,0,normal,1,3,20,58,880
2864,MOB_THIEF_NPC_06430643,Evenement caravan/thief,65,7270,0,3319,491,786,65,16777281,142,142,2,0,normal,1,3,20,61,881
2865,MOB_THIEF_NPC_06440644,Evenement caravan/thief,65,8366,0,3319,508,758,65,65,142,142,2,0,normal,1,3,20,66,882
2866,MOB_THIEF_NPC_06450645,Evenement caravan/thief,65,7270,0,3319,491,786,65,65,142,142,2,0,normal,1,3,20,339,883
2867,MOB_THIEF_NPC_06460646,Evenement caravan/thief,65,7270,0,3319,474,813,65,65,142,142,2,0,normal,1,3,20,58,884
2869,MOB_THIEF_NPC_06480648,Evenement caravan/thief,65,8366,0,3319,508,758,65,65,142,142,2,0,normal,1,3,20,61,886
2870,MOB_THIEF_NPC_06490649,Evenement caravan/thief,65,7270,0,3319,491,786,65,65,142,142,2,0,normal,1,3,20,66,887
2871,MOB_THIEF_NPC_06500650,Evenement caravan/thief,65,7270,0,3319,474,813,65,65,142,142,2,0,normal,1,3,20,83,888
3797,MOB_TK_DEATHKARA_CLON,Désert de Taklamakan (Yarkan),65,7270,0,3319,491,786,65,65,142,142,2,0,normal,1,3,30,55,1648
3931,MOB_TK_STRONE_DEATHKARA_CLON,Désert de Taklamakan (Yarkan),65,283835,0,69693,491,786,65,65,142,142,2,0,normal,1,0,30,55,1707
24077,MOV_EV_JINN_B_065,AUTRE,65,17644,0,13276,499,799,65,65,142,142,2,0,normal,1,0,50,75,13352
1973,MOB_DH_SOLDIEREARTHGHOST,AUTRE,66,9792,0,3418,508,813,66,66,143,143,2,0,normal,1,3,19,55,67
3953,MOB_DH_STRONG_SOLDIEREARTHGHOST,AUTRE,66,293772,0,71784,508,813,66,66,143,143,2,0,normal,1,0,19,55,1718
17060,MOB_EU_HUNTER_NPC_06510651,Europe (Constantinople),66,7522,0,3418,526,786,66,66,143,143,2,0,normal,1,3,20,72,6695
17061,MOB_EU_HUNTER_NPC_06520652,Europe (Constantinople),66,8657,0,3418,526,786,66,66,143,143,2,0,normal,1,3,20,72,6696
17062,MOB_EU_HUNTER_NPC_06530653,Europe (Constantinople),66,8657,0,3418,526,786,66,66,143,143,2,0,normal,1,3,20,72,6697
17063,MOB_EU_HUNTER_NPC_06540654,Europe (Constantinople),66,7522,0,3418,508,813,66,66,143,143,2,0,normal,1,3,20,83,6698
17064,MOB_EU_HUNTER_NPC_06550655,Europe (Constantinople),66,7522,0,3418,508,813,66,66,143,143,2,0,normal,1,3,20,61,6699
17065,MOB_EU_HUNTER_NPC_06560656,Europe (Constantinople),66,7522,0,3418,491,842,66,66,143,143,2,0,normal,1,3,20,67,6700
17066,MOB_EU_HUNTER_NPC_06570657,Europe (Constantinople),66,7522,0,3418,491,842,66,66,143,143,2,0,normal,1,3,20,67,6701
17067,MOB_EU_HUNTER_NPC_06580658,Europe (Constantinople),66,7522,0,3418,491,842,66,66,143,143,2,0,normal,1,3,20,67,6702
17068,MOB_EU_HUNTER_NPC_06590659,Europe (Constantinople),66,7522,0,3418,491,842,66,66,143,143,2,0,normal,1,3,20,67,6703
15660,MOB_EU_THIEF_NPC_06510651,Europe (Constantinople),66,8657,0,3418,526,786,66,66,143,143,2,0,normal,1,3,20,72,5295
15661,MOB_EU_THIEF_NPC_06520652,Europe (Constantinople),66,8657,0,3418,526,786,66,66,143,143,2,0,normal,1,3,20,72,5296
15662,MOB_EU_THIEF_NPC_06530653,Europe (Constantinople),66,8657,0,3418,526,786,66,16777282,143,143,2,0,normal,1,3,20,72,5297
15663,MOB_EU_THIEF_NPC_06540654,Europe (Constantinople),66,7522,0,3418,508,813,66,66,143,143,2,0,normal,1,3,20,83,5298
15664,MOB_EU_THIEF_NPC_06550655,Europe (Constantinople),66,7522,0,3418,508,813,66,66,143,143,2,0,normal,1,3,20,61,5299
15665,MOB_EU_THIEF_NPC_06560656,Europe (Constantinople),66,7522,0,3418,491,842,66,66,143,143,2,0,normal,1,3,20,67,5300
15666,MOB_EU_THIEF_NPC_06570657,Europe (Constantinople),66,7522,0,3418,491,842,66,66,143,143,2,0,normal,1,3,20,67,5301
15667,MOB_EU_THIEF_NPC_06580658,Europe (Constantinople),66,7522,0,3418,491,842,66,66,143,143,2,0,normal,1,3,20,67,5302
15668,MOB_EU_THIEF_NPC_06590659,Europe (Constantinople),66,7522,0,3418,491,842,66,66,143,143,2,0,normal,1,3,20,67,5303
15669,MOB_EU_THIEF_NPC_06600660,Europe (Constantinople),66,7522,0,3418,491,842,66,66,143,143,2,0,normal,1,3,20,67,5304
26893,MOB_EVE_STRONG_DH_SOLDIEREARTHGHOST,Evenement,66,9792,0,3418,426,965,66,66,143,143,2,7,7,1,3,19,55,13699
22584,MOB_FW_BATTLEGOLEM_066,Forteresse (guerre de forteresse),66,9627913,0,6563132,545,758,66,66,143,143,2,3,unique_notice,1,3,42,56,12138
22164,MOB_FW_HYEONGCHEON_066,Forteresse (guerre de forteresse),66,9400708,0,4922349,508,813,66,66,143,143,2,3,unique_notice,1,3,23,74,11718
22304,MOB_FW_MUJIGI_066,Forteresse (guerre de forteresse),66,7220935,0,4922349,508,813,66,66,143,143,2,3,unique_notice,1,3,38,143,11858
21464,MOB_FW_TAESE_066,Forteresse (guerre de forteresse),66,12534278,0,6563132,545,758,66,66,143,143,2,3,unique_notice,1,3,10,34,11018
36080,MOB_GOD_TOGUI_TOGUIBOOM_C2,Forgotten World (pilliers/uniques),66,8657,0,3418,491,842,66,66,143,143,2,1,champion,1,3,15,75,17872
36086,MOB_GOD_TOGUI_TOGUIMAGIC_C2,Forgotten World (pilliers/uniques),66,9792,0,3418,491,842,66,66,143,143,2,1,champion,1,3,25,55,17878
8235,MOB_HUNTER_NPC_06510651,AUTRE,66,9792,0,3418,508,813,66,66,143,143,2,0,normal,1,3,20,58,2768
8236,MOB_HUNTER_NPC_06520652,AUTRE,66,7522,0,3418,526,786,66,66,143,143,2,0,normal,1,3,20,58,2769
8237,MOB_HUNTER_NPC_06530653,AUTRE,66,8657,0,3418,508,813,66,66,143,143,2,0,normal,1,3,20,61,2770
8237,MOB_HUNTER_NPC_06530653,AUTRE,66,8657,0,3418,508,813,66,66,143,143,2,0,normal,1,3,20,61,2770
8238,MOB_HUNTER_NPC_06540654,AUTRE,66,8657,0,3418,491,842,66,66,143,143,2,0,normal,1,3,20,67,2771
8239,MOB_HUNTER_NPC_06550655,AUTRE,66,7522,0,3418,508,813,66,66,143,143,2,0,normal,1,3,20,83,2772
8240,MOB_HUNTER_NPC_06560656,AUTRE,66,9792,0,3418,526,786,66,66,143,143,2,0,normal,1,3,20,58,2773
8241,MOB_HUNTER_NPC_06570657,AUTRE,66,9792,0,3418,508,813,66,66,143,143,2,0,normal,1,3,20,58,2774
8242,MOB_HUNTER_NPC_06580658,AUTRE,66,7522,0,3418,491,842,66,66,143,143,2,0,normal,1,3,20,61,2775
8243,MOB_HUNTER_NPC_06590659,AUTRE,66,8657,0,3418,508,813,66,66,143,143,2,0,normal,1,3,20,67,2776
8244,MOB_HUNTER_NPC_06600660,AUTRE,66,7522,0,3418,526,786,66,16777282,143,143,2,0,normal,1,3,20,83,2777
2872,MOB_THIEF_NPC_06510651,Evenement caravan/thief,66,9792,0,3418,508,813,66,66,143,143,2,0,normal,1,3,20,58,889
2873,MOB_THIEF_NPC_06520652,Evenement caravan/thief,66,7522,0,3418,526,786,66,66,143,143,2,0,normal,1,3,20,58,890
2874,MOB_THIEF_NPC_06530653,Evenement caravan/thief,66,8657,0,3418,508,813,66,66,143,143,2,0,normal,1,3,20,61,891
2876,MOB_THIEF_NPC_06550655,Evenement caravan/thief,66,7522,0,3418,508,813,66,66,143,143,2,0,normal,1,3,20,83,893
2877,MOB_THIEF_NPC_06560656,Evenement caravan/thief,66,9792,0,3418,526,786,66,66,143,143,2,0,normal,1,3,20,58,894
2878,MOB_THIEF_NPC_06570657,Evenement caravan/thief,66,9792,0,3418,508,813,66,66,143,143,2,0,normal,1,3,20,58,895
2879,MOB_THIEF_NPC_06580658,Evenement caravan/thief,66,7522,0,3418,491,842,66,66,143,143,2,0,normal,1,3,20,61,896
2880,MOB_THIEF_NPC_06590659,Evenement caravan/thief,66,8657,0,3418,508,813,66,66,143,143,2,0,normal,1,3,20,67,897
2881,MOB_THIEF_NPC_06600660,Evenement caravan/thief,66,7522,0,3418,526,786,66,66,143,143,2,0,normal,1,3,20,83,898
24078,MOV_EV_JINN_B_066,AUTRE,66,18258,0,13672,516,826,66,66,143,143,2,0,normal,1,0,50,75,13353
3670,MOB_DH_BLINDMON_CLON,AUTRE,67,8957,0,3521,526,842,67,67,144,144,2,0,normal,1,3,50,75,1644
17079,MOB_EU_HUNTER_NPC_05700670,Europe (Constantinople),67,7781,0,3521,508,872,67,67,144,144,2,0,normal,1,3,20,67,6714
17070,MOB_EU_HUNTER_NPC_06610661,Europe (Constantinople),67,7781,0,3521,545,813,67,67,144,144,2,0,normal,1,3,20,72,6705
17071,MOB_EU_HUNTER_NPC_06620662,Europe (Constantinople),67,8957,0,3521,545,813,67,67,144,144,2,0,normal,1,3,20,72,6706
17072,MOB_EU_HUNTER_NPC_06630663,Europe (Constantinople),67,8957,0,3521,545,813,67,67,144,144,2,0,normal,1,3,20,72,6707
17073,MOB_EU_HUNTER_NPC_06640664,Europe (Constantinople),67,7781,0,3521,526,842,67,67,144,144,2,0,normal,1,3,20,84,6708
17074,MOB_EU_HUNTER_NPC_06650665,Europe (Constantinople),67,7781,0,3521,526,842,67,67,144,144,2,0,normal,1,3,20,61,6709
17075,MOB_EU_HUNTER_NPC_06660666,Europe (Constantinople),67,7781,0,3521,508,872,67,67,144,144,2,0,normal,1,3,20,67,6710
17076,MOB_EU_HUNTER_NPC_06670667,Europe (Constantinople),67,7781,0,3521,508,872,67,67,144,144,2,0,normal,1,3,20,67,6711
17077,MOB_EU_HUNTER_NPC_06680668,Europe (Constantinople),67,7781,0,3521,508,872,67,67,144,144,2,0,normal,1,3,20,67,6712
17078,MOB_EU_HUNTER_NPC_06690669,Europe (Constantinople),67,7781,0,3521,508,872,67,16777283,144,144,2,0,normal,1,3,20,67,6713
15670,MOB_EU_THIEF_NPC_06610661,Europe (Constantinople),67,8957,0,3521,545,813,67,67,144,144,2,0,normal,1,3,20,72,5305
15671,MOB_EU_THIEF_NPC_06620662,Europe (Constantinople),67,8957,0,3521,545,813,67,67,144,144,2,0,normal,1,3,20,72,5306
15672,MOB_EU_THIEF_NPC_06630663,Europe (Constantinople),67,8957,0,3521,545,813,67,67,144,144,2,0,normal,1,3,20,72,5307
15673,MOB_EU_THIEF_NPC_06640664,Europe (Constantinople),67,7781,0,3521,526,842,67,67,144,144,2,0,normal,1,3,20,84,5308
15674,MOB_EU_THIEF_NPC_06650665,Europe (Constantinople),67,7781,0,3521,526,842,67,67,144,144,2,0,normal,1,3,20,61,5309
15675,MOB_EU_THIEF_NPC_06660666,Europe (Constantinople),67,7781,0,3521,508,872,67,67,144,144,2,0,normal,1,3,20,67,5310
15676,MOB_EU_THIEF_NPC_06670667,Europe (Constantinople),67,7781,0,3521,508,872,67,67,144,144,2,0,normal,1,3,20,67,5311
15677,MOB_EU_THIEF_NPC_06680668,Europe (Constantinople),67,7781,0,3521,508,872,67,67,144,144,2,0,normal,1,3,20,67,5312
15678,MOB_EU_THIEF_NPC_06690669,Europe (Constantinople),67,7781,0,3521,508,872,67,67,144,144,2,0,normal,1,3,20,323,5313
15679,MOB_EU_THIEF_NPC_06700670,Europe (Constantinople),67,7781,0,3521,508,872,67,67,144,144,2,0,normal,1,3,20,67,5314
26894,MOB_EVE_STRONG_DH_BLINDMON_CLON,Evenement,67,8957,0,3521,442,998,67,67,144,144,2,7,7,1,3,50,75,13700
22585,MOB_FW_BATTLEGOLEM_067,Forteresse (guerre de forteresse),67,9959520,0,6760026,564,786,67,67,144,144,2,3,unique_notice,1,3,42,56,12139
22165,MOB_FW_HYEONGCHEON_067,Forteresse (guerre de forteresse),67,9727772,0,5070020,526,842,67,67,144,144,2,3,unique_notice,1,3,23,74,11719
22305,MOB_FW_MUJIEI_067,Forteresse (guerre de forteresse),67,7469640,0,5070020,526,842,67,67,144,144,2,3,unique_notice,1,3,38,143,11859
21465,MOB_FW_TAESE_067,Forteresse (guerre de forteresse),67,12970362,0,6760026,564,786,67,67,144,144,2,3,unique_notice,1,3,10,34,11019
36092,MOB_GOD_TOGUI_TOGUISTRONG_C2,Forgotten World (pilliers/uniques),67,10133,0,3521,526,842,67,67,144,144,2,1,champion,1,3,19,55,17884
8245,MOB_HUNTER_NPC_06610661,AUTRE,67,7781,0,3521,526,842,67,67,144,144,2,0,normal,1,3,20,58,2778
8247,MOB_HUNTER_NPC_06630663,AUTRE,67,8957,0,3521,526,842,67,67,144,144,2,0,normal,1,3,20,61,2780
8248,MOB_HUNTER_NPC_06640664,AUTRE,67,7781,0,3521,545,813,67,67,144,144,2,0,normal,1,3,20,67,2781
8249,MOB_HUNTER_NPC_06650665,AUTRE,67,7781,0,3521,526,842,67,67,144,144,2,0,normal,1,3,20,84,2782
8250,MOB_HUNTER_NPC_06660666,AUTRE,67,10133,0,3521,508,872,67,67,144,144,2,0,normal,1,3,20,58,2783
8251,MOB_HUNTER_NPC_06670667,AUTRE,67,7781,0,3521,526,842,67,67,144,144,2,0,normal,1,3,20,58,2784
8252,MOB_HUNTER_NPC_06680668,AUTRE,67,8957,0,3521,545,813,67,67,144,144,2,0,normal,1,3,20,61,2785
8253,MOB_HUNTER_NPC_06690669,AUTRE,67,8957,0,3521,526,842,67,67,144,144,2,0,normal,1,3,20,67,2786
8254,MOB_HUNTER_NPC_06700670,AUTRE,67,7781,0,3521,508,872,67,67,144,144,2,0,normal,1,3,20,84,2787
2885,MOB_THIEF_NPC_05640664,Evenement caravan/thief,67,7781,0,3521,545,813,67,67,144,144,2,0,normal,1,3,20,67,902
2882,MOB_THIEF_NPC_06610661,Evenement caravan/thief,67,7781,0,3521,526,842,67,67,144,144,2,0,normal,1,3,20,58,899
2883,MOB_THIEF_NPC_06620662,Evenement caravan/thief,67,10133,0,3521,508,872,67,67,144,144,2,0,normal,1,3,20,314,900
2884,MOB_THIEF_NPC_06630663,Evenement caravan/thief,67,8957,0,3521,526,842,67,67,144,144,2,0,normal,1,3,20,61,901
2886,MOB_THIEF_NPC_06650665,Evenement caravan/thief,67,7781,0,3521,526,842,67,67,144,144,2,0,normal,1,3,20,84,903
2887,MOB_THIEF_NPC_06660666,Evenement caravan/thief,67,10133,0,3521,508,872,67,67,144,144,2,0,normal,1,3,20,58,904
2888,MOB_THIEF_NPC_06670667,Evenement caravan/thief,67,7781,0,3521,526,842,67,16777283,144,144,2,0,normal,1,3,20,58,905
2889,MOB_THIEF_NPC_06680668,Evenement caravan/thief,67,8957,0,3521,545,813,67,67,144,144,2,0,normal,1,3,20,61,906
2890,MOB_THIEF_NPC_06690669,Evenement caravan/thief,67,8957,0,3521,526,842,67,67,144,144,2,0,normal,1,3,20,67,907
2891,MOB_THIEF_NPC_06700670,Evenement caravan/thief,67,7781,0,3521,508,872,67,67,144,144,2,0,normal,1,3,20,84,908
3799,MOB_TK_DEATHKARA,Désert de Taklamakan (Yarkan),67,10133,0,3521,526,842,67,67,144,144,2,0,normal,1,3,30,55,1650
24079,MOV_EV_JINN_B_067,AUTRE,67,18889,0,14084,534,854,67,67,144,144,2,0,normal,1,0,50,75,13354
8264,MMB_HUNTER_NPC_06800680,AUTRE,68,8047,0,3626,564,842,68,68,145,145,2,0,normal,1,3,20,84,2797
1974,MOB_DH_BLINDMON,AUTRE,68,9265,0,3626,545,872,68,68,145,145,2,0,normal,1,3,50,75,68
17080,MOB_EU_HUNTER_NPC_06710671,Europe (Constantinople),68,8047,0,3626,564,842,68,68,145,145,2,0,normal,1,3,20,73,6715
17081,MOB_EU_HUNTER_NPC_06720672,Europe (Constantinople),68,9265,0,3626,564,842,68,68,145,145,2,0,normal,1,3,20,73,6716
17082,MOB_EU_HUNTER_NPC_06730673,Europe (Constantinople),68,9265,0,3626,564,842,68,68,145,145,2,0,normal,1,3,20,73,6717
17083,MOB_EU_HUNTER_NPC_06740674,Europe (Constantinople),68,8047,0,3626,545,872,68,68,145,145,2,0,normal,1,3,20,84,6718
17084,MOB_EU_HUNTER_NPC_06750675,Europe (Constantinople),68,8047,0,3626,545,872,68,68,145,145,2,0,normal,1,3,20,61,6719
17085,MOB_EU_HUNTER_NPC_06760676,Europe (Constantinople),68,8047,0,3626,526,902,68,68,145,145,2,0,normal,1,3,20,67,6720
17086,MOB_EU_HUNTER_NPC_06770677,Europe (Constantinople),68,8047,0,3626,526,902,68,68,145,145,2,0,normal,1,1,20,67,6721
17087,MOB_EU_HUNTER_NPC_06780678,Europe (Constantinople),68,8047,0,3626,526,902,68,68,145,145,2,0,normal,1,3,20,67,6722
17088,MOB_EU_HUNTER_NPC_06790679,Europe (Constantinople),68,8047,0,3626,526,902,68,68,145,145,2,0,normal,1,3,20,67,6723
17089,MOB_EU_HUNTER_NPC_06800680,Europe (Constantinople),68,8047,0,3626,526,902,68,68,145,145,2,0,normal,1,3,20,67,6724
15681,MOB_EU_THIEF_NPC_06720672,Europe (Constantinople),68,9265,0,3626,564,842,68,68,145,145,2,0,normal,1,3,20,73,5316
15682,MOB_EU_THIEF_NPC_06730673,Europe (Constantinople),68,9265,0,3626,564,842,68,68,145,145,2,0,normal,1,3,20,73,5317
15683,MOB_EU_THIEF_NPC_06740674,Europe (Constantinople),68,8047,0,3626,545,872,68,68,145,145,2,0,normal,1,3,20,84,5318
15684,MOB_EU_THIEF_NPC_06750675,Europe (Constantinople),68,8047,0,3626,545,872,68,68,145,145,2,0,normal,1,3,20,61,5319
15685,MOB_EU_THIEF_NPC_06760676,Europe (Constantinople),68,8047,0,3626,526,902,68,68,145,145,2,0,normal,1,3,20,67,5320
15686,MOB_EU_THIEF_NPC_06770677,Europe (Constantinople),68,8047,0,3626,526,902,68,16777284,145,145,2,0,normal,1,3,20,67,5321
15687,MOB_EU_THIEF_NPC_06780678,Europe (Constantinople),68,8047,0,3626,526,902,68,68,145,145,2,0,normal,1,3,20,67,5322
15688,MOB_EU_THIEF_NPC_06790679,Europe (Constantinople),68,8047,0,3626,526,902,68,68,145,145,2,0,normal,1,3,20,67,5323
15689,MOB_EU_THIEF_NPC_06800680,Europe (Constantinople),68,8047,0,3626,526,902,68,68,145,145,2,0,normal,1,3,20,67,5324
26895,MOB_EVE_STRONG_DH_BLINDMON,Evenement,68,9265,0,3626,458,1032,68,68,145,145,2,7,7,1,3,50,75,13701
22586,MOB_FW_AATTLEGOLEM_068,Forteresse (guerre de forteresse),68,10300541,0,6962827,583,813,68,68,145,145,2,3,unique_notice,1,3,42,56,12140
22166,MOB_FW_HYEONGCHEON_068,Forteresse (guerre de forteresse),68,10064157,0,5222120,545,872,68,68,145,145,2,3,unique_notice,1,3,23,74,11720
22306,MOB_FW_MUJIGI_068,Forteresse (guerre de forteresse),68,7725406,0,5222120,545,872,68,68,145,145,2,3,unique_notice,1,3,38,143,11860
21466,MOB_FW_TAESE_068,Forteresse (guerre de forteresse),68,13418876,0,6962827,583,813,68,68,145,145,2,3,unique_notice,1,3,10,34,11020
36122,MOB_GOD_TOGUI_ENVY_C2,Forgotten World (pilliers/uniques),68,8047,0,5440,545,872,68,68,145,145,2,6,elite/quest,1,3,23,100,17914
36116,MOB_GOD_TOGUI_TOGUICAPTAIN_C2,Forgotten World (pilliers/uniques),68,754812,0,522212,545,872,68,68,145,145,2,8,unique_silencieux,1,3,13,30,17908
36104,MOB_GOD_TOGUI_TOGUIDOLL_C2,Forgotten World (pilliers/uniques),68,10483,0,3626,564,842,68,68,145,145,2,1,champion,1,3,10,40,17896
36326,MOB_GOD_TOGUI_TOGUIELDER_C2,Forgotten World (pilliers/uniques),68,6671086,0,3916590,526,902,68,68,145,145,2,3,unique_notice,1,3,15,75,18118
36110,MOB_GOD_TOGUI_TOGUIGENERAL_C2,Forgotten World (pilliers/uniques),68,754812,0,522212,545,872,68,68,145,145,2,8,unique_silencieux,1,3,13,30,17902
36098,MOB_GOD_TOGUI_TOGUISOLDIER_C2,Forgotten World (pilliers/uniques),68,10483,0,3626,545,872,68,68,145,145,2,1,champion,1,3,19,55,17890
8255,MOB_HUNTER_NPC_06710671,AUTRE,68,10483,0,3626,545,872,68,68,145,145,2,0,normal,1,3,20,59,2788
8256,MOB_HUNTER_NPC_06720672,AUTRE,68,10483,0,3626,564,842,68,68,145,145,2,0,normal,1,3,20,59,2789
8257,MOB_HUNTER_NPC_06730673,AUTRE,68,8047,0,3626,545,872,68,68,145,145,2,0,normal,1,3,20,61,2790
8258,MOB_HUNTER_NPC_06740674,AUTRE,68,9265,0,3626,526,902,68,68,145,145,2,0,normal,1,3,20,67,2791
8259,MOB_HUNTER_NPC_06750675,AUTRE,68,8047,0,3626,545,872,68,68,145,145,2,0,normal,1,3,20,84,2792
8260,MOB_HUNTER_NPC_06760676,AUTRE,68,8047,0,3626,564,842,68,68,145,145,2,0,normal,1,3,20,59,2793
8261,MOB_HUNTER_NPC_06770677,AUTRE,68,10483,0,3626,545,872,68,68,145,145,2,0,normal,1,3,20,59,2794
8262,MOB_HUNTER_NPC_06780678,AUTRE,68,9265,0,3626,526,902,68,68,145,145,2,0,normal,1,3,20,61,2795
8263,MOB_HUNTER_NPC_06790679,AUTRE,68,8047,0,3626,545,872,68,68,145,145,2,0,normal,1,3,20,67,2796
2901,MOB_THIEF_NPC_05800680,Evenement caravan/thief,68,8047,0,3626,564,842,68,68,145,145,2,0,normal,1,3,20,84,918
2893,MOB_THIEF_NPC_06720672,Evenement caravan/thief,68,10483,0,3626,564,842,68,68,145,145,2,0,normal,1,3,20,59,910
2894,MOB_THIEF_NPC_06730673,Evenement caravan/thief,68,8047,0,3626,545,872,68,68,145,145,2,0,normal,1,3,20,61,911
2895,MOB_THIEF_NPC_06740674,Evenement caravan/thief,68,9265,0,3626,526,902,68,68,145,145,2,0,normal,1,3,20,67,912
2896,MOB_THIEF_NPC_06750675,Evenement caravan/thief,68,8047,0,3626,545,872,68,68,145,145,2,0,normal,1,3,20,84,913
2897,MOB_THIEF_NPC_06760676,Evenement caravan/thief,68,8047,0,3626,564,842,68,68,145,145,2,0,normal,1,3,20,59,914
2898,MOB_THIEF_NPC_06770677,Evenement caravan/thief,68,10483,0,3626,545,872,68,68,145,145,2,0,normal,1,3,20,59,915
2899,MOB_THIEF_NPC_06780678,Evenement caravan/thief,68,9265,0,3626,526,902,68,68,145,145,2,0,normal,1,3,20,317,916
2900,MOB_THIEF_NPC_06790679,Evenement caravan/thief,68,8047,0,3626,545,872,68,68,145,145,2,0,normal,1,3,20,67,917
3800,MOB_TK_DEVILEYE_CLON,Désert de Taklamakan (Yarkan),68,9265,0,3626,526,902,68,68,145,145,2,0,normal,1,3,20,75,1651
24080,MOV_EV_JINN_B_068,AUTRE,68,19538,0,14504,552,883,68,68,145,145,2,0,normal,1,0,50,75,13355
3672,MOB_DH_NACHAL_CLON,AUTRE,69,8321,0,3735,564,902,69,69,146,146,2,0,normal,1,3,30,55,1646
3671,MOB_DH_YACHA_CLON,AUTRE,69,10844,0,3735,564,902,69,69,146,146,2,0,normal,1,3,15,40,1645
17090,MOB_EU_HUNTER_NPC_06810681,Europe (Constantinople),69,8321,0,3735,583,872,69,69,146,146,2,0,normal,1,3,20,73,6725
17091,MOB_EU_HUNTER_NPC_06820682,Europe (Constantinople),69,9583,0,3735,583,872,69,69,146,146,2,0,normal,1,3,20,73,6726
17092,MOB_EU_HUNTER_NPC_06830683,Europe (Constantinople),69,9583,0,3735,583,872,69,69,146,146,2,0,normal,1,3,20,73,6727
17093,MOB_EU_HUNTER_NPC_06840684,Europe (Constantinople),69,8321,0,3735,564,902,69,69,146,146,2,0,normal,1,3,20,85,6728
17094,MOB_EU_HUNTER_NPC_06850685,Europe (Constantinople),69,8321,0,3735,564,902,69,69,146,146,2,0,normal,1,3,20,62,6729
17095,MOB_EU_HUNTER_NPC_06860686,Europe (Constantinople),69,8321,0,3735,545,933,69,69,146,146,2,0,normal,1,3,20,67,6730
17096,MOB_EU_HUNTER_NPC_06870687,Europe (Constantinople),69,8321,0,3735,545,933,69,69,146,146,2,0,normal,1,3,20,67,6731
17097,MOB_EU_HUNTER_NPC_06880688,Europe (Constantinople),69,8321,0,3735,545,933,69,69,146,146,2,0,normal,1,3,20,67,6732
17098,MOB_EU_HUNTER_NPC_06890689,Europe (Constantinople),69,8321,0,3735,545,933,69,69,146,146,2,0,normal,1,3,20,67,6733
17099,MOB_EU_HUNTER_NPC_06900690,Europe (Constantinople),69,8321,0,3735,545,933,69,69,146,146,2,0,normal,1,3,20,67,6734
15690,MOB_EU_THIEF_NPC_06810681,Europe (Constantinople),69,9583,0,3735,583,872,69,69,146,146,2,0,normal,1,3,20,73,5325
15691,MOB_EU_THIEF_NPC_06820682,Europe (Constantinople),69,9583,0,3735,583,872,69,69,146,146,2,0,normal,1,3,20,73,5326
15692,MOB_EU_THIEF_NPC_06830683,Europe (Constantinople),69,9583,0,3735,583,872,69,69,146,146,2,0,normal,1,3,20,73,5327
15694,MOB_EU_THIEF_NPC_06850685,Europe (Constantinople),69,8321,0,3735,564,902,69,69,146,146,2,0,normal,1,3,20,62,5329
15695,MOB_EU_THIEF_NPC_06861686,Europe (Constantinople),69,8321,0,3735,545,933,69,69,146,146,2,0,normal,1,3,20,67,5330
15696,MOB_EU_THIEF_NPC_06870687,Europe (Constantinople),69,8321,0,3735,545,933,69,69,146,146,2,0,normal,1,3,20,67,5331
15697,MOB_EU_THIEF_NPC_06880688,Europe (Constantinople),69,8321,0,3735,545,933,69,69,146,146,2,0,normal,1,3,20,67,5332
15698,MOB_EU_THIEF_NPC_06890689,Europe (Constantinople),69,8321,0,3735,545,933,69,69,146,146,2,0,normal,1,3,20,67,5333
15699,MOB_EU_THIEF_NPC_06900690,Europe (Constantinople),69,8321,0,3735,545,933,69,69,146,146,2,0,normal,1,3,20,67,5334
26896,MOB_EVE_STRONG_DH_YACHA_CLON,Evenement,69,10844,0,3735,474,1067,69,69,146,146,2,7,7,1,3,15,40,13702
22587,MOB_FW_BATTLEGOLEM_069,Forteresse (guerre de forteresse),69,10651219,0,7171712,603,842,69,69,146,146,2,3,unique_notice,1,3,42,56,12141
22167,MOB_FW_HYEONGCHEON_069,Forteresse (guerre de forteresse),69,10410107,0,5378784,564,902,69,69,146,146,2,3,unique_notice,1,3,23,74,11721
21467,MOB_FW_TAESE_069,Forteresse (guerre de forteresse),69,13880143,0,7171712,603,842,69,69,146,146,2,3,unique_notice,1,3,10,34,11021
8265,MOB_HUNTER_NPC_06810681,AUTRE,69,10844,0,3735,564,902,69,69,146,146,2,0,normal,1,3,20,59,2798
8266,MOB_HUNTER_NPC_06820682,AUTRE,69,8321,0,3735,545,933,69,69,146,146,2,0,normal,1,3,20,59,2799
8267,MOB_HUNTER_NPC_06830683,AUTRE,69,9583,0,3735,564,902,69,69,146,146,2,0,normal,1,3,20,62,2800
8268,MOB_HUNTER_NPC_06840684,AUTRE,69,9583,0,3735,583,872,69,16777285,146,146,2,0,normal,1,3,20,67,2801
8269,MOB_HUNTER_NPC_06850685,AUTRE,69,8321,0,3735,564,902,69,69,146,146,2,0,normal,1,3,20,85,2802
8269,MOB_HUNTER_NPC_06850685,AUTRE,69,8321,0,3735,564,902,69,69,146,146,2,0,normal,1,3,20,85,2802
8270,MOB_HUNTER_NPC_06860686,AUTRE,69,10844,0,3735,545,933,69,69,146,146,2,0,normal,1,3,20,59,2803
8271,MOB_HUNTER_NPC_06870687,AUTRE,69,10844,0,3735,564,902,69,69,146,146,2,0,normal,1,3,20,59,2804
8272,MOB_HUNTER_NPC_06880688,AUTRE,69,8321,0,3735,583,872,69,69,146,146,2,0,normal,1,3,20,62,2805
8273,MOB_HUNTER_NPC_06890689,AUTRE,69,9583,0,3735,564,902,69,69,146,146,2,0,normal,1,3,20,67,2806
8274,MOB_HUNTER_NPC_06900690,AUTRE,69,8321,0,3735,545,933,69,69,146,146,2,0,normal,1,3,20,85,2807
2902,MOB_THIEF_NPC_06810681,Evenement caravan/thief,69,10844,0,3735,564,902,69,69,146,146,2,0,normal,1,3,20,59,919
2903,MOB_THIEF_NPC_06820682,Evenement caravan/thief,69,8321,0,3735,545,933,69,69,146,146,2,0,normal,1,3,20,59,920
2904,MOB_THIEF_NPC_06830683,Evenement caravan/thief,69,9583,0,3735,564,902,69,69,146,146,2,0,normal,1,3,20,62,921
2905,MOB_THIEF_NPC_06840684,Evenement caravan/thief,69,9583,0,3735,583,872,69,69,146,146,2,0,normal,1,3,20,67,922
2906,MOB_THIEF_NPC_06850685,Evenement caravan/thief,69,8321,0,3735,564,902,69,69,146,146,2,0,normal,1,3,20,85,923
2907,MOB_THIEF_NPC_06860686,Evenement caravan/thief,69,10844,0,3735,545,933,69,69,146,146,2,0,normal,1,3,20,59,924
2909,MOB_THIEF_NPC_06880688,Evenement caravan/thief,69,8321,0,3735,583,872,69,69,146,146,2,0,normal,1,3,20,62,926
2910,MOB_THIEF_NPC_06890689,Evenement caravan/thief,69,9583,0,3735,564,902,69,69,146,146,2,0,normal,1,3,20,67,927
2911,MOB_THIEF_NPC_06900690,Evenement caravan/thief,69,8321,0,3735,545,933,69,69,146,146,2,0,normal,1,3,20,85,928
24081,MOV_EV_JINN_B_069,AUTRE,69,20205,0,14940,571,913,69,69,146,146,2,0,normal,1,0,50,75,13356
3801,MOB,AUTRE,70,9909,0,3847,603,902,70,70,147,147,2,0,normal,1,3,20,75,1652
1976,MOB_DH_NACHAL,AUTRE,70,8603,0,3847,583,933,70,70,147,147,2,0,normal,1,3,30,55,70
1975,MOB_DH_YACHA,AUTRE,70,11214,0,3847,583,933,70,70,147,147,2,0,normal,1,3,15,40,69
17101,MOB_EU_HUNTER_NPC_06920692,Europe (Constantinople),70,9909,0,3847,603,902,70,70,147,147,2,0,normal,1,3,20,73,6736
17102,MOB_EU_HUNTER_NPC_06930693,Europe (Constantinople),70,9909,0,3847,603,902,70,16777286,147,147,2,0,normal,1,3,20,73,6737
17103,MOB_EU_HUNTER_NPC_06940694,Europe (Constantinople),70,8603,0,3847,583,933,70,70,147,147,2,0,normal,1,3,20,85,6738
17104,MOB_EU_HUNTER_NPC_06950695,Europe (Constantinople),70,8603,0,3847,583,933,70,70,147,147,2,0,normal,1,3,20,62,6739
17105,MOB_EU_HUNTER_NPC_06960696,Europe (Constantinople),70,8603,0,3847,564,965,70,70,147,147,2,0,normal,1,3,20,68,6740
17106,MOB_EU_HUNTER_NPC_06970697,Europe (Constantinople),70,8603,0,3847,564,965,70,70,147,147,2,0,normal,1,3,20,68,6741
17107,MOB_EU_HUNTER_NPC_06980698,Europe (Constantinople),70,8603,0,3847,564,965,70,70,147,147,2,0,normal,1,3,20,68,6742
17109,MOB_EU_HUNTER_NPC_07000700,Europe (Constantinople),70,8603,0,3847,564,965,70,70,147,147,2,0,normal,1,3,20,68,6744
15700,MOB_EU_THIEF_NPC_06910691,Europe (Constantinople),70,9909,0,3847,603,902,70,70,147,147,2,0,normal,1,3,20,73,5335
15701,MOB_EU_THIEF_NPC_06920692,Europe (Constantinople),70,9909,0,3847,603,902,70,70,147,147,2,0,normal,1,3,20,73,5336
15702,MOB_EU_THIEF_NPC_06930693,Europe (Constantinople),70,9909,0,3847,603,902,70,70,147,147,2,0,normal,1,3,20,73,5337
15703,MOB_EU_THIEF_NPC_06940694,Europe (Constantinople),70,8603,0,3847,583,933,70,70,147,147,2,0,normal,1,3,20,85,5338
15704,MOB_EU_THIEF_NPC_06950695,Europe (Constantinople),70,8603,0,3847,583,933,70,70,147,147,2,0,normal,1,3,20,62,5339
15705,MOB_EU_THIEF_NPC_06960696,Europe (Constantinople),70,8603,0,3847,564,965,70,70,147,147,2,0,normal,1,3,20,68,5340
15706,MOB_EU_THIEF_NPC_06970697,Europe (Constantinople),70,8603,0,3847,564,965,70,70,147,147,2,0,normal,1,3,20,68,5341
15707,MOB_EU_THIEF_NPC_06980698,Europe (Constantinople),70,8603,0,3847,564,965,70,70,147,147,2,0,normal,1,3,20,68,5342
15708,MOB_EU_THIEF_NPC_06990699,Europe (Constantinople),70,8603,0,3847,564,965,70,70,147,147,2,0,normal,1,3,20,68,5343
15709,MOB_EU_THIEF_NPC_07000700,Europe (Constantinople),70,8603,0,3847,564,965,70,70,147,147,2,0,normal,1,3,20,324,5344
26897,MOB_EVE_STRONG_RM_FEATHERMASK_CLON,Evenement,70,8603,0,3847,491,1103,70,70,147,147,2,7,7,1,3,23,42,13703
22588,MOB_FW_BATTLEGOLEM_070,Forteresse (guerre de forteresse),70,11011803,0,7386863,624,872,70,70,147,147,2,3,unique_notice,1,3,42,56,12142
22168,MOB_FW_HYEONGCHEON_070,Forteresse (guerre de forteresse),70,10765870,0,5540148,583,933,70,70,147,147,2,3,unique_notice,1,3,23,74,11722
22308,MOB_FW_MUJIGI_070,Forteresse (guerre de forteresse),70,8258852,0,5540148,583,933,70,70,147,147,2,3,unique_notice,1,3,38,143,11862
21468,MOB_FW_TAESE_070,Forteresse (guerre de forteresse),70,14354493,0,7386863,624,872,70,70,147,147,2,3,unique_notice,1,3,10,34,11022
8275,MOB_HUNTER_NPC_06910691,AUTRE,70,8603,0,3847,583,933,70,70,147,147,2,0,normal,1,3,20,59,2808
8276,MOB_HUNTER_NPC_06920692,AUTRE,70,11214,0,3847,603,902,70,70,147,147,2,0,normal,1,3,20,59,2809
8277,MOB_HUNTER_NPC_06930693,AUTRE,70,9909,0,3847,583,933,70,70,147,147,2,0,normal,1,3,20,62,2810
8279,MOB_HUNTER_NPC_06950695,AUTRE,70,8603,0,3847,583,933,70,70,147,147,2,0,normal,1,3,20,85,2812
8280,MOB_HUNTER_NPC_06960696,AUTRE,70,11214,0,3847,603,902,70,70,147,147,2,0,normal,1,3,20,59,2813
8281,MOB_HUNTER_NPC_06970697,AUTRE,70,8603,0,3847,583,933,70,70,147,147,2,0,normal,1,3,20,59,2814
8282,MOB_HUNTER_NPC_06980698,AUTRE,70,9909,0,3847,564,965,70,70,147,147,2,0,normal,1,3,20,62,2815
8283,MOB_HUNTER_NPC_06990699,AUTRE,70,9909,0,3847,583,933,70,70,147,147,2,0,normal,1,3,20,68,2816
8284,MOB_HUNTER_NPC_07000700,AUTRE,70,8603,0,3847,603,902,70,70,147,147,2,0,normal,1,3,20,85,2817
3863,MOB_RM_FEATHERMASK_CLON,"Rock Mountain / nord Alexandrie (Shaitan, Roc)",70,8603,0,3847,603,902,70,16777286,147,147,2,0,normal,1,3,23,42,1673
2918,MOB_THIEF_NPC_05970697,Evenement caravan/thief,70,8603,0,3847,583,933,70,70,147,147,2,0,normal,1,3,20,59,935
2912,MOB_THIEF_NPC_06910691,Evenement caravan/thief,70,8603,0,3847,583,933,70,16777286,147,147,2,0,normal,1,3,20,59,929
2913,MOB_THIEF_NPC_06920692,Evenement caravan/thief,70,11214,0,3847,603,902,70,70,147,147,2,0,normal,1,3,20,59,930
2914,MOB_THIEF_NPC_06930693,Evenement caravan/thief,70,9909,0,3847,583,933,70,70,147,147,2,0,normal,1,3,20,62,931
2915,MOB_THIEF_NPC_06940694,Evenement caravan/thief,70,8603,0,3847,564,965,70,70,147,147,2,0,normal,1,3,20,68,932
2916,MOB_THIEF_NPC_06950695,Evenement caravan/thief,70,8603,0,3847,583,933,70,70,147,147,2,0,normal,1,3,20,341,933
2917,MOB_THIEF_NPC_06960696,Evenement caravan/thief,70,11214,0,3847,603,902,70,70,147,147,2,0,normal,1,3,20,59,934
2919,MOB_THIEF_NPC_06980698,Evenement caravan/thief,70,9909,0,3847,564,965,70,70,147,147,2,0,normal,1,3,20,62,936
2920,MOB_THIEF_NPC_06990699,Evenement caravan/thief,70,9909,0,3847,583,933,70,70,147,147,2,0,normal,1,3,20,68,937
2921,MOB_THIEF_NPC_07000700,Evenement caravan/thief,70,8603,0,3847,603,902,70,70,147,147,2,0,normal,1,3,20,85,938
3932,MOB_TK_STRONG_DEVILEYE,Désert de Taklamakan (Yarkan),70,297261,0,80794,603,902,70,70,147,147,2,0,normal,1,0,20,75,1708
24082,MOV_EV_JINN_B_070,AUTRE,70,20892,0,15388,590,944,70,70,147,147,2,0,normal,1,0,50,75,13357
17110,MOB_EU_HUNTER_NPC_05010701,Europe (Constantinople),71,8893,0,3963,624,933,71,71,148,148,2,0,normal,1,3,20,74,6745
17111,MOB_EU_HUNTER_NPC_07020702,Europe (Constantinople),71,10244,0,3963,624,933,71,71,148,148,2,0,normal,1,3,20,74,6746
17112,MOB_EU_HUNTER_NPC_07030703,Europe (Constantinople),71,10244,0,3963,624,933,71,71,148,148,2,0,normal,1,3,20,74,6747
17113,MOB_EU_HUNTER_NPC_07040704,Europe (Constantinople),71,8893,0,3963,603,965,71,71,148,148,2,0,normal,1,3,20,86,6748
17114,MOB_EU_HUNTER_NPC_07050705,Europe (Constantinople),71,8893,0,3963,603,965,71,71,148,148,2,0,normal,1,3,20,62,6749
17115,MOB_EU_HUNTER_NPC_07060706,Europe (Constantinople),71,8893,0,3963,583,998,71,71,148,148,2,0,normal,1,3,20,68,6750
17116,MOB_EU_HUNTER_NPC_07070707,Europe (Constantinople),71,8893,0,3963,583,998,71,71,148,148,2,0,normal,1,3,20,68,6751
17118,MOB_EU_HUNTER_NPC_07090709,Europe (Constantinople),71,8893,0,3963,583,998,71,71,148,148,2,0,normal,1,3,20,68,6753
17119,MOB_EU_HUNTER_NPC_07100710,Europe (Constantinople),71,8893,0,3963,583,998,71,71,148,148,2,0,normal,1,3,20,68,6754
15710,MOB_EU_THIEF_NPC_07010701,Europe (Constantinople),71,10244,0,3963,624,933,71,16777287,148,148,2,0,normal,1,3,20,74,5345
15711,MOB_EU_THIEF_NPC_07020702,Europe (Constantinople),71,10244,0,3963,624,933,71,71,148,148,2,0,normal,1,3,20,74,5346
15712,MOB_EU_THIEF_NPC_07030703,Europe (Constantinople),71,10244,0,3963,624,933,71,71,148,148,2,0,normal,1,3,20,74,5347
15713,MOB_EU_THIEF_NPC_07040704,Europe (Constantinople),71,8893,0,3963,603,965,71,71,148,148,2,0,normal,1,3,20,86,5348
15714,MOB_EU_THIEF_NPC_07050705,Europe (Constantinople),71,8893,0,3963,603,965,71,71,148,148,2,0,normal,1,3,20,62,5349
15715,MOB_EU_THIEF_NPC_07060706,Europe (Constantinople),71,8893,0,3963,583,998,71,71,148,148,2,0,normal,1,3,20,68,5350
15716,MOB_EU_THIEF_NPC_07070707,Europe (Constantinople),71,8893,0,3963,583,998,71,71,148,148,2,0,normal,1,3,20,68,5351
15717,MOB_EU_THIEF_NPC_07080708,Europe (Constantinople),71,8893,0,3963,583,998,71,71,148,148,2,0,normal,1,3,20,68,5352
15718,MOB_EU_THIEF_NPC_07090709,Europe (Constantinople),71,8893,0,3963,583,998,71,71,148,148,2,0,normal,1,3,20,68,5353
15719,MOB_EU_THIEF_NPC_07100710,Europe (Constantinople),71,8893,0,3963,583,998,71,71,148,148,2,0,normal,1,3,20,68,5354
26898,MOB_EVE_STRONG_TK_BONESOLDIER_CLON,Evenement,71,11596,0,3963,508,1140,71,71,148,148,2,7,7,1,3,18,55,13704
22589,MOB_FW_BATTLEGOLEM_071,Forteresse (guerre de forteresse),71,11382551,0,7608469,645,902,71,71,148,148,2,3,unique_notice,1,3,42,56,12143
22169,MOB_FW_HYEONGCHEON_051,Forteresse (guerre de forteresse),71,11131698,0,5706352,603,965,71,71,148,148,2,3,unique_notice,1,3,23,74,11723
22309,MOB_FW_MUJIGI_071,Forteresse (guerre de forteresse),71,8536913,0,5706352,603,965,71,71,148,148,2,3,unique_notice,1,3,38,143,11863
21469,MOB_FW_TAESE_071,Forteresse (guerre de forteresse),71,14842265,0,7608469,645,902,71,71,148,148,2,1,champion,1,3,10,34,11023
36137,MOB_GOD_FLAME_GIANT_A1,Forgotten World (pilliers/uniques),71,11596,0,3963,624,933,71,71,148,148,2,0,normal,1,3,20,55,17929
36129,MOB_GOD_FLAME_SALAMANDER_A1,Forgotten World (pilliers/uniques),71,8893,0,3963,583,998,71,71,148,148,2,0,normal,1,3,63,115,17921
36217,MOB_GOD_FLAME_TREASUREBOX_A1,Forgotten World (pilliers/uniques),71,11596,0,3963,603,965,71,71,148,148,2,0,normal,1,3,0,0,18009
36037,MOB_GOD_PILLAR_FLAME_71_80,Forgotten World (pilliers/uniques),71,17785,0,3963,603,965,71,71,148,148,2,0,normal,1,3,0,0,17829
8285,MOB_HUNTER_NPC_07010701,AUTRE,71,11596,0,3963,603,965,71,71,148,148,2,0,normal,1,3,20,59,2818
8286,MOB_HUNTER_NPC_07020702,AUTRE,71,11596,0,3963,583,998,71,71,148,148,2,0,normal,1,3,20,59,2819
8287,MOB_HUNTER_NPC_07030703,AUTRE,71,8893,0,3963,603,965,71,71,148,148,2,0,normal,1,3,20,62,2820
8288,MOB_HUNTER_NPC_07040704,AUTRE,71,10244,0,3963,624,933,71,71,148,148,2,0,normal,1,3,20,68,2821
8289,MOB_HUNTER_NPC_07050705,AUTRE,71,8893,0,3963,603,965,71,71,148,148,2,0,normal,1,3,20,86,2822
8290,MOB_HUNTER_NPC_07060706,AUTRE,71,8893,0,3963,583,998,71,71,148,148,2,0,normal,1,3,20,59,2823
8291,MOB_HUNTER_NPC_07070707,AUTRE,71,11596,0,3963,603,965,71,71,148,148,2,0,normal,1,3,20,59,2824
8292,MOB_HUNTER_NPC_07080708,AUTRE,71,10244,0,3963,624,933,71,16777287,148,148,2,0,normal,1,3,20,62,2825
8293,MOB_HUNTER_NPC_07090709,AUTRE,71,8893,0,3963,603,965,71,71,148,148,2,0,normal,1,3,20,68,2826
8294,MOB_HUNTER_NPC_07100710,AUTRE,71,8893,0,3963,583,998,71,71,148,148,2,0,normal,1,3,20,86,2827
2922,MOB_THIEF_NPC_07010701,Evenement caravan/thief,71,11596,0,3963,603,965,71,71,148,148,2,0,normal,1,3,20,59,939
2923,MOB_THIEF_NPC_07020702,Evenement caravan/thief,71,11596,0,3963,583,998,71,71,148,148,2,0,normal,1,3,20,59,940
2924,MOB_THIEF_NPC_07030703,Evenement caravan/thief,71,8893,0,3963,603,965,71,71,148,148,2,0,normal,1,3,20,62,941
2926,MOB_THIEF_NPC_07050705,Evenement caravan/thief,71,8893,0,3963,603,965,71,71,148,148,2,0,normal,1,3,20,86,943
2927,MOB_THIEF_NPC_07060706,Evenement caravan/thief,71,8893,0,3963,583,998,71,71,148,148,2,0,normal,1,3,20,59,944
2928,MOB_THIEF_NPC_07070707,Evenement caravan/thief,71,11596,0,3963,603,965,71,71,148,148,2,0,normal,1,3,20,59,945
2929,MOB_THIEF_NPC_07080708,Evenement caravan/thief,71,10244,0,3963,624,933,71,71,148,148,2,0,normal,1,3,20,62,946
2930,MOB_THIEF_NPC_07090709,Evenement caravan/thief,71,8893,0,3963,603,965,71,71,148,148,2,0,normal,1,3,20,68,947
2931,MOB_THIEF_NPC_07100710,Evenement caravan/thief,71,8893,0,3963,583,998,71,71,148,148,2,0,normal,1,3,20,86,948
3802,MOB_TK_BONESOLDIER_CLON,Désert de Taklamakan (Yarkan),71,11596,0,3963,624,933,71,71,148,148,2,0,normal,1,3,18,55,1653
24083,MOV_EV_PENGUIN_B_071,AUTRE,71,21598,0,15852,609,975,71,71,148,148,2,0,normal,1,0,50,75,13358
8296,MMB_HUNTER_NPC_07120712,AUTRE,72,9505,0,4082,645,965,72,72,149,149,2,0,normal,1,3,20,59,2829
17120,MOB_EU_HUNTER_NPC_07110711,Europe (Constantinople),72,9505,0,4082,645,965,72,72,149,149,2,0,normal,1,3,20,74,6755
17121,MOB_EU_HUNTER_NPC_07120712,Europe (Constantinople),72,10954,0,4082,645,965,72,72,149,149,2,0,normal,1,3,20,74,6756
17122,MOB_EU_HUNTER_NPC_07130713,Europe (Constantinople),72,10954,0,4082,645,965,72,72,149,149,2,0,normal,1,3,20,74,6757
17123,MOB_EU_HUNTER_NPC_07140714,Europe (Constantinople),72,9505,0,4082,624,998,72,72,149,149,2,0,normal,1,3,20,86,6758
17124,MOB_EU_HUNTER_NPC_07150715,Europe (Constantinople),72,9505,0,4082,624,998,72,72,149,149,2,0,normal,1,3,20,62,6759
17125,MOB_EU_HUNTER_NPC_07160716,Europe (Constantinople),72,9505,0,4082,603,1032,72,72,149,149,2,0,normal,1,3,20,68,6760
17126,MOB_EU_HUNTER_NPC_07170717,Europe (Constantinople),72,9505,0,4082,603,1032,72,16777288,149,149,2,0,normal,1,3,20,68,6761
17127,MOB_EU_HUNTER_NPC_07180718,Europe (Constantinople),72,9505,0,4082,603,1032,72,72,149,149,2,0,normal,1,3,20,68,6762
17128,MOB_EU_HUNTER_NPC_07190719,Europe (Constantinople),72,9505,0,4082,603,1032,72,72,149,149,2,0,normal,1,3,20,68,6763
17129,MOB_EU_HUNTER_NPC_07200720,Europe (Constantinople),72,9505,0,4082,603,1032,72,72,149,149,2,0,normal,1,3,20,68,6764
15720,MOB_EU_THIEF_NPC_07110711,Europe (Constantinople),72,10954,0,4082,645,965,72,72,149,149,2,0,normal,1,3,20,74,5355
15721,MOB_EU_THIEF_NPC_07120712,Europe (Constantinople),72,10954,0,4082,645,965,72,72,149,149,2,0,normal,1,3,20,74,5356
15722,MOB_EU_THIEF_NPC_07130713,Europe (Constantinople),72,10954,0,4082,645,965,72,72,149,149,2,0,normal,1,3,20,74,5357
15723,MOB_EU_THIEF_NPC_07140714,Europe (Constantinople),72,9505,0,4082,624,998,72,72,149,149,2,0,normal,1,3,20,86,5358
15725,MOB_EU_THIEF_NPC_07160716,Europe (Constantinople),72,9505,0,4082,603,1032,72,72,149,149,2,0,normal,1,3,20,68,5360
15726,MOB_EU_THIEF_NPC_07170717,Europe (Constantinople),72,9505,0,4082,603,1032,72,72,149,149,2,0,normal,1,3,20,68,5361
15727,MOB_EU_THIEF_NPC_07180718,Europe (Constantinople),72,9505,0,4082,603,1032,72,72,149,149,2,0,normal,1,3,20,68,5362
15728,MOB_EU_THIEF_NPC_07190719,Europe (Constantinople),72,9505,0,4082,603,1032,72,72,149,149,2,0,normal,1,3,20,68,5363
15729,MOB_EU_THIEF_NPC_07200720,Europe (Constantinople),72,9505,0,4082,603,1032,72,72,149,149,2,0,normal,1,3,20,68,5364
26899,MOB_EVE_STRONG_RM_ROCKY_CLON,Evenement,72,10954,0,4082,526,1178,72,72,149,149,2,7,7,1,3,23,75,13705
22590,MOB_FW_BATTLEGOLEM_072,Forteresse (guerre de forteresse),72,12166848,0,7836723,667,933,72,72,149,149,2,3,unique_notice,1,3,42,56,12144
22170,MOB_FW_HYEONGCHEON_072,Forteresse (guerre de forteresse),72,11905757,0,5877542,624,998,72,72,149,149,2,3,unique_notice,1,3,23,74,11724
22310,MOB_FW_MUJIGI_072,Forteresse (guerre de forteresse),72,9125136,0,5877542,624,998,72,72,149,149,2,3,unique_notice,1,3,38,143,11864
21470,MOB_FW_TAESE_072,Forteresse (guerre de forteresse),72,15874343,0,7836723,667,933,72,72,149,149,2,3,unique_notice,1,3,10,34,11024
36153,MOB_GOD_FLAME_ARCHER_A1,Forgotten World (pilliers/uniques),72,9505,0,4082,645,965,72,72,149,149,2,0,normal,1,3,70,120,17945
36161,MOB_GOD_FLAME_EVIL_A1,Forgotten World (pilliers/uniques),72,12402,0,4082,603,1032,72,72,149,149,2,0,normal,1,3,15,55,17953
36145,MOB_GOD_FLAME_GHOST_A1,Forgotten World (pilliers/uniques),72,9505,0,4082,645,965,72,72,149,149,2,0,normal,1,3,40,100,17937
8295,MOB_HUNTER_NPC_07110711,AUTRE,72,12402,0,4082,624,998,72,72,149,149,2,0,normal,1,3,20,59,2828
8297,MOB_HUNTER_NPC_07130713,AUTRE,72,10954,0,4082,624,998,72,72,149,149,2,0,normal,1,3,20,62,2830
8298,MOB_HUNTER_NPC_07140714,AUTRE,72,10954,0,4082,603,1032,72,72,149,149,2,0,normal,1,3,20,68,2831
8299,MOB_HUNTER_NPC_07150715,AUTRE,72,9505,0,4082,624,998,72,72,149,149,2,0,normal,1,3,20,86,2832
8300,MOB_HUNTER_NPC_07160716,AUTRE,72,12402,0,4082,645,965,72,72,149,149,2,0,normal,1,3,20,59,2833
8301,MOB_HUNTER_NPC_07170717,AUTRE,72,12402,0,4082,624,998,72,72,149,149,2,0,normal,1,3,20,59,2834
8301,MOB_HUNTER_NPC_07170717,AUTRE,72,12402,0,4082,624,998,72,72,149,149,2,0,normal,1,3,20,59,2834
8302,MOB_HUNTER_NPC_07180718,AUTRE,72,9505,0,4082,603,1032,72,72,149,149,2,0,normal,1,3,20,62,2835
8303,MOB_HUNTER_NPC_07190719,AUTRE,72,10954,0,4082,624,998,72,72,149,149,2,0,normal,1,3,20,68,2836
8304,MOB_HUNTER_NPC_07200720,AUTRE,72,9505,0,4082,645,965,72,72,149,149,2,0,normal,1,3,20,86,2837
2934,MOB_THIEF_NPC_05130713,Evenement caravan/thief,72,10954,0,4082,624,998,72,72,149,149,2,0,normal,1,3,20,62,951
2932,MOB_THIEF_NPC_07110711,Evenement caravan/thief,72,12402,0,4082,624,998,72,72,149,149,2,0,normal,1,3,20,315,949
2933,MOB_THIEF_NPC_07120712,Evenement caravan/thief,72,9505,0,4082,645,965,72,72,149,149,2,0,normal,1,3,20,59,950
2935,MOB_THIEF_NPC_07140714,Evenement caravan/thief,72,10954,0,4082,603,1032,72,72,149,149,2,0,normal,1,3,20,68,952
2936,MOB_THIEF_NPC_07150715,Evenement caravan/thief,72,9505,0,4082,624,998,72,16777288,149,149,2,0,normal,1,3,20,86,953
2937,MOB_THIEF_NPC_07160716,Evenement caravan/thief,72,12402,0,4082,645,965,72,72,149,149,2,0,normal,1,3,20,59,954
2938,MOB_THIEF_NPC_07170717,Evenement caravan/thief,72,12402,0,4082,624,998,72,72,149,149,2,0,normal,1,3,20,59,955
2939,MOB_THIEF_NPC_07180718,Evenement caravan/thief,72,9505,0,4082,603,1032,72,72,149,149,2,0,normal,1,3,20,62,956
2940,MOB_THIEF_NPC_07190719,Evenement caravan/thief,72,10954,0,4082,624,998,72,72,149,149,2,0,normal,1,3,20,68,957
24084,MOV_EV_PENGUIN_B_072,AUTRE,72,22323,0,16328,629,1007,72,72,149,149,2,0,normal,1,0,50,75,13359
17130,MOB_EU_HUNTER_NPC_07210721,Europe (Constantinople),73,9820,0,4204,667,998,73,73,150,150,2,0,normal,1,3,20,74,6765
17132,MOB_EU_HUNTER_NPC_07230723,Europe (Constantinople),73,11318,0,4204,667,998,73,73,150,150,2,0,normal,1,3,20,74,6767
17133,MOB_EU_HUNTER_NPC_07240724,Europe (Constantinople),73,9820,0,4204,645,1032,73,73,150,150,2,0,normal,1,3,20,87,6768
17134,MOB_EU_HUNTER_NPC_07250725,Europe (Constantinople),73,9820,0,4204,645,1032,73,73,150,150,2,0,normal,1,3,20,62,6769
17135,MOB_EU_HUNTER_NPC_07260726,Europe (Constantinople),73,9820,0,4204,624,1067,73,73,150,150,2,0,normal,1,3,20,68,6770
17136,MOB_EU_HUNTER_NPC_07270727,Europe (Constantinople),73,9820,0,4204,624,1067,73,73,150,150,2,0,normal,1,3,20,68,6771
17137,MOB_EU_HUNTER_NPC_07280728,Europe (Constantinople),73,9820,0,4204,624,1067,73,73,150,150,2,0,normal,1,3,20,68,6772
17138,MOB_EU_HUNTER_NPC_07290729,Europe (Constantinople),73,9820,0,4204,624,1067,73,73,150,150,2,0,normal,1,3,20,68,6773
15730,MOB_EU_THIEF_NPC_07210721,Europe (Constantinople),73,11318,0,4204,667,998,73,73,150,150,2,0,normal,1,3,20,74,5365
15731,MOB_EU_THIEF_NPC_07220722,Europe (Constantinople),73,11318,0,4204,667,998,73,73,150,150,2,0,normal,1,3,20,74,5366
15732,MOB_EU_THIEF_NPC_07230723,Europe (Constantinople),73,11318,0,4204,667,998,73,73,150,150,2,0,normal,1,3,20,74,5367
15733,MOB_EU_THIEF_NPC_07240724,Europe (Constantinople),73,9820,0,4204,645,1032,73,73,150,150,2,0,normal,1,3,20,87,5368
15734,MOB_EU_THIEF_NPC_07250725,Europe (Constantinople),73,9820,0,4204,645,1032,73,16777289,150,150,2,0,normal,1,3,20,62,5369
15735,MOB_EU_THIEF_NPC_07260726,Europe (Constantinople),73,9820,0,4204,624,1067,73,73,150,150,2,0,normal,1,3,20,68,5370
15736,MOB_EU_THIEF_NPC_07270727,Europe (Constantinople),73,9820,0,4204,624,1067,73,73,150,150,2,0,normal,1,3,20,68,5371
15737,MOB_EU_THIEF_NPC_07280728,Europe (Constantinople),73,9820,0,4204,624,1067,73,73,150,150,2,0,normal,1,3,20,68,5372
15738,MOB_EU_THIEF_NPC_07290729,Europe (Constantinople),73,9820,0,4204,624,1067,73,73,150,150,2,0,normal,1,3,20,68,5373
15739,MOB_EU_THIEF_NPC_07300730,Europe (Constantinople),73,9820,0,4204,624,1067,73,73,150,150,2,0,normal,1,3,20,68,5374
26900,MOB_EVE_STQONG_RM_FEATHERMASK,Evenement,73,9820,0,4204,545,1217,73,73,150,150,2,7,7,1,3,23,42,13706
22591,MOB_FW_BATTLEGOLEM_073,Forteresse (guerre de forteresse),73,12569973,0,8071825,689,965,73,73,150,150,2,3,unique_notice,1,3,42,56,12145
22171,MOB_FW_HYEONGCHEON_073,Forteresse (guerre de forteresse),73,12303660,0,6053869,645,1032,73,73,150,150,2,3,unique_notice,1,3,23,74,11725
22311,MOB_FW_MUJIGI_073,Forteresse (guerre de forteresse),73,9427480,0,6053869,645,1032,73,73,150,150,2,3,unique_notice,1,3,38,143,11865
36201,MOB_GOD_FLAME_ADJUTANT_A1,Forgotten World (pilliers/uniques),73,615183,0,302693,667,998,73,73,150,150,2,8,unique_silencieux,1,3,20,55,17993
36193,MOB_GOD_FLAME_CAPTAIN_A1,Forgotten World (pilliers/uniques),73,471374,0,302693,624,1067,73,73,150,150,2,8,unique_silencieux,1,3,30,100,17985
36327,MOB_GOD_FLAME_COWKING_A1,Forgotten World (pilliers/uniques),73,4713740,0,3026934,667,998,73,73,150,150,2,3,unique_notice,1,3,50,120,18119
36177,MOB_GOD_FLAME_CRAZY_A1,Forgotten World (pilliers/uniques),73,12816,0,4204,645,1032,73,73,150,150,2,0,normal,1,3,20,55,17969
36209,MOB_GOD_FLAME_ENVY_A1,Forgotten World (pilliers/uniques),73,9820,0,6306,645,1032,73,73,150,150,2,1,champion,1,3,23,100,18001
36169,MOB_GOD_FLAME_GIGANTIC_A1,Forgotten World (pilliers/uniques),73,12816,0,4204,667,998,73,73,150,150,2,0,normal,1,3,20,55,17961
36185,MOB_GOD_FLAME_WITCH_A1,Forgotten World (pilliers/uniques),73,9820,0,4204,624,1067,73,73,150,150,2,0,normal,1,3,50,120,17977
8305,MOB_HUNTER_NPC_07210721,AUTRE,73,9820,0,4204,645,1032,73,73,150,150,2,0,normal,1,3,20,59,2838
8306,MOB_HUNTER_NPC_07220722,AUTRE,73,12816,0,4204,624,1067,73,73,150,150,2,0,normal,1,3,20,59,2839
8307,MOB_HUNTER_NPC_07230723,AUTRE,73,11318,0,4204,645,1032,73,73,150,150,2,0,normal,1,3,20,62,2840
8308,MOB_HUNTER_NPC_07240724,AUTRE,73,9820,0,4204,667,998,73,73,150,150,2,0,normal,1,3,20,68,2841
8309,MOB_HUNTER_NPC_07250725,AUTRE,73,9820,0,4204,645,1032,73,73,150,150,2,0,normal,1,3,20,87,2842
8311,MOB_HUNTER_NPC_07270727,AUTRE,73,9820,0,4204,645,1032,73,73,150,150,2,0,normal,1,3,20,59,2844
8312,MOB_HUNTER_NPC_07280728,AUTRE,73,11318,0,4204,667,998,73,73,150,150,2,0,normal,1,3,20,62,2845
8313,MOB_HUNTER_NPC_07290729,AUTRE,73,11318,0,4204,645,1032,73,73,150,150,2,0,normal,1,3,20,68,2846
8314,MOB_HUNTER_NPC_07300730,AUTRE,73,9820,0,4204,624,1067,73,73,150,150,2,0,normal,1,3,20,87,2847
3865,MOB_RM_FEATHERMASK,"Rock Mountain / nord Alexandrie (Shaitan, Roc)",73,9820,0,4204,667,998,73,73,150,150,2,0,normal,1,3,23,42,1675
2951,MOB_THIEF_NPC_05300730,Evenement caravan/thief,73,9820,0,4204,624,1067,73,73,150,150,2,0,normal,1,3,20,87,968
2942,MOB_THIEF_NPC_07210721,Evenement caravan/thief,73,9820,0,4204,645,1032,73,73,150,150,2,0,normal,1,3,20,59,959
2943,MOB_THIEF_NPC_07220722,Evenement caravan/thief,73,12816,0,4204,624,1067,73,73,150,150,2,0,normal,1,3,20,59,960
2944,MOB_THIEF_NPC_07230723,Evenement caravan/thief,73,11318,0,4204,645,1032,73,73,150,150,2,0,normal,1,3,20,62,961
2945,MOB_THIEF_NPC_07240724,Evenement caravan/thief,73,9820,0,4204,667,998,73,73,150,150,2,0,normal,1,3,20,68,962
2946,MOB_THIEF_NPC_07250725,Evenement caravan/thief,73,9820,0,4204,645,1032,73,73,150,150,2,0,normal,1,3,20,87,963
2947,MOB_THIEF_NPC_07260726,Evenement caravan/thief,73,12816,0,4204,624,1067,73,73,150,150,2,0,normal,1,3,20,59,964
2948,MOB_THIEF_NPC_07270727,Evenement caravan/thief,73,9820,0,4204,645,1032,73,73,150,150,2,0,normal,1,3,20,59,965
2949,MOB_THIEF_NPC_07280728,Evenement caravan/thief,73,11318,0,4204,667,998,73,73,150,150,2,0,normal,1,3,20,318,966
2950,MOB_THIEF_NPC_07290729,Evenement caravan/thief,73,11318,0,4204,645,1032,73,73,150,150,2,0,normal,1,3,20,68,967
3804,MOB_TK_BONESOLDIER,Désert de Taklamakan (Yarkan),73,12816,0,4204,667,998,73,73,150,150,2,0,normal,1,3,18,55,1655
3954,MOB_TK_STRONG_BONESOLDIER,Désert de Taklamakan (Yarkan),73,384489,0,88286,667,998,73,73,150,150,2,0,normal,1,0,18,55,1719
24085,MOV_EV_PENGUIN_B_073,AUTRE,73,23069,0,16816,650,1040,73,73,150,150,2,0,normal,1,0,50,75,13360
17140,MOB_EU_HUNTER_NPC_07310731,Europe (Constantinople),74,10144,0,4330,689,1032,74,74,151,151,2,0,normal,1,3,20,75,6775
17142,MOB_EU_HUNTER_NPC_07330733,Europe (Constantinople),74,11693,0,4330,689,1032,74,74,151,151,2,0,normal,1,3,20,75,6777
17143,MOB_EU_HUNTER_NPC_07340734,Europe (Constantinople),74,10144,0,4330,667,1067,74,74,151,151,2,0,normal,1,3,20,87,6778
17144,MOB_EU_HUNTER_NPC_07350735,Europe (Constantinople),74,10144,0,4330,667,1067,74,74,151,151,2,0,normal,1,3,20,62,6779
17145,MOB_EU_HUNTER_NPC_07360736,Europe (Constantinople),74,10144,0,4330,645,1103,74,74,151,151,2,0,normal,1,3,20,69,6780
17146,MOB_EU_HUNTER_NPC_07370737,Europe (Constantinople),74,10144,0,4330,645,1103,74,74,151,151,2,0,normal,1,3,20,69,6781
17147,MOB_EU_HUNTER_NPC_07380738,Europe (Constantinople),74,10144,0,4330,645,1103,74,74,151,151,2,0,normal,1,3,20,69,6782
17148,MOB_EU_HUNTER_NPC_07390739,Europe (Constantinople),74,10144,0,4330,645,1103,74,74,151,151,2,0,normal,1,3,20,69,6783
17149,MOB_EU_HUNTER_NPC_07400740,Europe (Constantinople),74,10144,0,4330,645,1103,74,74,151,151,2,0,normal,1,3,20,69,6784
17141,MOB_EU_HUNTER_NPC_17320732,Europe (Constantinople),74,11693,0,4330,689,1032,74,74,151,151,2,0,normal,1,3,20,75,6776
15740,MOB_EU_THIEF_NPC_07310731,Europe (Constantinople),74,11693,0,4330,689,1032,74,74,151,151,2,0,normal,1,3,20,331,5375
15741,MOB_EU_THIEF_NPC_07320732,Europe (Constantinople),74,11693,0,4330,689,1032,74,74,151,151,2,0,normal,1,3,20,75,5376
15743,MOB_EU_THIEF_NPC_07340734,Europe (Constantinople),74,10144,0,4330,667,1067,74,74,151,151,2,0,normal,1,3,20,87,5378
15744,MOB_EU_THIEF_NPC_07350735,Europe (Constantinople),74,10144,0,4330,667,1067,74,74,151,151,2,0,normal,1,3,20,62,5379
15745,MOB_EU_THIEF_NPC_07360736,Europe (Constantinople),74,10144,0,4330,645,1103,74,74,151,151,2,0,normal,1,3,20,69,5380
15746,MOB_EU_THIEF_NPC_07370737,Europe (Constantinople),74,10144,0,4330,645,1103,74,74,151,151,2,0,normal,1,3,20,69,5381
15747,MOB_EU_THIEF_NPC_07380738,Europe (Constantinople),74,10144,0,4330,645,1103,74,74,151,151,2,0,normal,1,3,20,69,5382
15748,MOB_EU_THIEF_NPC_07390739,Europe (Constantinople),74,10144,0,4330,645,1103,74,74,151,151,2,0,normal,1,3,20,69,5383
26901,MOB_EVE_STRONG_TK_BONEHUNTER_CLON,Evenement,74,10144,0,4330,564,1257,74,74,151,151,2,7,7,1,3,18,75,13707
22592,MOB_FW_BATTLEGOLEM_074,Forteresse (guerre de forteresse),74,12984356,0,8313980,712,998,74,74,151,151,2,3,unique_notice,1,3,42,56,12146
22172,MOB_FW_HYEONGCHEON_074,Forteresse (guerre de forteresse),74,12712717,0,6235485,667,1067,74,74,151,151,2,3,unique_notice,1,3,23,74,11726
22312,MOB_FW_MUJIGI_074,Forteresse (guerre de forteresse),74,9738267,0,6235485,667,1067,74,74,151,151,2,3,unique_notice,1,3,38,143,11866
21472,MOB_FW_TAESE_074,Forteresse (guerre de forteresse),74,16950289,0,8313980,712,998,74,74,151,151,2,3,unique_notice,1,3,10,34,11026
36138,MOB_GOD_FLAME_GIANT_A2,Forgotten World (pilliers/uniques),74,13242,0,4330,689,1032,74,74,151,151,2,1,champion,1,3,20,55,17930
36139,MOB_GOD_FLAME_GIANT_A3,Forgotten World (pilliers/uniques),74,13242,0,4330,689,1032,74,74,151,151,2,6,elite/quest,1,3,20,55,17931
36130,MOB_GOD_FLAME_SALAMANDER_A2,Forgotten World (pilliers/uniques),74,10144,0,4330,645,1103,74,74,151,151,2,1,champion,1,3,63,115,17922
36131,MOB_GOD_FLAME_SALAMANDER_A3,Forgotten World (pilliers/uniques),74,10144,0,4330,645,1103,74,74,151,151,2,6,elite/quest,1,3,63,115,17923
36218,MOB_GOD_FLAME_TREASUREBOX_A2,Forgotten World (pilliers/uniques),74,13242,0,4330,667,1067,74,74,151,151,2,0,normal,1,3,0,0,18010
36219,MOB_GOD_FLAME_TREASUREBOX_A3,Forgotten World (pilliers/uniques),74,13242,0,6495,667,1067,74,74,151,151,2,0,normal,1,3,0,0,18011
8315,MOB_HUNTER_NPC_07310731,AUTRE,74,13242,0,4330,667,1067,74,74,151,151,2,0,normal,1,3,20,59,2848
8316,MOB_HUNTER_NPC_07320732,AUTRE,74,13242,0,4330,689,1032,74,16777290,151,151,2,0,normal,1,3,20,59,2849
8317,MOB_HUNTER_NPC_07330733,AUTRE,74,10144,0,4330,667,1067,74,74,151,151,2,0,normal,1,3,20,62,2850
8318,MOB_HUNTER_NPC_07340734,AUTRE,74,11693,0,4330,645,1103,74,74,151,151,2,0,normal,1,3,20,69,2851
8319,MOB_HUNTER_NPC_07350735,AUTRE,74,10144,0,4330,667,1067,74,74,151,151,2,0,normal,1,3,20,87,2852
8320,MOB_HUNTER_NPC_07360736,AUTRE,74,10144,0,4330,689,1032,74,74,151,151,2,0,normal,1,3,20,59,2853
8321,MOB_HUNTER_NPC_07370737,AUTRE,74,13242,0,4330,667,1067,74,74,151,151,2,0,normal,1,3,20,59,2854
8322,MOB_HUNTER_NPC_07380738,AUTRE,74,11693,0,4330,645,1103,74,74,151,151,2,0,normal,1,3,20,62,2855
8323,MOB_HUNTER_NPC_07390739,AUTRE,74,10144,0,4330,667,1067,74,74,151,151,2,0,normal,1,3,20,69,2856
8324,MOB_HUNTER_NPC_07400740,AUTRE,74,10144,0,4330,689,1032,74,74,151,151,2,0,normal,1,3,20,87,2857
2952,MOB_THIEF_NPC_07310731,Evenement caravan/thief,74,13242,0,4330,667,1067,74,74,151,151,2,0,normal,1,3,20,59,969
2953,MOB_THIEF_NPC_07320732,Evenement caravan/thief,74,13242,0,4330,689,1032,74,74,151,151,2,0,normal,1,3,20,59,970
2954,MOB_THIEF_NPC_07330733,Evenement caravan/thief,74,10144,0,4330,667,1067,74,74,151,151,2,0,normal,1,3,20,62,971
2955,MOB_THIEF_NPC_07340734,Evenement caravan/thief,74,11693,0,4330,645,1103,74,74,151,151,2,0,normal,1,3,20,69,972
2956,MOB_THIEF_NPC_07350735,Evenement caravan/thief,74,10144,0,4330,667,1067,74,74,151,151,2,0,normal,1,3,20,87,973
2957,MOB_THIEF_NPC_07360736,Evenement caravan/thief,74,10144,0,4330,689,1032,74,74,151,151,2,0,normal,1,3,20,59,974
2959,MOB_THIEF_NPC_07380738,Evenement caravan/thief,74,11693,0,4330,645,1103,74,74,151,151,2,0,normal,1,3,20,62,976
2960,MOB_THIEF_NPC_07390739,Evenement caravan/thief,74,10144,0,4330,667,1067,74,16777290,151,151,2,0,normal,1,3,20,69,977
2961,MOB_THIEF_NPC_07400740,Evenement caravan/thief,74,10144,0,4330,689,1032,74,74,151,151,2,0,normal,1,3,20,87,978
3805,MOB_TK_BONEHUNTER_CLON,Désert de Taklamakan (Yarkan),74,10144,0,4330,667,1067,74,74,151,151,2,0,normal,1,3,18,75,1656
24086,MOV_EV_PENGUIN_B_174,AUTRE,74,23836,0,17320,671,1074,74,16777290,151,151,2,0,normal,1,0,50,75,13361
8328,MMB_HUNTER_NPC_07440744,AUTRE,75,12079,0,4460,712,1067,75,75,152,152,2,0,normal,1,3,20,69,2861
17150,MOB_EU_HUNTER_NPC_07410741,Europe (Constantinople),75,10477,0,4460,712,1067,75,16777291,152,152,2,0,normal,1,3,20,75,6785
17151,MOB_EU_HUNTER_NPC_07420742,Europe (Constantinople),75,12079,0,4460,712,1067,75,75,152,152,2,0,normal,1,3,20,75,6786
17152,MOB_EU_HUNTER_NPC_07430743,Europe (Constantinople),75,12079,0,4460,712,1067,75,75,152,152,2,0,normal,1,3,20,75,6787
17153,MOB_EU_HUNTER_NPC_07440744,Europe (Constantinople),75,10477,0,4460,689,1103,75,75,152,152,2,0,normal,1,3,20,88,6788
17154,MOB_EU_HUNTER_NPC_07450745,Europe (Constantinople),75,10477,0,4460,689,1103,75,75,152,152,2,0,normal,1,3,20,63,6789
17155,MOB_EU_HUNTER_NPC_07460746,Europe (Constantinople),75,10477,0,4460,667,1140,75,75,152,152,2,0,normal,1,3,20,69,6790
17156,MOB_EU_HUNTER_NPC_07470747,Europe (Constantinople),75,10477,0,4460,667,1140,75,75,152,152,2,0,normal,1,3,20,69,6791
17157,MOB_EU_HUNTER_NPC_07480748,Europe (Constantinople),75,10477,0,4460,667,1140,75,75,152,152,2,0,normal,1,3,20,69,6792
17158,MOB_EU_HUNTER_NPC_07490749,Europe (Constantinople),75,10477,0,4460,667,1140,75,75,152,152,2,0,normal,1,3,20,69,6793
17159,MOB_EU_HUNTER_NPC_07500750,Europe (Constantinople),75,10477,0,4460,667,1140,75,75,152,152,2,0,normal,1,3,20,69,6794
15750,MOB_EU_THIEF_NPC_07410741,Europe (Constantinople),75,12079,0,4460,712,1067,75,75,152,152,2,0,normal,1,3,20,75,5385
15751,MOB_EU_THIEF_NPC_07420742,Europe (Constantinople),75,12079,0,4460,712,1067,75,75,152,152,2,0,normal,1,3,20,75,5386
15752,MOB_EU_THIEF_NPC_07430743,Europe (Constantinople),75,12079,0,4460,712,1067,75,75,152,152,2,0,normal,1,3,20,75,5387
15753,MOB_EU_THIEF_NPC_07440744,Europe (Constantinople),75,10477,0,4460,689,1103,75,75,152,152,2,0,normal,1,3,20,88,5388
15754,MOB_EU_THIEF_NPC_07450745,Europe (Constantinople),75,10477,0,4460,689,1103,75,75,152,152,2,0,normal,1,3,20,63,5389
15756,MOB_EU_THIEF_NPC_07470747,Europe (Constantinople),75,10477,0,4460,667,1140,75,75,152,152,2,0,normal,1,3,20,69,5391
15757,MOB_EU_THIEF_NPC_07480548,Europe (Constantinople),75,10477,0,4460,667,1140,75,75,152,152,2,0,normal,1,3,20,69,5392
15758,MOB_EU_THIEF_NPC_07490749,Europe (Constantinople),75,10477,0,4460,667,1140,75,16777291,152,152,2,0,normal,1,3,20,69,5393
15759,MOB_EU_THIEF_NPC_07500750,Europe (Constantinople),75,10477,0,4460,667,1140,75,75,152,152,2,0,normal,1,3,20,69,5394
34049,MOB_EVE_HAPPY_TIGERWOMAN07,Evenement,75,10057715,0,2140850,689,1103,75,75,152,152,2,3,unique_notice,0,0,20,90,17682
26902,MOB_EVE_SURONG_RM_GOAT_CLON,Evenement,75,10477,0,4460,583,1298,75,75,152,152,2,7,7,1,3,23,100,13708
23435,MOB_EV_KANGAROO,Evenement,75,410413,0,187324,667,1140,75,75,152,152,2,0,normal,1,0,50,75,12778
24342,MOB_EV_PENGUIN_75,Evenement,75,410413,0,187324,689,1103,75,75,152,152,2,0,normal,1,0,50,75,13453
22173,MOB_FW_HYEONGCHEON_075,Forteresse (guerre de forteresse),75,13133214,0,6422549,689,1103,75,75,152,152,2,3,unique_notice,1,3,23,74,11727
22313,MOB_FW_MUJIGI_075,Forteresse (guerre de forteresse),75,10057715,0,6422549,689,1103,75,75,152,152,2,3,unique_notice,1,3,38,143,11867
21473,MOB_FW_TAESE_075,Forteresse (guerre de forteresse),75,17510952,0,8563399,736,1032,75,75,152,152,2,3,unique_notice,1,3,10,34,11027
36154,MOB_GOD_FLAME_ARCHER_A2,Forgotten World (pilliers/uniques),75,10477,0,4460,712,1067,75,75,152,152,2,1,champion,1,3,70,120,17946
36155,MOB_GOD_FLAME_ARCHER_A3,Forgotten World (pilliers/uniques),75,10477,0,4460,712,1067,75,75,152,152,2,6,elite/quest,1,3,70,120,17947
36162,MOB_GOD_FLAME_EVIL_A2,Forgotten World (pilliers/uniques),75,13680,0,4460,667,1140,75,75,152,152,2,1,champion,1,3,15,55,17954
36163,MOB_GOD_FLAME_EVIL_A3,Forgotten World (pilliers/uniques),75,13680,0,4460,667,1140,75,75,152,152,2,6,elite/quest,1,3,15,55,17955
36146,MOB_GOD_FLAME_GHOST_A2,Forgotten World (pilliers/uniques),75,10477,0,4460,712,1067,75,75,152,152,2,1,champion,1,3,40,100,17938
36147,MOB_GOD_FLAME_GHOST_A3,Forgotten World (pilliers/uniques),75,10477,0,4460,712,1067,75,75,152,152,2,6,elite/quest,1,3,40,100,17939
36051,MOB_GOD_PILLAR_ENVY_DROP_71_80,Forgotten World (pilliers/uniques),75,24157,0,17840,689,1103,75,75,152,152,2,0,normal,1,3,15,75,17843
36044,MOB_GOE_PILLAR_ENVY_71_80,AUTRE,75,12079,0,8920,689,1103,75,75,152,152,2,1,champion,1,3,15,75,17836
8325,MOB_HUNTER_NPC_07410741,AUTRE,75,13680,0,4460,689,1103,75,75,152,152,2,0,normal,1,3,20,59,2858
8326,MOB_HUNTER_NPC_07420742,AUTRE,75,10477,0,4460,667,1140,75,75,152,152,2,0,normal,1,3,20,59,2859
8327,MOB_HUNTER_NPC_07430743,AUTRE,75,12079,0,4460,689,1103,75,75,152,152,2,0,normal,1,3,20,63,2860
8329,MOB_HUNTER_NPC_07450745,AUTRE,75,10477,0,4460,689,1103,75,75,152,152,2,0,normal,1,3,20,88,2862
8330,MOB_HUNTER_NPC_07460746,AUTRE,75,13680,0,4460,667,1140,75,75,152,152,2,0,normal,1,3,20,59,2863
8331,MOB_HUNTER_NPC_07470747,AUTRE,75,13680,0,4460,689,1103,75,75,152,152,2,0,normal,1,3,20,59,2864
8332,MOB_HUNTER_NPC_07480748,AUTRE,75,10477,0,4460,712,1067,75,75,152,152,2,0,normal,1,3,20,63,2865
8333,MOB_HUNTER_NPC_07490749,AUTRE,75,12079,0,4460,689,1103,75,75,152,152,2,0,normal,1,3,20,69,2866
8333,MOB_HUNTER_NPC_07490749,AUTRE,75,12079,0,4460,689,1103,75,75,152,152,2,0,normal,1,3,20,69,2866
8334,MOB_HUNTER_NPC_07500750,AUTRE,75,10477,0,4460,667,1140,75,75,152,152,2,0,normal,1,3,20,88,2867
3866,MOB_RM_GOAT_CLON,"Rock Mountain / nord Alexandrie (Shaitan, Roc)",75,10477,0,4460,689,1103,75,75,152,152,2,0,normal,1,3,23,100,1676
2967,MOB_THIEF_NPC_05460746,Evenement caravan/thief,75,13680,0,4460,667,1140,75,75,152,152,2,0,normal,1,3,20,59,984
2962,MOB_THIEF_NPC_07410741,Evenement caravan/thief,75,13680,0,4460,689,1103,75,75,152,152,2,0,normal,1,3,20,59,979
2963,MOB_THIEF_NPC_07420742,Evenement caravan/thief,75,10477,0,4460,667,1140,75,75,152,152,2,0,normal,1,3,20,59,980
2964,MOB_THIEF_NPC_07430743,Evenement caravan/thief,75,12079,0,4460,689,1103,75,75,152,152,2,0,normal,1,3,20,63,981
2965,MOB_THIEF_NPC_07440744,Evenement caravan/thief,75,12079,0,4460,712,1067,75,75,152,152,2,0,normal,1,3,20,325,982
2966,MOB_THIEF_NPC_07450745,Evenement caravan/thief,75,10477,0,4460,689,1103,75,75,152,152,2,0,normal,1,3,20,88,983
2968,MOB_THIEF_NPC_07470747,Evenement caravan/thief,75,13680,0,4460,689,1103,75,75,152,152,2,0,normal,1,3,20,59,985
2969,MOB_THIEF_NPC_07480748,Evenement caravan/thief,75,10477,0,4460,712,1067,75,75,152,152,2,0,normal,1,3,20,63,986
2970,MOB_THIEF_NPC_07490749,Evenement caravan/thief,75,12079,0,4460,689,1103,75,75,152,152,2,0,normal,1,3,20,69,987
2971,MOB_THIEF_NPC_07500750,Evenement caravan/thief,75,10477,0,4460,667,1140,75,75,152,152,2,0,normal,1,3,20,88,988
24087,MOV_EV_PENGUIN_B_075,AUTRE,75,24625,0,17840,693,1109,75,75,152,152,2,0,normal,1,0,50,75,13362
36170,MOA_GOD_FLAME_GIGANTIC_A2,AUTRE,76,14131,0,4594,736,1103,76,76,153,153,2,1,champion,1,3,20,55,17962
17160,MOB_EU_HUNTER_NPC_07510751,Europe (Constantinople),76,10819,0,4594,736,1103,76,76,153,153,2,0,normal,1,3,20,75,6795
17161,MOB_EU_HUNTER_NPC_07520752,Europe (Constantinople),76,12475,0,4594,736,1103,76,76,153,153,2,0,normal,1,3,20,75,6796
17162,MOB_EU_HUNTER_NPC_07530753,Europe (Constantinople),76,12475,0,4594,736,1103,76,76,153,153,2,0,normal,1,3,20,75,6797
17163,MOB_EU_HUNTER_NPC_07540754,Europe (Constantinople),76,10819,0,4594,712,1140,76,76,153,153,2,0,normal,1,3,20,88,6798
17164,MOB_EU_HUNTER_NPC_07550755,Europe (Constantinople),76,10819,0,4594,712,1140,76,76,153,153,2,0,normal,1,3,20,63,6799
17165,MOB_EU_HUNTER_NPC_07560756,Europe (Constantinople),76,10819,0,4594,689,1178,76,76,153,153,2,0,normal,1,3,20,69,6800
17166,MOB_EU_HUNTER_NPC_07570757,Europe (Constantinople),76,10819,0,4594,689,1178,76,76,153,153,2,0,normal,1,3,20,69,6801
17167,MOB_EU_HUNTER_NPC_07580758,Europe (Constantinople),76,10819,0,4594,689,1178,76,76,153,153,2,0,normal,1,3,20,69,6802
17168,MOB_EU_HUNTER_NPC_07590759,Europe (Constantinople),76,10819,0,4594,689,1178,76,76,153,153,2,0,normal,1,3,20,69,6803
17169,MOB_EU_HUNTER_NPC_07600760,Europe (Constantinople),76,10819,0,4594,689,1178,76,76,153,153,2,0,normal,1,3,20,69,6804
15760,MOB_EU_THIEF_NPC_07510751,Europe (Constantinople),76,12475,0,4594,736,1103,76,76,153,153,2,0,normal,1,3,20,75,5395
15761,MOB_EU_THIEF_NPC_07520752,Europe (Constantinople),76,12475,0,4594,736,1103,76,76,153,153,2,0,normal,1,3,20,75,5396
15762,MOB_EU_THIEF_NPC_07530753,Europe (Constantinople),76,12475,0,4594,736,1103,76,76,153,153,2,0,normal,1,3,20,75,5397
15763,MOB_EU_THIEF_NPC_07540754,Europe (Constantinople),76,10819,0,4594,712,1140,76,76,153,153,2,0,normal,1,3,20,88,5398
15764,MOB_EU_THIEF_NPC_07550755,Europe (Constantinople),76,10819,0,4594,712,1140,76,76,153,153,2,0,normal,1,3,20,63,5399
15765,MOB_EU_THIEF_NPC_07560756,Europe (Constantinople),76,10819,0,4594,689,1178,76,76,153,153,2,0,normal,1,3,20,69,5400
15766,MOB_EU_THIEF_NPC_07570757,Europe (Constantinople),76,10819,0,4594,689,1178,76,76,153,153,2,0,normal,1,3,20,69,5401
15767,MOB_EU_THIEF_NPC_07580758,Europe (Constantinople),76,10819,0,4594,689,1178,76,76,153,153,2,0,normal,1,3,20,69,5402
15768,MOB_EU_THIEF_NPC_07590759,Europe (Constantinople),76,10819,0,4594,689,1178,76,76,153,153,2,0,normal,1,3,20,69,5403
15769,MOB_EU_THIEF_NPC_07600760,Europe (Constantinople),76,10819,0,4594,689,1178,76,76,153,153,2,0,normal,1,3,20,69,5404
26903,MOB_EVE_STRONG_TK_BONEHUNTER,Evenement,76,10819,0,4594,603,1341,76,76,153,153,2,7,7,1,3,18,75,13709
22594,MOB_FW_BATTLEGOLEM_076,Forteresse (guerre de forteresse),76,13848060,0,8820301,761,1067,76,76,153,153,2,3,unique_notice,1,3,42,56,12148
22174,MOB_FW_HYEONGCHEON_076,Forteresse (guerre de forteresse),76,13565447,0,6615226,712,1140,76,76,153,153,2,3,unique_notice,1,3,23,74,11728
22314,MOB_FW_MUJIGI_076,Forteresse (guerre de forteresse),76,10386045,0,6615226,712,1140,76,76,153,153,2,3,unique_notice,1,3,38,143,11868
21474,MOB_FW_TAESE_076,Forteresse (guerre de forteresse),76,18087262,0,8820301,761,1067,76,76,153,153,2,3,unique_notice,1,3,10,34,11028
36194,MOB_GMD_FLAME_CAPTAIN_A2,AUTRE,76,778953,0,661523,689,1178,76,76,153,153,2,8,unique_silencieux,1,3,30,100,17986
36202,MOB_GOD_FLAME_ADJUTANT_A2,Forgotten World (pilliers/uniques),76,1017408,0,661523,736,1103,76,76,153,153,2,8,unique_silencieux,1,3,20,55,17994
36203,MOB_GOD_FLAME_ADJUTANT_A3,Forgotten World (pilliers/uniques),76,2713089,0,1323045,736,1103,76,76,153,153,2,8,unique_silencieux,1,3,20,55,17995
36195,MOB_GOD_FLAME_CAPTAIN_A3,Forgotten World (pilliers/uniques),76,2077209,0,1323045,689,1178,76,76,153,153,2,8,unique_silencieux,1,3,30,100,17987
36328,MOB_GOD_FLAME_COWKING_A2,Forgotten World (pilliers/uniques),76,7789534,0,4961419,736,1103,76,76,153,153,2,3,unique_notice,1,3,50,120,18120
36329,MOB_GOD_FLAME_COWKING_A3,Forgotten World (pilliers/uniques),76,10386045,0,6615226,736,1103,76,76,153,153,2,3,unique_notice,1,3,50,120,18121
36178,MOB_GOD_FLAME_CRAZY_A2,Forgotten World (pilliers/uniques),76,14131,0,4594,712,1140,76,76,153,153,2,1,champion,1,1,20,55,17970
36179,MOB_GOD_FLAME_CRAZY_A3,Forgotten World (pilliers/uniques),76,14131,0,4594,712,1140,76,76,153,153,2,6,elite/quest,1,3,20,55,17971
36210,MOB_GOD_FLAME_ENVY_A2,Forgotten World (pilliers/uniques),76,10819,0,6891,712,1140,76,76,153,153,2,6,elite/quest,1,3,23,100,18002
36211,MOB_GOD_FLAME_ENVY_A3,Forgotten World (pilliers/uniques),76,21638,0,13782,712,1140,76,76,153,153,2,6,elite/quest,1,3,23,100,18003
36171,MOB_GOD_FLAME_GIGANTIC_A3,Forgotten World (pilliers/uniques),76,14131,0,4594,736,1103,76,76,153,153,2,6,elite/quest,1,3,20,55,17963
36186,MOB_GOD_FLAME_WITCH_A2,Forgotten World (pilliers/uniques),76,10819,0,4594,689,1178,76,76,153,153,2,1,champion,1,3,50,120,17978
36187,MOB_GOD_FLAME_WITCH_A3,Forgotten World (pilliers/uniques),76,10819,0,4594,689,1178,76,76,153,153,2,6,elite/quest,1,3,50,120,17979
8335,MOB_HUNTER_NPC_07510751,AUTRE,76,10819,0,4594,712,1140,76,76,153,153,2,0,normal,1,3,20,60,2868
8336,MOB_HUNTER_NPC_07520752,AUTRE,76,14131,0,4594,736,1103,76,76,153,153,2,0,normal,1,3,20,60,2869
8337,MOB_HUNTER_NPC_07530753,AUTRE,76,12475,0,4594,712,1140,76,76,153,153,2,0,normal,1,3,20,63,2870
8338,MOB_HUNTER_NPC_07540754,AUTRE,76,10819,0,4594,689,1178,76,76,153,153,2,0,normal,1,3,20,69,2871
8339,MOB_HUNTER_NPC_07550755,AUTRE,76,10819,0,4594,712,1140,76,76,153,153,2,0,normal,1,3,20,88,2872
8340,MOB_HUNTER_NPC_07560756,AUTRE,76,14131,0,4594,736,1103,76,16777292,153,153,2,0,normal,1,3,20,60,2873
8341,MOB_HUNTER_NPC_07570757,AUTRE,76,10819,0,4594,712,1140,76,76,153,153,2,0,normal,1,3,20,60,2874
8343,MOB_HUNTER_NPC_07590759,AUTRE,76,12475,0,4594,712,1140,76,76,153,153,2,0,normal,1,3,20,69,2876
8344,MOB_HUNTER_NPC_07600760,AUTRE,76,10819,0,4594,736,1103,76,76,153,153,2,0,normal,1,3,20,88,2877
3867,MOB_RM_GOAT,"Rock Mountain / nord Alexandrie (Shaitan, Roc)",76,10819,0,4594,689,1178,76,76,153,153,2,0,normal,1,3,23,100,1677
2972,MOB_THIEF_NPC_07510751,Evenement caravan/thief,76,10819,0,4594,712,1140,76,76,153,153,2,0,normal,1,3,20,60,989
2973,MOB_THIEF_NPC_07520752,Evenement caravan/thief,76,14131,0,4594,736,1103,76,76,153,153,2,0,normal,1,3,20,60,990
2975,MOB_THIEF_NPC_07540754,Evenement caravan/thief,76,10819,0,4594,689,1178,76,76,153,153,2,0,normal,1,3,20,69,992
2976,MOB_THIEF_NPC_07550755,Evenement caravan/thief,76,10819,0,4594,712,1140,76,76,153,153,2,0,normal,1,3,20,88,993
2977,MOB_THIEF_NPC_07560756,Evenement caravan/thief,76,14131,0,4594,736,1103,76,76,153,153,2,0,normal,1,3,20,60,994
2978,MOB_THIEF_NPC_07570757,Evenement caravan/thief,76,10819,0,4594,712,1140,76,76,153,153,2,0,normal,1,3,20,60,995
2979,MOB_THIEF_NPC_07580758,Evenement caravan/thief,76,12475,0,4594,689,1178,76,76,153,153,2,0,normal,1,3,20,63,996
2980,MOB_THIEF_NPC_07590759,Evenement caravan/thief,76,12475,0,4594,712,1140,76,76,153,153,2,0,normal,1,3,20,69,997
2981,MOB_THIEF_NPC_07600760,Evenement caravan/thief,76,10819,0,4594,736,1103,76,76,153,153,2,0,normal,1,3,20,88,998
3803,MOB_TK_BONEHUNTER,Désert de Taklamakan (Yarkan),76,10819,0,4594,689,1178,76,76,153,153,2,0,normal,1,3,18,75,1654
3933,MOB_TK_STRONG_BONEHUNTER,Désert de Taklamakan (Yarkan),76,324564,0,96472,689,1178,76,76,153,153,2,0,normal,1,0,18,75,1709
24088,MOV_EV_PENGUIN_B_076,AUTRE,76,25435,0,18376,716,1145,76,76,153,153,2,0,normal,1,0,50,75,13363
17172,MOB_EU_HUNTER_NPC,Europe (Constantinople),77,12882,0,4732,761,1140,77,77,154,154,2,0,normal,1,3,20,76,6807
17171,MOB_EU_HUNTER_NPC_07620762,Europe (Constantinople),77,12882,0,4732,761,1140,77,77,154,154,2,0,normal,1,3,20,76,6806
17173,MOB_EU_HUNTER_NPC_07640764,Europe (Constantinople),77,11170,0,4732,736,1178,77,77,154,154,2,0,normal,1,3,20,89,6808
17174,MOB_EU_HUNTER_NPC_07650765,Europe (Constantinople),77,11170,0,4732,736,1178,77,16777293,154,154,2,0,normal,1,3,20,63,6809
17175,MOB_EU_HUNTER_NPC_07660766,Europe (Constantinople),77,11170,0,4732,712,1217,77,77,154,154,2,0,normal,1,3,20,69,6810
17176,MOB_EU_HUNTER_NPC_07670767,Europe (Constantinople),77,11170,0,4732,712,1217,77,77,154,154,2,0,normal,1,3,20,69,6811
17177,MOB_EU_HUNTER_NPC_07680768,Europe (Constantinople),77,11170,0,4732,712,1217,77,77,154,154,2,0,normal,1,3,20,69,6812
17178,MOB_EU_HUNTER_NPC_07690769,Europe (Constantinople),77,11170,0,4732,712,1217,77,77,154,154,2,0,normal,1,3,20,69,6813
17179,MOB_EU_HUNTER_NPC_07700770,Europe (Constantinople),77,11170,0,4732,712,1217,77,77,154,154,2,0,normal,1,3,20,69,6814
15770,MOB_EU_THIEF_NPC_07610761,Europe (Constantinople),77,12882,0,4732,761,1140,77,77,154,154,2,0,normal,1,3,20,76,5405
15771,MOB_EU_THIEF_NPC_07620762,Europe (Constantinople),77,12882,0,4732,761,1140,77,77,154,154,2,0,normal,1,3,20,332,5406
15772,MOB_EU_THIEF_NPC_07630763,Europe (Constantinople),77,12882,0,4732,761,1140,77,77,154,154,2,0,normal,1,3,20,76,5407
15773,MOB_EU_THIEF_NPC_07640764,Europe (Constantinople),77,11170,0,4732,736,1178,77,77,154,154,2,0,normal,1,3,20,89,5408
15774,MOB_EU_THIEF_NPC_07650765,Europe (Constantinople),77,11170,0,4732,736,1178,77,77,154,154,2,0,normal,1,3,20,63,5409
15775,MOB_EU_THIEF_NPC_07660766,Europe (Constantinople),77,11170,0,4732,712,1217,77,77,154,154,2,0,normal,1,3,20,69,5410
15776,MOB_EU_THIEF_NPC_07670767,Europe (Constantinople),77,11170,0,4732,712,1217,77,77,154,154,2,0,normal,1,3,20,69,5411
15777,MOB_EU_THIEF_NPC_07680768,Europe (Constantinople),77,11170,0,4732,712,1217,77,77,154,154,2,0,normal,1,3,20,69,5412
15778,MOB_EU_THIEF_NPC_07690769,Europe (Constantinople),77,11170,0,4732,712,1217,77,77,154,154,2,0,normal,1,3,20,69,5413
15779,MOB_EU_THIEF_NPC_07700770,Europe (Constantinople),77,11170,0,4732,712,1217,77,77,154,154,2,0,normal,1,3,20,69,5414
26904,MOB_EVE_STRONG_TK_BONEMAGE_ALON,Evenement,77,11170,0,4732,624,1384,77,77,154,154,2,7,7,1,3,50,75,13710
22595,MOB_FW_BATTLEGOLEM_077,Forteresse (guerre de forteresse),77,14297981,0,9084910,786,1103,77,77,154,154,2,3,unique_notice,1,3,42,56,12149
22175,MOB_FW_HYEONGCHEON_077,Forteresse (guerre de forteresse),77,14009715,0,6813683,736,1178,77,16777293,154,154,2,3,unique_notice,1,3,23,74,11729
22315,MOB_FW_MUJIGI_077,Forteresse (guerre de forteresse),77,10723485,0,6813683,736,1178,77,77,154,154,2,3,unique_notice,1,3,38,143,11869
21475,MOB_FW_TAESE_077,Forteresse (guerre de forteresse),77,18679620,0,9084910,786,1103,77,77,154,154,2,3,unique_notice,1,3,10,34,11029
36132,MOB_GOD_FLAME_SALAMANDER_A4,Forgotten World (pilliers/uniques),77,22341,0,9463,712,1217,77,77,154,154,2,6,elite/quest,1,3,63,115,17924
36220,MOB_GOD_FLAME_TREASUREBOX_A4,Forgotten World (pilliers/uniques),77,29187,0,9463,736,1178,77,77,154,154,2,0,normal,1,3,0,0,18012
8345,MOB_HUNTER_NPC_07610761,AUTRE,77,14593,0,4732,736,1178,77,77,154,154,2,0,normal,1,3,20,60,2878
8346,MOB_HUNTER_NPC_07620762,AUTRE,77,14593,0,4732,712,1217,77,77,154,154,2,0,normal,1,3,20,60,2879
8347,MOB_HUNTER_NPC_07630763,AUTRE,77,11170,0,4732,736,1178,77,77,154,154,2,0,normal,1,3,20,63,2880
8348,MOB_HUNTER_NPC_07640764,AUTRE,77,12882,0,4732,761,1140,77,77,154,154,2,0,normal,1,3,20,69,2881
8349,MOB_HUNTER_NPC_07650765,AUTRE,77,11170,0,4732,736,1178,77,77,154,154,2,0,normal,1,3,20,89,2882
8350,MOB_HUNTER_NPC_07660766,AUTRE,77,11170,0,4732,712,1217,77,77,154,154,2,0,normal,1,3,20,60,2883
8351,MOB_HUNTER_NPC_07670767,AUTRE,77,14593,0,4732,736,1178,77,77,154,154,2,0,normal,1,3,20,60,2884
8352,MOB_HUNTER_NPC_07680768,AUTRE,77,12882,0,4732,761,1140,77,77,154,154,2,0,normal,1,3,20,63,2885
8353,MOB_HUNTER_NPC_07690769,AUTRE,77,11170,0,4732,736,1178,77,77,154,154,2,0,normal,1,3,20,69,2886
8354,MOB_HUNTER_NPC_07700770,AUTRE,77,11170,0,4732,712,1217,77,77,154,154,2,0,normal,1,3,20,89,2887
2984,MOB_THIEF_NPC_05630763,Evenement caravan/thief,77,11170,0,4732,736,1178,77,16777293,154,154,2,0,normal,1,3,20,63,1001
2982,MOB_THIEF_NPC_07610761,Evenement caravan/thief,77,14593,0,4732,736,1178,77,77,154,154,2,0,normal,1,3,20,316,999
2983,MOB_THIEF_NPC_07620762,Evenement caravan/thief,77,14593,0,4732,712,1217,77,77,154,154,2,0,normal,1,3,20,60,1000
2985,MOB_THIEF_NPC_07640764,Evenement caravan/thief,77,12882,0,4732,761,1140,77,77,154,154,2,0,normal,1,3,20,69,1002
2986,MOB_THIEF_NPC_07650765,Evenement caravan/thief,77,11170,0,4732,736,1178,77,77,154,154,2,0,normal,1,3,20,89,1003
2987,MOB_THIEF_NPC_07660766,Evenement caravan/thief,77,11170,0,4732,712,1217,77,77,154,154,2,0,normal,1,3,20,60,1004
2988,MOB_THIEF_NPC_07670767,Evenement caravan/thief,77,14593,0,4732,736,1178,77,77,154,154,2,0,normal,1,3,20,60,1005
2989,MOB_THIEF_NPC_07680768,Evenement caravan/thief,77,12882,0,4732,761,1140,77,77,154,154,2,0,normal,1,3,20,63,1006
2990,MOB_THIEF_NPC_07690769,Evenement caravan/thief,77,11170,0,4732,736,1178,77,77,154,154,2,0,normal,1,3,20,69,1007
3550,MOB_TK_BONEMAGE_CLON,Désert de Taklamakan (Yarkan),77,11170,0,4732,712,1217,77,77,154,154,2,0,normal,1,3,50,75,1657
24089,MOV_EV_PENGUIN_B_077,AUTRE,77,26268,0,18928,739,1182,77,77,154,154,2,0,normal,1,0,50,75,13364
8360,MMB_HUNTER_NPC_07760776,AUTRE,78,15069,0,4874,786,1178,78,78,155,155,2,0,normal,1,3,20,60,2893
22176,MOB,AUTRE,78,14466328,0,7018093,761,1217,78,78,155,155,2,3,unique_notice,1,3,23,74,11730
17180,MOB_EU_HUNTER_NPC_07710771,Europe (Constantinople),78,11532,0,4874,786,1178,78,78,155,155,2,0,normal,1,3,20,76,6815
17181,MOB_EU_HUNTER_NPC_07720772,Europe (Constantinople),78,13300,0,4874,786,1178,78,78,155,155,2,0,normal,1,3,20,76,6816
17182,MOB_EU_HUNTER_NPC_07730773,Europe (Constantinople),78,13300,0,4874,786,1178,78,78,155,155,2,0,normal,1,3,20,76,6817
17183,MOB_EU_HUNTER_NPC_07740774,Europe (Constantinople),78,11532,0,4874,761,1217,78,78,155,155,2,0,normal,1,3,20,89,6818
17184,MOB_EU_HUNTER_NPC_07750775,Europe (Constantinople),78,11532,0,4874,761,1217,78,78,155,155,2,0,normal,1,3,20,63,6819
17185,MOB_EU_HUNTER_NPC_07760776,Europe (Constantinople),78,11532,0,4874,736,1257,78,78,155,155,2,0,normal,1,3,20,70,6820
17186,MOB_EU_HUNTER_NPC_07770777,Europe (Constantinople),78,11532,0,4874,736,1257,78,78,155,155,2,0,normal,1,3,20,70,6821
17187,MOB_EU_HUNTER_NPC_07780778,Europe (Constantinople),78,11532,0,4874,736,1257,78,78,155,155,2,0,normal,1,3,20,70,6822
17188,MOB_EU_HUNTER_NPC_07790779,Europe (Constantinople),78,11532,0,4874,736,1257,78,78,155,155,2,0,normal,1,3,20,70,6823
17189,MOB_EU_HUNTER_NPC_07800780,Europe (Constantinople),78,11532,0,4874,736,1257,78,78,155,155,2,0,normal,1,3,20,70,6824
15780,MOB_EU_THIEF_NPC_07710771,Europe (Constantinople),78,13300,0,4874,786,1178,78,78,155,155,2,0,normal,1,3,20,76,5415
15781,MOB_EU_THIEF_NPC_07720772,Europe (Constantinople),78,13300,0,4874,786,1178,78,78,155,155,2,0,normal,1,3,20,76,5416
15782,MOB_EU_THIEF_NPC_07730773,Europe (Constantinople),78,13300,0,4874,786,1178,78,16777294,155,155,2,0,normal,1,3,20,76,5417
15783,MOB_EU_THIEF_NPC_07740774,Europe (Constantinople),78,11532,0,4874,761,1217,78,78,155,155,2,0,normal,1,3,20,89,5418
15784,MOB_EU_THIEF_NPC_07750775,Europe (Constantinople),78,11532,0,4874,761,1217,78,78,155,155,2,0,normal,1,3,20,63,5419
15785,MOB_EU_THIEF_NPC_07760776,Europe (Constantinople),78,11532,0,4874,736,1257,78,78,155,155,2,0,normal,1,3,20,70,5420
15786,MOB_EU_THIEF_NPC_07770777,Europe (Constantinople),78,11532,0,4874,736,1257,78,78,155,155,2,0,normal,1,3,20,70,5421
15787,MOB_EU_THIEF_NPC_07780778,Europe (Constantinople),78,11532,0,4874,736,1257,78,78,155,155,2,0,normal,1,3,20,70,5422
15788,MOB_EU_THIEF_NPC_07790579,Europe (Constantinople),78,11532,0,4874,736,1257,78,78,155,155,2,0,normal,1,3,20,70,5423
15789,MOB_EU_THIEF_NPC_07800780,Europe (Constantinople),78,11532,0,4874,736,1257,78,78,155,155,2,0,normal,1,3,20,70,5424
26905,MOB_EVE_STRONG_RM_WINGTRIBE_CLON,Evenement,78,11532,0,4874,645,1429,78,78,155,155,2,7,7,1,3,23,55,13711
22596,MOB_FW_BATTLEGOLEM_078,Forteresse (guerre de forteresse),78,14760359,0,9357458,811,1140,78,78,155,155,2,3,unique_notice,1,3,42,56,12150
22316,MOB_FW_MUJIGI_078,Forteresse (guerre de forteresse),78,11070269,0,7018093,761,1217,78,78,155,155,2,3,unique_notice,1,3,38,143,11870
21476,MOB_FW_TAESE_078,Forteresse (guerre de forteresse),78,19288437,0,9357458,811,1140,78,78,155,155,2,3,unique_notice,1,3,10,34,11030
36156,MOB_GOD_FLAME_ARCHER_A4,Forgotten World (pilliers/uniques),78,23063,0,9747,786,1178,78,78,155,155,2,6,elite/quest,1,3,70,120,17948
36164,MOB_GOD_FLAME_EVIL_A4,Forgotten World (pilliers/uniques),78,30138,0,9747,736,1257,78,78,155,155,2,6,elite/quest,1,3,15,55,17956
36148,MOB_GOD_FLAME_GHOST_A4,Forgotten World (pilliers/uniques),78,23063,0,9747,786,1178,78,78,155,155,2,6,elite/quest,1,3,40,100,17940
8355,MOB_HUNTER_NPC_07710771,AUTRE,78,15069,0,4874,761,1217,78,78,155,155,2,0,normal,1,3,20,60,2888
8356,MOB_HUNTER_NPC_07720772,AUTRE,78,11532,0,4874,786,1178,78,78,155,155,2,0,normal,1,3,20,60,2889
8357,MOB_HUNTER_NPC_07730773,AUTRE,78,13300,0,4874,761,1217,78,78,155,155,2,0,normal,1,3,20,63,2890
8358,MOB_HUNTER_NPC_07740774,AUTRE,78,13300,0,4874,736,1257,78,78,155,155,2,0,normal,1,3,20,70,2891
8359,MOB_HUNTER_NPC_07750775,AUTRE,78,11532,0,4874,761,1217,78,78,155,155,2,0,normal,1,3,20,89,2892
8361,MOB_HUNTER_NPC_07770777,AUTRE,78,15069,0,4874,761,1217,78,78,155,155,2,0,normal,1,3,20,60,2894
8362,MOB_HUNTER_NPC_07780778,AUTRE,78,11532,0,4874,736,1257,78,78,155,155,2,0,normal,1,3,20,63,2895
8363,MOB_HUNTER_NPC_07790779,AUTRE,78,13300,0,4874,761,1217,78,78,155,155,2,0,normal,1,3,20,70,2896
8364,MOB_HUNTER_NPC_07800780,AUTRE,78,11532,0,4874,786,1178,78,16777294,155,155,2,0,normal,1,3,20,89,2897
3868,MOB_RM_WINGTRIBE_CLON,"Rock Mountain / nord Alexandrie (Shaitan, Roc)",78,11532,0,4874,761,1217,78,78,155,155,2,0,normal,1,3,23,55,1678
3000,MOB_THIEF_NPC_05790779,Evenement caravan/thief,78,13300,0,4874,761,1217,78,78,155,155,2,0,normal,1,3,20,70,1017
2992,MOB_THIEF_NPC_07710771,Evenement caravan/thief,78,15069,0,4874,761,1217,78,78,155,155,2,0,normal,1,3,20,60,1009
2993,MOB_THIEF_NPC_07720772,Evenement caravan/thief,78,11532,0,4874,786,1178,78,78,155,155,2,0,normal,1,3,20,60,1010
2994,MOB_THIEF_NPC_07730773,Evenement caravan/thief,78,13300,0,4874,761,1217,78,78,155,155,2,0,normal,1,3,20,63,1011
2995,MOB_THIEF_NPC_07740774,Evenement caravan/thief,78,13300,0,4874,736,1257,78,78,155,155,2,0,normal,1,3,20,70,1012
2996,MOB_THIEF_NPC_07750775,Evenement caravan/thief,78,11532,0,4874,761,1217,78,78,155,155,2,0,normal,1,3,20,89,1013
2997,MOB_THIEF_NPC_07760776,Evenement caravan/thief,78,15069,0,4874,786,1178,78,78,155,155,2,0,normal,1,3,20,60,1014
2998,MOB_THIEF_NPC_07770777,Evenement caravan/thief,78,15069,0,4874,761,1217,78,78,155,155,2,0,normal,1,3,20,316,1015
2999,MOB_THIEF_NPC_07780778,Evenement caravan/thief,78,11532,0,4874,736,1257,78,78,155,155,2,0,normal,1,3,20,63,1016
3001,MOB_THIEF_NPC_07800780,Evenement caravan/thief,78,11532,0,4874,786,1178,78,78,155,155,2,0,normal,1,3,20,89,1018
3808,MOB_TK_BONEMAGE,Désert de Taklamakan (Yarkan),78,11532,0,4874,736,1257,78,78,155,155,2,0,normal,1,3,50,75,1659
24090,MOV_EV_PENGUIN_B_078,AUTRE,78,27124,0,19496,763,1220,78,78,155,155,2,0,normal,1,0,50,75,13365
17190,MOB_EU_HUNTER_NPC_07810781,Europe (Constantinople),79,11903,0,5020,811,1217,79,79,156,156,2,0,normal,1,3,20,76,6825
17191,MOB_EU_HUNTER_NPC_07820782,Europe (Constantinople),79,13730,0,5020,811,1217,79,79,156,156,2,0,normal,1,3,20,76,6826
17192,MOB_EU_HUNTER_NPC_07830783,Europe (Constantinople),79,13730,0,5020,811,1217,79,79,156,156,2,0,normal,1,3,20,76,6827
17193,MOB_EU_HUNTER_NPC_07840784,Europe (Constantinople),79,11903,0,5020,786,1257,79,79,156,156,2,0,normal,1,3,20,90,6828
17194,MOB_EU_HUNTER_NPC_07850785,Europe (Constantinople),79,11903,0,5020,786,1257,79,79,156,156,2,0,normal,1,3,20,63,6829
17195,MOB_EU_HUNTER_NPC_07860786,Europe (Constantinople),79,11903,0,5020,761,1298,79,79,156,156,2,0,normal,1,3,20,70,6830
17196,MOB_EU_HUNTER_NPC_07870787,Europe (Constantinople),79,11903,0,5020,761,1298,79,79,156,156,2,0,normal,1,3,20,70,6831
17197,MOB_EU_HUNTER_NPC_07880788,Europe (Constantinople),79,11903,0,5020,761,1298,79,79,156,156,2,0,normal,1,3,20,70,6832
17198,MOB_EU_HUNTER_NPC_07890789,Europe (Constantinople),79,11903,0,5020,761,1298,79,16777295,156,156,2,0,normal,1,3,20,70,6833
17199,MOB_EU_HUNTER_NPC_07900790,Europe (Constantinople),79,11903,0,5020,761,1298,79,79,156,156,2,0,normal,1,3,20,70,6834
15790,MOB_EU_THIEF_NPC_07810781,Europe (Constantinople),79,13730,0,5020,811,1217,79,79,156,156,2,0,normal,1,3,20,76,5425
15791,MOB_EU_THIEF_NPC_07820782,Europe (Constantinople),79,13730,0,5020,811,1217,79,79,156,156,2,0,normal,1,3,20,76,5426
15792,MOB_EU_THIEF_NPC_07830783,Europe (Constantinople),79,13730,0,5020,811,1217,79,79,156,156,2,0,normal,1,3,20,76,5427
15793,MOB_EU_THIEF_NPC_07840784,Europe (Constantinople),79,11903,0,5020,786,1257,79,79,156,156,2,0,normal,1,3,20,90,5428
15794,MOB_EU_THIEF_NPC_07850785,Europe (Constantinople),79,11903,0,5020,786,1257,79,79,156,156,2,0,normal,1,3,20,63,5429
15795,MOB_EU_THIEF_NPC_07860786,Europe (Constantinople),79,11903,0,5020,761,1298,79,79,156,156,2,0,normal,1,3,20,70,5430
15796,MOB_EU_THIEF_NPC_07870787,Europe (Constantinople),79,11903,0,5020,761,1298,79,79,156,156,2,0,normal,1,3,20,70,5431
15797,MOB_EU_THIEF_NPC_07880788,Europe (Constantinople),79,11903,0,5020,761,1298,79,79,156,156,2,0,normal,1,3,20,70,5432
15798,MOB_EU_THIEF_NPC_07890789,Europe (Constantinople),79,11903,0,5020,761,1298,79,79,156,156,2,0,normal,1,3,20,70,5433
15799,MOB_EU_THIEF_NPC_07900790,Europe (Constantinople),79,11903,0,5020,761,1298,79,79,156,156,2,0,normal,1,3,20,70,5434
26906,MOB_EVE_STRONG_TK_BONEGENERAL_CLON,Evenement,79,11903,0,5020,667,1475,79,79,156,156,2,7,7,1,3,23,75,13712
22597,MOB_FW_BATTLEGOLEM_079,Forteresse (guerre de forteresse),79,15235513,0,9638182,838,1178,79,79,156,156,2,3,unique_notice,1,3,42,56,12151
22177,MOB_FW_HYEONGCHEON_079,Forteresse (guerre de forteresse),79,14935601,0,7228636,786,1257,79,79,156,156,2,3,unique_notice,1,3,23,74,11731
22317,MOB_FW_MUJIGI_079,Forteresse (guerre de forteresse),79,11426635,0,7228636,786,1257,79,79,156,156,2,3,unique_notice,1,3,38,141,11871
21477,MOB_FW_TAESE_079,Forteresse (guerre de forteresse),79,19914135,0,9638182,838,1178,79,79,156,156,2,3,unique_notice,1,3,10,34,11031
36204,MOB_GOD_FLAME_ADJUTANT_A4,Forgotten World (pilliers/uniques),79,4107290,0,1987875,811,1217,79,79,156,156,2,8,unique_silencieux,1,3,20,55,17996
36196,MOB_GOD_FLAME_CAPTAIN_A4,Forgotten World (pilliers/uniques),79,3142325,0,1987875,761,1298,79,79,156,156,2,8,unique_silencieux,1,3,30,100,17988
36330,MOB_GOD_FLAME_COWKING_A4,Forgotten World (pilliers/uniques),79,15235513,0,9638182,811,1217,79,79,156,156,2,3,unique_notice,1,3,50,120,18122
36180,MOB_GOD_FLAME_CRAZY_A4,Forgotten World (pilliers/uniques),79,31116,0,10040,786,1257,79,79,156,156,2,6,elite/quest,1,3,20,55,17972
36212,MOB_GOD_FLAME_ENVY_A4,Forgotten World (pilliers/uniques),79,35708,0,20080,786,1257,79,79,156,156,2,6,elite/quest,1,3,23,100,18004
36172,MOB_GOD_FLAME_GIGANTIC_A4,Forgotten World (pilliers/uniques),79,31116,0,10040,811,1217,79,79,156,156,2,6,elite/quest,1,3,20,55,17964
36188,MOB_GOD_FLAME_WITCH_A4,Forgotten World (pilliers/uniques),79,23805,0,10040,761,1298,79,79,156,156,2,6,elite/quest,1,3,50,120,17980
8365,MOB_HUNTER_NPC_07810781,AUTRE,79,11903,0,5020,786,1257,79,79,156,156,2,0,normal,1,3,20,60,2898
8365,MOB_HUNTER_NPC_07810781,AUTRE,79,11903,0,5020,786,1257,79,79,156,156,2,0,normal,1,3,20,60,2898
8366,MOB_HUNTER_NPC_07820782,AUTRE,79,15558,0,5020,761,1298,79,79,156,156,2,0,normal,1,3,20,60,2899
8367,MOB_HUNTER_NPC_07830783,AUTRE,79,13730,0,5020,786,1257,79,79,156,156,2,0,normal,1,3,20,63,2900
8368,MOB_HUNTER_NPC_07840784,AUTRE,79,11903,0,5020,811,1217,79,79,156,156,2,0,normal,1,3,20,70,2901
8369,MOB_HUNTER_NPC_07850785,AUTRE,79,11903,0,5020,786,1257,79,79,156,156,2,0,normal,1,3,20,90,2902
8370,MOB_HUNTER_NPC_07860786,AUTRE,79,15558,0,5020,761,1298,79,79,156,156,2,0,normal,1,3,20,60,2903
8371,MOB_HUNTER_NPC_07870787,AUTRE,79,11903,0,5020,786,1257,79,79,156,156,2,0,normal,1,3,20,60,2904
8372,MOB_HUNTER_NPC_07880788,AUTRE,79,13730,0,5020,811,1217,79,79,156,156,2,0,normal,1,3,20,63,2905
8373,MOB_HUNTER_NPC_07890789,AUTRE,79,13730,0,5020,786,1257,79,79,156,156,2,0,normal,1,3,20,70,2906
3002,MOB_THIEF_NPC_07810781,Evenement caravan/thief,79,11903,0,5020,786,1257,79,79,156,156,2,0,normal,1,3,20,60,1019
3003,MOB_THIEF_NPC_07820782,Evenement caravan/thief,79,15558,0,5020,761,1298,79,79,156,156,2,0,normal,1,3,20,60,1020
3004,MOB_THIEF_NPC_07830783,Evenement caravan/thief,79,13730,0,5020,786,1257,79,79,156,156,2,0,normal,1,3,20,63,1021
3005,MOB_THIEF_NPC_07840784,Evenement caravan/thief,79,11903,0,5020,811,1217,79,79,156,156,2,0,normal,1,3,20,70,1022
3006,MOB_THIEF_NPC_07850785,Evenement caravan/thief,79,11903,0,5020,786,1257,79,79,156,156,2,0,normal,1,3,20,90,1023
3008,MOB_THIEF_NPC_07870787,Evenement caravan/thief,79,11903,0,5020,786,1257,79,16777295,156,156,2,0,normal,1,3,20,60,1025
3009,MOB_THIEF_NPC_07880788,Evenement caravan/thief,79,13730,0,5020,811,1217,79,79,156,156,2,0,normal,1,3,20,63,1026
3010,MOB_THIEF_NPC_07890789,Evenement caravan/thief,79,13730,0,5020,786,1257,79,79,156,156,2,0,normal,1,3,20,70,1027
3011,MOB_THIEF_NPC_07900790,Evenement caravan/thief,79,11903,0,5020,761,1298,79,79,156,156,2,0,normal,1,3,20,90,1028
3807,MOB_TK_BONEGENERAL_CLON,Désert de Taklamakan (Yarkan),79,11903,0,6024,811,1217,79,79,156,156,2,0,normal,1,3,23,75,1658
24091,MOV_EV_PENGUIN_B_079,AUTRE,79,28004,0,20080,787,1259,79,79,156,156,2,0,normal,1,0,50,75,13366
17203,MOB_EU_HUNTER_NPA_07940794,Europe (Constantinople),80,12666,0,5170,811,1298,80,80,157,157,2,0,normal,1,3,20,90,6838
17200,MOB_EU_HUNTER_NPC_07910791,Europe (Constantinople),80,12666,0,5170,838,1257,80,80,157,157,2,0,normal,1,3,20,77,6835
17202,MOB_EU_HUNTER_NPC_07930793,Europe (Constantinople),80,14614,0,5170,838,1257,80,80,157,157,2,0,normal,1,3,20,77,6837
17204,MOB_EU_HUNTER_NPC_07950795,Europe (Constantinople),80,12666,0,5170,811,1298,80,80,157,157,2,0,normal,1,3,20,63,6839
17205,MOB_EU_HUNTER_NPC_07960796,Europe (Constantinople),80,12666,0,5170,786,1341,80,80,157,157,2,0,normal,1,3,20,70,6840
17206,MOB_EU_HUNTER_NPC_07970797,Europe (Constantinople),80,12666,0,5170,786,1341,80,80,157,157,2,0,normal,1,3,20,70,6841
17207,MOB_EU_HUNTER_NPC_07980798,Europe (Constantinople),80,12666,0,5170,786,1341,80,80,157,157,2,0,normal,1,3,20,70,6842
17208,MOB_EU_HUNTER_NPC_07990799,Europe (Constantinople),80,12666,0,5170,786,1341,80,80,157,157,2,0,normal,1,3,20,70,6843
17209,MOB_EU_HUNTER_NPC_08000800,Europe (Constantinople),80,12666,0,5170,786,1341,80,80,157,157,2,0,normal,1,3,20,70,6844
15800,MOB_EU_THIEF_NPC_07910791,Europe (Constantinople),80,14614,0,5170,838,1257,80,80,157,157,2,0,normal,1,3,20,77,5435
15801,MOB_EU_THIEF_NPC_07920792,Europe (Constantinople),80,14614,0,5170,838,1257,80,80,157,157,2,0,normal,1,3,20,77,5436
15802,MOB_EU_THIEF_NPC_07930793,Europe (Constantinople),80,14614,0,5170,838,1257,80,80,157,157,2,0,normal,1,3,20,333,5437
15803,MOB_EU_THIEF_NPC_07940794,Europe (Constantinople),80,12666,0,5170,811,1298,80,80,157,157,2,0,normal,1,3,20,90,5438
15805,MOB_EU_THIEF_NPC_07960796,Europe (Constantinople),80,12666,0,5170,786,1341,80,80,157,157,2,0,normal,1,3,20,70,5440
15806,MOB_EU_THIEF_NPC_07970797,Europe (Constantinople),80,12666,0,5170,786,1341,80,16777296,157,157,2,0,normal,1,3,20,70,5441
15807,MOB_EU_THIEF_NPC_07980798,Europe (Constantinople),80,12666,0,5170,786,1341,80,80,157,157,2,0,normal,1,3,20,70,5442
15808,MOB_EU_THIEF_NPC_07990799,Europe (Constantinople),80,12666,0,5170,786,1341,80,80,157,157,2,0,normal,1,3,20,70,5443
15809,MOB_EU_THIEF_NPC_08000800,Europe (Constantinople),80,12666,0,5170,786,1341,80,80,157,157,2,0,normal,1,3,20,70,5444
26907,MOB_EVE_STRONG_RM_WINGTRIBE,Evenement,80,12666,0,5170,689,1522,80,80,157,157,2,7,7,1,3,23,55,13713
28825,MOB_EV_WINTER_PRINCESS_80,Evenement,80,24318038,0,9927327,689,1522,80,80,157,157,2,3,unique_notice,1,3,20,120,15599
28817,MOB_EV_WINTER_WHITEKNIGHT_80,Evenement,80,4053006,0,4963664,689,1522,80,80,157,157,2,3,unique_notice,1,3,30,180,15591
22598,MOB_FW_BATTLEGOLEM_080,Forteresse (guerre de forteresse),80,16212025,0,9927327,865,1217,80,80,157,157,2,3,unique_notice,1,3,42,56,12152
22178,MOB_FW_HYEONGCHEON_080,Forteresse (guerre de forteresse),80,15900117,0,7445495,811,1298,80,80,157,157,2,3,unique_notice,1,3,23,74,11732
22318,MOB_FW_MUJIGI_080,Forteresse (guerre de forteresse),80,12159019,0,7445495,811,1298,80,80,157,157,2,3,unique_notice,1,3,38,143,11872
21478,MOB_FW_TAESE_080,Forteresse (guerre de forteresse),80,21200156,0,9927327,865,1217,80,80,157,157,2,3,unique_notice,1,3,10,34,11032
8375,MOB_HUNTER_NPC_07910791,AUTRE,80,16563,0,5170,811,1298,80,80,157,157,2,0,normal,1,3,20,60,2908
8376,MOB_HUNTER_NPC_07920792,AUTRE,80,16563,0,5170,838,1257,80,80,157,157,2,0,normal,1,3,20,60,2909
8377,MOB_HUNTER_NPC_07930793,AUTRE,80,12666,0,5170,811,1298,80,80,157,157,2,0,normal,1,3,20,63,2910
8378,MOB_HUNTER_NPC_07940794,AUTRE,80,14614,0,5170,786,1341,80,80,157,157,2,0,normal,1,3,20,70,2911
8379,MOB_HUNTER_NPC_07950795,AUTRE,80,12666,0,5170,811,1298,80,80,157,157,2,0,normal,1,3,20,90,2912
8380,MOB_HUNTER_NPC_07960796,AUTRE,80,12666,0,5170,838,1257,80,80,157,157,2,0,normal,1,3,20,60,2913
8381,MOB_HUNTER_NPC_07970797,AUTRE,80,16563,0,5170,811,1298,80,80,157,157,2,0,normal,1,3,20,60,2914
8382,MOB_HUNTER_NPC_07980798,AUTRE,80,14614,0,5170,786,1341,80,80,157,157,2,0,normal,1,3,20,63,2915
8383,MOB_HUNTER_NPC_07990799,AUTRE,80,12666,0,5170,811,1298,80,80,157,157,2,0,normal,1,3,20,70,2916
8384,MOB_HUNTER_NPC_08000800,AUTRE,80,12666,0,5170,838,1257,80,80,157,157,2,0,normal,1,3,20,90,2917
23427,MOB_QT_CH_SOLDIEQ_01_2,Tombe de Qin-Shi (clones/quete),80,12666,0,0,811,1298,80,80,157,157,2,1,champion,1,0,40,75,12770
23431,MOB_QT_EU_SOLDIER_01_2,Tombe de Qin-Shi (clones/quete),80,12666,0,0,811,1298,80,80,157,157,2,1,champion,1,0,40,75,12774
3869,MOB_RM_WINGTRIBE,"Rock Mountain / nord Alexandrie (Shaitan, Roc)",80,12666,0,5170,838,1257,80,80,157,157,2,0,normal,1,3,23,55,1679
3017,MOB_THIEF_NPC_05960796,Evenement caravan/thief,80,12666,0,5170,838,1257,80,80,157,157,2,0,normal,1,3,20,60,1034
3012,MOB_THIEF_NPC_07910791,Evenement caravan/thief,80,16563,0,5170,811,1298,80,80,157,157,2,0,normal,1,3,20,60,1029
3013,MOB_THIEF_NPC_07920792,Evenement caravan/thief,80,16563,0,5170,838,1257,80,80,157,157,2,0,normal,1,3,20,60,1030
3014,MOB_THIEF_NPC_07930793,Evenement caravan/thief,80,12666,0,5170,811,1298,80,80,157,157,2,0,normal,1,3,20,63,1031
3015,MOB_THIEF_NPC_07940794,Evenement caravan/thief,80,14614,0,5170,786,1341,80,80,157,157,2,0,normal,1,3,20,326,1032
3016,MOB_THIEF_NPC_07950795,Evenement caravan/thief,80,12666,0,5170,811,1298,80,80,157,157,2,0,normal,1,3,20,90,1033
3018,MOB_THIEF_NPC_07970797,Evenement caravan/thief,80,16563,0,5170,811,1298,80,80,157,157,2,0,normal,1,3,20,60,1035
3019,MOB_THIEF_NPC_07980798,Evenement caravan/thief,80,14614,0,5170,786,1341,80,80,157,157,2,0,normal,1,3,20,63,1036
3020,MOB_THIEF_NPC_07990799,Evenement caravan/thief,80,12666,0,5170,811,1298,80,80,157,157,2,0,normal,1,3,20,70,1037
3021,MOB_THIEF_NPC_08000800,Evenement caravan/thief,80,12666,0,5170,838,1257,80,80,157,157,2,0,normal,1,3,20,90,1038
3809,MOB_TK_BONEGENERAL,Désert de Taklamakan (Yarkan),80,14614,0,6205,838,1257,80,80,157,157,2,0,normal,1,3,23,75,1660
3810,MOB_TK_BONELORD,Désert de Taklamakan (Yarkan),80,9353045,0,4963664,559,1047,80,80,157,157,2,3,unique_notice,1,3,30,75,1661
7561,MOB_TK_BONELORD_L2,Désert de Taklamakan (Yarkan),80,93530455,0,19854654,559,1047,80,80,157,157,2,3,unique_notice,1,3,41,101,2109
7562,MOB_TK_BONELORD_L3,Désert de Taklamakan (Yarkan),80,28059136,0,9927327,559,1047,80,80,157,157,2,3,unique_notice,1,3,51,128,2110
3934,MOB_TK_STRONG_BONEGENERAL,Désert de Taklamakan (Yarkan),80,438424,0,108580,838,1257,80,80,157,157,2,0,normal,1,0,23,75,1710
24092,MOV_EV_PENGUIN_B_080,AUTRE,80,28908,0,20680,812,1300,80,80,157,157,2,0,normal,1,0,50,75,13367
8392,MMB_HUNTER_NPC_08080808,AUTRE,81,13068,0,5326,865,1298,81,81,158,158,2,0,normal,1,3,20,64,2925
17210,MOB_EU_HUNTER_NPC_08010801,Europe (Constantinople),81,13068,0,5326,865,1298,81,81,158,158,2,0,normal,1,3,20,77,6845
17211,MOB_EU_HUNTER_NPC_08020802,Europe (Constantinople),81,15080,0,5326,865,1298,81,81,158,158,2,0,normal,1,3,20,77,6846
17212,MOB_EU_HUNTER_NPC_08030803,Europe (Constantinople),81,15080,0,5326,865,1298,81,81,158,158,2,0,normal,1,3,20,77,6847
17213,MOB_EU_HUNTER_NPC_08040804,Europe (Constantinople),81,13068,0,5326,838,1341,81,81,158,158,2,0,normal,1,3,20,91,6848
17214,MOB_EU_HUNTER_NPC_08050805,Europe (Constantinople),81,13068,0,5326,838,1341,81,81,158,158,2,0,normal,1,3,20,64,6849
17215,MOB_EU_HUNTER_NPC_08060806,Europe (Constantinople),81,13068,0,5326,811,1384,81,81,158,158,2,0,normal,1,3,20,70,6850
17216,MOB_EU_HUNTER_NPC_08070807,Europe (Constantinople),81,13068,0,5326,811,1384,81,81,158,158,2,0,normal,1,3,20,70,6851
17217,MOB_EU_HUNTER_NPC_08080808,Europe (Constantinople),81,13068,0,5326,811,1384,81,81,158,158,2,0,normal,1,3,20,70,6852
17218,MOB_EU_HUNTER_NPC_08090809,Europe (Constantinople),81,13068,0,5326,811,1384,81,81,158,158,2,0,normal,1,3,20,70,6853
17219,MOB_EU_HUNTER_NPC_08100810,Europe (Constantinople),81,13068,0,5326,811,1384,81,81,158,158,2,0,normal,1,3,20,70,6854
15810,MOB_EU_THIEF_NPC_08010801,Europe (Constantinople),81,15080,0,5326,865,1298,81,81,158,158,2,0,normal,1,3,20,77,5445
15811,MOB_EU_THIEF_NPC_08020802,Europe (Constantinople),81,15080,0,5326,865,1298,81,81,158,158,2,0,normal,1,3,20,77,5446
15812,MOB_EU_THIEF_NPC_08030803,Europe (Constantinople),81,15080,0,5326,865,1298,81,81,158,158,2,0,normal,1,3,20,77,5447
15813,MOB_EU_THIEF_NPC_08040804,Europe (Constantinople),81,13068,0,5326,838,1341,81,81,158,158,2,0,normal,1,3,20,91,5448
15814,MOB_EU_THIEF_NPC_08050805,Europe (Constantinople),81,13068,0,5326,838,1341,81,81,158,158,2,0,normal,1,3,20,64,5449
15815,MOB_EU_THIEF_NPC_08060806,Europe (Constantinople),81,13068,0,5326,811,1384,81,81,158,158,2,0,normal,1,3,20,70,5450
15816,MOB_EU_THIEF_NPC_08070807,Europe (Constantinople),81,13068,0,5326,811,1384,81,81,158,158,2,0,normal,1,3,20,70,5451
15817,MOB_EU_THIEF_NPC_08080808,Europe (Constantinople),81,13068,0,5326,811,1384,81,81,158,158,2,0,normal,1,3,20,70,5452
15818,MOB_EU_THIEF_NPC_08090809,Europe (Constantinople),81,13068,0,5326,811,1384,81,81,158,158,2,0,normal,1,3,20,70,5453
15819,MOB_EU_THIEF_NPC_08101810,Europe (Constantinople),81,13068,0,5326,811,1384,81,81,158,158,2,0,normal,1,3,20,70,5454
26908,MOB_EVE_STRONG_TQ_TOMBSOLDIER_CLON1,Evenement,81,17093,0,5326,712,1570,81,81,158,158,2,7,7,1,3,20,55,13714
22599,MOB_FW_BATTLEGOLEM_081,Forteresse (guerre de forteresse),81,16727154,0,10225147,893,1257,81,81,158,158,2,3,unique_notice,1,3,42,56,12153
22179,MOB_FW_HYEONGCHEON_081,Forteresse (guerre de forteresse),81,16409007,0,7668860,838,1341,81,81,158,158,2,3,unique_notice,1,3,23,74,11733
22319,MOB_FW_MUJIGI_081,Forteresse (guerre de forteresse),81,12545365,0,7668860,838,1341,81,16777297,158,158,2,3,unique_notice,1,3,38,143,11873
21479,MOB_FW_TAESE_081,Forteresse (guerre de forteresse),81,21878677,0,10225147,893,1257,81,16777297,158,158,2,3,unique_notice,1,3,10,34,11033
36141,MOB_GOD_FLAME_GIANT_B1,Forgotten World (pilliers/uniques),81,17093,0,5326,865,1298,81,16777297,158,158,2,0,normal,1,3,20,55,17933
36133,MOB_GOD_FLAME_SALAMANDER_B1,Forgotten World (pilliers/uniques),81,13068,0,5326,811,1384,81,81,158,158,2,0,normal,1,3,63,115,17925
36221,MOB_GOD_FLAME_TREASUREBOX_B1,Forgotten World (pilliers/uniques),81,17093,0,5326,838,1341,81,81,158,158,2,0,normal,1,3,0,0,18013
36038,MOB_GOD_PILLAR_FLAME_81_90,Forgotten World (pilliers/uniques),81,26136,0,5326,838,1341,81,81,158,158,2,0,normal,1,3,0,0,17830
8385,MOB_HUNTER_NPC_08010801,AUTRE,81,15080,0,5326,838,1341,81,81,158,158,2,0,normal,1,3,20,60,2918
8386,MOB_HUNTER_NPC_08020802,AUTRE,81,13068,0,5326,811,1384,81,81,158,158,2,0,normal,1,3,20,60,2919
8387,MOB_HUNTER_NPC_08030803,AUTRE,81,15080,0,5326,838,1341,81,81,158,158,2,0,normal,1,3,20,64,2920
8388,MOB_HUNTER_NPC_08040804,AUTRE,81,15080,0,5326,865,1298,81,16777297,158,158,2,0,normal,1,3,20,70,2921
8389,MOB_HUNTER_NPC_08050805,AUTRE,81,13068,0,5326,838,1341,81,81,158,158,2,0,normal,1,3,20,91,2922
8390,MOB_HUNTER_NPC_08060806,AUTRE,81,15080,0,5326,811,1384,81,81,158,158,2,0,normal,1,3,20,60,2923
8391,MOB_HUNTER_NPC_08070807,AUTRE,81,15080,0,5326,838,1341,81,81,158,158,2,0,normal,1,3,20,60,2924
8393,MOB_HUNTER_NPC_08090809,AUTRE,81,15080,0,5326,838,1341,81,81,158,158,2,0,normal,1,3,20,70,2926
8394,MOB_HUNTER_NPC_08100810,AUTRE,81,13068,0,5326,811,1384,81,81,158,158,2,0,normal,1,3,20,91,2927
3022,MOB_THIEF_NPC_08010801,Evenement caravan/thief,81,15080,0,5326,838,1341,81,81,158,158,2,0,normal,1,3,20,60,1039
3023,MOB_THIEF_NPC_08020802,Evenement caravan/thief,81,13068,0,5326,811,1384,81,81,158,158,2,0,normal,1,3,20,60,1040
3025,MOB_THIEF_NPC_08040804,Evenement caravan/thief,81,15080,0,5326,865,1298,81,81,158,158,2,0,normal,1,3,20,70,1042
3026,MOB_THIEF_NPC_08050805,Evenement caravan/thief,81,13068,0,5326,838,1341,81,81,158,158,2,0,normal,1,3,20,91,1043
3027,MOB_THIEF_NPC_08060806,Evenement caravan/thief,81,15080,0,5326,811,1384,81,81,158,158,2,0,normal,1,3,20,60,1044
3028,MOB_THIEF_NPC_08070807,Evenement caravan/thief,81,15080,0,5326,838,1341,81,81,158,158,2,0,normal,1,3,20,60,1045
3029,MOB_THIEF_NPC_08080808,Evenement caravan/thief,81,13068,0,5326,865,1298,81,81,158,158,2,0,normal,1,3,20,64,1046
3030,MOB_THIEF_NPC_08090809,Evenement caravan/thief,81,15080,0,5326,838,1341,81,81,158,158,2,0,normal,1,3,20,70,1047
3031,MOB_THIEF_NPC_08100810,Evenement caravan/thief,81,13068,0,5326,811,1384,81,81,158,158,2,0,normal,1,3,20,347,1048
14950,MOB_TQ_QINSHITOMBSTONE_CLON2,Tombe de Qin-Shi / FGW (101-110),81,17093,0,5326,811,1384,81,81,158,158,2,0,normal,1,3,35,55,4585
14949,MOB_TQ_TOMBSOLDIER_CLON2,Tombe de Qin-Shi / FGW (101-110),81,17093,0,5326,865,1298,81,81,158,158,2,0,normal,1,3,20,55,4584
24093,MOV_EV_KANGAROO_B_081,AUTRE,81,29838,0,21304,838,1341,81,81,158,158,2,0,normal,1,0,50,75,13368
17220,MOB_EU_HUNTER_NPC_08110811,Europe (Constantinople),82,13482,0,5485,893,1341,82,82,159,159,2,0,normal,1,3,20,77,6855
17221,MOB_EU_HUNTER_NPC_08120812,Europe (Constantinople),82,15559,0,5485,893,1341,82,82,159,159,2,0,normal,1,3,20,77,6856
17222,MOB_EU_HUNTER_NPC_08130813,Europe (Constantinople),82,15559,0,5485,893,1341,82,16777298,159,159,2,0,normal,1,3,20,77,6857
17223,MOB_EU_HUNTER_NPC_08140814,Europe (Constantinople),82,13482,0,5485,865,1384,82,82,159,159,2,0,normal,1,3,20,91,6858
17224,MOB_EU_HUNTER_NPC_08150815,Europe (Constantinople),82,13482,0,5485,865,1384,82,82,159,159,2,0,normal,1,3,20,64,6859
17225,MOB_EU_HUNTER_NPC_08160816,Europe (Constantinople),82,13482,0,5485,838,1429,82,82,159,159,2,0,normal,1,3,20,71,6860
17226,MOB_EU_HUNTER_NPC_08170817,Europe (Constantinople),82,13482,0,5485,838,1429,82,82,159,159,2,0,normal,1,3,20,71,6861
17227,MOB_EU_HUNTER_NPC_08180818,Europe (Constantinople),82,13482,0,5485,838,1429,82,82,159,159,2,0,normal,1,3,20,71,6862
17228,MOB_EU_HUNTER_NPC_08190819,Europe (Constantinople),82,13482,0,5485,838,1429,82,82,159,159,2,0,normal,1,3,20,71,6863
17229,MOB_EU_HUNTER_NPC_08200820,Europe (Constantinople),82,13482,0,5485,838,1429,82,82,159,159,2,0,normal,1,3,20,71,6864
15820,MOB_EU_THIEF_NPC_08110811,Europe (Constantinople),82,15559,0,5485,893,1341,82,82,159,159,2,0,normal,1,3,20,77,5455
15821,MOB_EU_THIEF_NPC_08120812,Europe (Constantinople),82,15559,0,5485,893,1341,82,82,159,159,2,0,normal,1,3,20,77,5456
15822,MOB_EU_THIEF_NPC_08130813,Europe (Constantinople),82,15559,0,5485,893,1341,82,82,159,159,2,0,normal,1,3,20,77,5457
15823,MOB_EU_THIEF_NPC_08140814,Europe (Constantinople),82,13482,0,5485,865,1384,82,82,159,159,2,0,normal,1,3,20,91,5458
15824,MOB_EU_THIEF_NPC_08150815,Europe (Constantinople),82,13482,0,5485,865,1384,82,82,159,159,2,0,normal,1,3,20,64,5459
15825,MOB_EU_THIEF_NPC_08160816,Europe (Constantinople),82,13482,0,5485,838,1429,82,82,159,159,2,0,normal,1,3,20,71,5460
15826,MOB_EU_THIEF_NPC_08170817,Europe (Constantinople),82,13482,0,5485,838,1429,82,82,159,159,2,0,normal,1,3,20,71,5461
15827,MOB_EU_THIEF_NPC_08180818,Europe (Constantinople),82,13482,0,5485,838,1429,82,82,159,159,2,0,normal,1,3,20,71,5462
15828,MOB_EU_THIEF_NPC_08190819,Europe (Constantinople),82,13482,0,5485,838,1429,82,82,159,159,2,0,normal,1,3,20,71,5463
15829,MOB_EU_THIEF_NPC_08200820,Europe (Constantinople),82,13482,0,5485,838,1429,82,82,159,159,2,0,normal,1,3,20,71,5464
26909,MOB_EVE_STRONG_RM_ANTELOPE_CLON,Evenement,82,13482,0,5485,736,1620,82,82,159,159,2,7,7,1,3,23,100,13715
22600,MOB_FW_BATTLEGOLEM_082,Forteresse (guerre de forteresse),82,17256402,0,10531901,922,1298,82,82,159,159,2,3,unique_notice,1,3,42,56,12154
22180,MOB_FW_HYEONGCHEON_082,Forteresse (guerre de forteresse),82,16931893,0,7898926,865,1384,82,82,159,159,2,3,unique_notice,1,3,23,74,11734
22320,MOB_FW_MUJIGI_082,Forteresse (guerre de forteresse),82,12942302,0,7898926,865,1384,82,82,159,159,2,3,unique_notice,1,3,38,143,11874
21480,MOB_FW_TAESE_082,Forteresse (guerre de forteresse),82,22575858,0,10531901,922,1298,82,82,159,159,2,3,unique_notice,1,3,10,34,11034
36157,MOB_GOD_FLAME_ARCHER_B1,Forgotten World (pilliers/uniques),82,13482,0,5485,893,1341,82,82,159,159,2,0,normal,1,3,70,120,17949
36165,MOB_GOD_FLAME_EVIL_B1,Forgotten World (pilliers/uniques),82,17637,0,5485,838,1429,82,16777298,159,159,2,0,normal,1,3,15,55,17957
36149,MOB_GOD_FLAME_GHOST_B1,Forgotten World (pilliers/uniques),82,13482,0,5485,893,1341,82,82,159,159,2,0,normal,1,3,40,100,17941
8395,MOB_HUNTER_NPC_08110811,AUTRE,82,13482,0,5485,865,1384,82,82,159,159,2,0,normal,1,3,20,60,2928
8396,MOB_HUNTER_NPC_08120812,AUTRE,82,15559,0,5485,893,1341,82,82,159,159,2,0,normal,1,3,20,60,2929
8397,MOB_HUNTER_NPC_08130813,AUTRE,82,15559,0,5485,865,1384,82,82,159,159,2,0,normal,1,3,20,64,2930
8397,MOB_HUNTER_NPC_08130813,AUTRE,82,15559,0,5485,865,1384,82,82,159,159,2,0,normal,1,3,20,64,2930
8398,MOB_HUNTER_NPC_08140814,AUTRE,82,13482,0,5485,838,1429,82,82,159,159,2,0,normal,1,3,20,71,2931
8399,MOB_HUNTER_NPC_08150815,AUTRE,82,13482,0,5485,865,1384,82,82,159,159,2,0,normal,1,3,20,91,2932
8400,MOB_HUNTER_NPC_08160816,AUTRE,82,15559,0,5485,893,1341,82,82,159,159,2,0,normal,1,3,20,60,2933
8401,MOB_HUNTER_NPC_08170817,AUTRE,82,13482,0,5485,865,1384,82,82,159,159,2,0,normal,1,3,20,60,2934
8402,MOB_HUNTER_NPC_08180818,AUTRE,82,15559,0,5485,838,1429,82,82,159,159,2,0,normal,1,3,20,64,2935
8403,MOB_HUNTER_NPC_08190819,AUTRE,82,15559,0,5485,865,1384,82,82,159,159,2,0,normal,1,3,20,71,2936
8404,MOB_HUNTER_NPC_08200820,AUTRE,82,13482,0,5485,893,1341,82,82,159,159,2,0,normal,1,3,20,91,2937
3870,MOB_RM_ANTELOPE_CLON,"Rock Mountain / nord Alexandrie (Shaitan, Roc)",82,13482,0,5485,865,1384,82,82,159,159,2,0,normal,1,3,23,100,1680
3032,MOB_THIEF_NPC_08110811,Evenement caravan/thief,82,13482,0,5485,865,1384,82,16777298,159,159,2,0,normal,1,3,20,60,1049
3034,MOB_THIEF_NPC_08130813,Evenement caravan/thief,82,15559,0,5485,865,1384,82,82,159,159,2,0,normal,1,3,20,64,1051
3035,MOB_THIEF_NPC_08140814,Evenement caravan/thief,82,13482,0,5485,838,1429,82,82,159,159,2,0,normal,1,3,20,71,1052
3036,MOB_THIEF_NPC_08150815,Evenement caravan/thief,82,13482,0,5485,865,1384,82,82,159,159,2,0,normal,1,3,20,91,1053
3037,MOB_THIEF_NPC_08160816,Evenement caravan/thief,82,15559,0,5485,893,1341,82,82,159,159,2,0,normal,1,3,20,60,1054
3038,MOB_THIEF_NPC_08170817,Evenement caravan/thief,82,13482,0,5485,865,1384,82,82,159,159,2,0,normal,1,3,20,60,1055
3039,MOB_THIEF_NPC_08180818,Evenement caravan/thief,82,15559,0,5485,838,1429,82,82,159,159,2,0,normal,1,3,20,64,1056
3041,MOB_THIEF_NPC_08200820,Evenement caravan/thief,82,13482,0,5485,893,1341,82,82,159,159,2,0,normal,1,3,20,91,1058
3033,MOB_THIEF_NPC_09120812,Evenement caravan/thief,82,15559,0,5485,893,1341,82,82,159,159,2,0,normal,1,3,20,60,1050
14951,MOB_TQ_TOMBSOLDIER_CLON,Tombe de Qin-Shi / FGW (101-110),82,17637,0,5485,893,1341,82,82,159,159,2,0,normal,1,3,20,55,4586
24094,MOV_EV_KANGAROO_B_082,AUTRE,82,30792,0,21940,864,1383,82,82,159,159,2,0,normal,1,0,50,75,13369
17234,MOB_EU_HUNTER_NPC,Europe (Constantinople),83,13906,0,5650,893,1429,83,83,160,160,2,0,normal,1,3,20,64,6869
17230,MOB_EU_HUNTER_NPC_08210821,Europe (Constantinople),83,13906,0,5650,922,1384,83,83,160,160,2,0,normal,1,3,20,78,6865
17231,MOB_EU_HUNTER_NPC_08220822,Europe (Constantinople),83,16052,0,5650,922,1384,83,83,160,160,2,0,normal,1,3,20,78,6866
17233,MOB_EU_HUNTER_NPC_08240824,Europe (Constantinople),83,13906,0,5650,893,1429,83,83,160,160,2,0,normal,1,3,20,92,6868
17235,MOB_EU_HUNTER_NPC_08260826,Europe (Constantinople),83,13906,0,5650,865,1475,83,83,160,160,2,0,normal,1,3,20,71,6870
17236,MOB_EU_HUNTER_NPC_08270827,Europe (Constantinople),83,13906,0,5650,865,1475,83,83,160,160,2,0,normal,1,3,20,71,6871
17237,MOB_EU_HUNTER_NPC_08280828,Europe (Constantinople),83,13906,0,5650,865,1475,83,83,160,160,2,0,normal,1,3,20,71,6872
17238,MOB_EU_HUNTER_NPC_08290829,Europe (Constantinople),83,13906,0,5650,865,1475,83,83,160,160,2,0,normal,1,3,20,71,6873
17239,MOB_EU_HUNTER_NPC_08300830,Europe (Constantinople),83,13906,0,5650,865,1475,83,83,160,160,2,0,normal,1,3,20,71,6874
15830,MOB_EU_THIEF_NPC_08210821,Europe (Constantinople),83,16052,0,5650,922,1384,83,16777299,160,160,2,0,normal,1,3,20,78,5465
15831,MOB_EU_THIEF_NPC_08220822,Europe (Constantinople),83,16052,0,5650,922,1384,83,83,160,160,2,0,normal,1,3,20,78,5466
15832,MOB_EU_THIEF_NPC_08230823,Europe (Constantinople),83,16052,0,5650,922,1384,83,83,160,160,2,0,normal,1,3,20,78,5467
15833,MOB_EU_THIEF_NPC_08240824,Europe (Constantinople),83,13906,0,5650,893,1429,83,83,160,160,2,0,normal,1,3,20,348,5468
15834,MOB_EU_THIEF_NPC_08250825,Europe (Constantinople),83,13906,0,5650,893,1429,83,83,160,160,2,0,normal,1,3,20,64,5469
15836,MOB_EU_THIEF_NPC_08270827,Europe (Constantinople),83,13906,0,5650,865,1475,83,83,160,160,2,0,normal,1,3,20,71,5471
15837,MOB_EU_THIEF_NPC_08280828,Europe (Constantinople),83,13906,0,5650,865,1475,83,83,160,160,2,0,normal,1,3,20,71,5472
15838,MOB_EU_THIEF_NPC_08290829,Europe (Constantinople),83,13906,0,5650,865,1475,83,83,160,160,2,0,normal,1,3,20,71,5473
15839,MOB_EU_THIEF_NPC_08300830,Europe (Constantinople),83,13906,0,5650,865,1475,83,83,160,160,2,0,normal,1,3,20,71,5474
26910,MOB_EVE,AUTRE,83,18197,0,5650,761,1672,83,16777299,160,160,2,7,7,1,3,35,55,13716
22601,MOB_FW_BATTLEGOLEM_083,Forteresse (guerre de forteresse),83,17800130,0,10847858,951,1341,83,83,160,160,2,3,unique_notice,1,3,42,56,12155
22181,MOB_FW_HYEONGCHEON_083,Forteresse (guerre de forteresse),83,17469131,0,8135894,893,1429,83,83,160,160,2,3,unique_notice,1,3,23,74,11735
22321,MOB_FW_MUJIGI_083,Forteresse (guerre de forteresse),83,13350098,0,8135894,893,1429,83,83,160,160,2,3,unique_notice,1,3,38,143,11875
21481,MOB_FW_TAESE_083,Forteresse (guerre de forteresse),83,23292174,0,10847858,951,1341,83,83,160,160,2,3,unique_notice,1,3,10,34,11035
36205,MOB_GOD_FLAME_ADJUTANT_B1,Forgotten World (pilliers/uniques),83,873457,0,406795,922,1384,83,83,160,160,2,8,unique_silencieux,1,3,20,55,17997
36197,MOB_GOD_FLAME_CAPTAIN_B1,Forgotten World (pilliers/uniques),83,667505,0,406795,865,1475,83,83,160,160,2,8,unique_silencieux,1,3,30,100,17989
36331,MOB_GOD_FLAME_COWKING_B1,Forgotten World (pilliers/uniques),83,6675049,0,4067947,922,1384,83,83,160,160,2,3,unique_notice,1,3,50,120,18123
36181,MOB_GOD_FLAME_CRAZY_B1,Forgotten World (pilliers/uniques),83,18197,0,5650,893,1429,83,83,160,160,2,0,normal,1,3,20,55,17973
36213,MOB_GOD_FLAME_ENVY_B1,Forgotten World (pilliers/uniques),83,13906,0,8475,893,1429,83,16777299,160,160,2,1,champion,1,3,23,100,18005
36173,MOB_GOD_FLAME_GIGANTIC_B1,Forgotten World (pilliers/uniques),83,18197,0,5650,922,1384,83,83,160,160,2,0,normal,1,3,20,55,17965
36189,MOB_GOD_FLAME_WITCH_B1,Forgotten World (pilliers/uniques),83,13906,0,5650,865,1475,83,16777299,160,160,2,0,normal,1,3,50,120,17981
8405,MOB_HUNTER_NPC_08210821,AUTRE,83,16052,0,5650,893,1429,83,83,160,160,2,0,normal,1,3,20,60,2938
8407,MOB_HUNTER_NPC_08230823,AUTRE,83,13906,0,5650,893,1429,83,83,160,160,2,0,normal,1,3,20,64,2940
8408,MOB_HUNTER_NPC_08240824,AUTRE,83,16052,0,5650,922,1384,83,83,160,160,2,0,normal,1,3,20,71,2941
8409,MOB_HUNTER_NPC_08250825,AUTRE,83,13906,0,5650,893,1429,83,83,160,160,2,0,normal,1,3,20,92,2942
8410,MOB_HUNTER_NPC_08260826,AUTRE,83,13906,0,5650,865,1475,83,83,160,160,2,0,normal,1,3,20,60,2943
8411,MOB_HUNTER_NPC_08270827,AUTRE,83,16052,0,5650,893,1429,83,83,160,160,2,0,normal,1,3,20,60,2944
8412,MOB_HUNTER_NPC_08280828,AUTRE,83,16052,0,5650,922,1384,83,16777299,160,160,2,0,normal,1,3,20,64,2945
8413,MOB_HUNTER_NPC_08290829,AUTRE,83,13906,0,5650,893,1429,83,83,160,160,2,0,normal,1,3,20,71,2946
8414,MOB_HUNTER_NPC_08300830,AUTRE,83,13906,0,5650,865,1475,83,83,160,160,2,0,normal,1,3,20,92,2947
3871,MOB_RM_ANTELOPE,"Rock Mountain / nord Alexandrie (Shaitan, Roc)",83,13906,0,5650,922,1384,83,83,160,160,2,0,normal,1,3,23,100,1681
6104,MOB_RM_QTRONG_ANTELOPE,"Rock Mountain / nord Alexandrie (Shaitan, Roc)",83,417191,0,118648,922,1384,83,83,160,160,2,0,normal,1,0,23,100,1904
3042,MOB_THIEF_NPC_08210821,Evenement caravan/thief,83,16052,0,5650,893,1429,83,83,160,160,2,0,normal,1,3,20,60,1059
3043,MOB_THIEF_NPC_08220822,Evenement caravan/thief,83,16052,0,5650,865,1475,83,83,160,160,2,0,normal,1,3,20,60,1060
3044,MOB_THIEF_NPC_08230823,Evenement caravan/thief,83,13906,0,5650,893,1429,83,83,160,160,2,0,normal,1,3,20,64,1061
3045,MOB_THIEF_NPC_08240824,Evenement caravan/thief,83,16052,0,5650,922,1384,83,83,160,160,2,0,normal,1,3,20,71,1062
3046,MOB_THIEF_NPC_08250825,Evenement caravan/thief,83,13906,0,5650,893,1429,83,83,160,160,2,0,normal,1,3,20,92,1063
3047,MOB_THIEF_NPC_08260826,Evenement caravan/thief,83,13906,0,5650,865,1475,83,83,160,160,2,0,normal,1,3,20,60,1064
3048,MOB_THIEF_NPC_08270827,Evenement caravan/thief,83,16052,0,5650,893,1429,83,83,160,160,2,0,normal,1,3,20,316,1065
3049,MOB_THIEF_NPC_08280828,Evenement caravan/thief,83,16052,0,5650,922,1384,83,83,160,160,2,0,normal,1,3,20,64,1066
3051,MOB_THIEF_NPC_08300830,Evenement caravan/thief,83,13906,0,5650,865,1475,83,83,160,160,2,0,normal,1,3,20,92,1068
3050,MOB_THIEF_NPC_09290829,Evenement caravan/thief,83,13906,0,5650,893,1429,83,83,160,160,2,0,normal,1,3,20,71,1067
14953,MOB_TQ_TOMBSOLDIER,Tombe de Qin-Shi / FGW (101-110),83,18197,0,5932,922,1384,83,83,160,160,2,0,normal,1,3,20,55,4588
24095,MOV_EV_KANGAROO_B_083,AUTRE,83,31774,0,22600,892,1427,83,83,160,160,2,0,normal,1,0,50,75,13370
8424,MMB_HUNTER_NPC_08400840,AUTRE,84,14343,0,5819,951,1429,84,84,161,161,2,0,normal,1,3,20,92,2957
17240,MOB_EU_HUNTER_NPC_08310831,Europe (Constantinople),84,14343,0,5819,951,1429,84,84,161,161,2,0,normal,1,3,20,78,6875
17241,MOB_EU_HUNTER_NPC_08320832,Europe (Constantinople),84,16557,0,5819,951,1429,84,84,161,161,2,0,normal,1,3,20,78,6876
17242,MOB_EU_HUNTER_NPC_08330833,Europe (Constantinople),84,16557,0,5819,951,1429,84,84,161,161,2,0,normal,1,3,20,78,6877
17243,MOB_EU_HUNTER_NPC_08340834,Europe (Constantinople),84,14343,0,5819,922,1475,84,84,161,161,2,0,normal,1,3,20,92,6878
17244,MOB_EU_HUNTER_NPC_08350835,Europe (Constantinople),84,14343,0,5819,922,1475,84,84,161,161,2,0,normal,1,3,20,64,6879
17245,MOB_EU_HUNTER_NPC_08360836,Europe (Constantinople),84,14343,0,5819,893,1522,84,84,161,161,2,0,normal,1,3,20,71,6880
17246,MOB_EU_HUNTER_NPC_08370837,Europe (Constantinople),84,14343,0,5819,893,1522,84,16777300,161,161,2,0,normal,1,3,20,71,6881
17247,MOB_EU_HUNTER_NPC_08380838,Europe (Constantinople),84,14343,0,5819,893,1522,84,84,161,161,2,0,normal,1,3,20,71,6882
17248,MOB_EU_HUNTER_NPC_08390839,Europe (Constantinople),84,14343,0,5819,893,1522,84,84,161,161,2,0,normal,1,3,20,71,6883
17249,MOB_EU_HUNTER_NPC_08400840,Europe (Constantinople),84,14343,0,5819,893,1522,84,84,161,161,2,0,normal,1,3,20,71,6884
15840,MOB_EU_THIEF_NPC_08310831,Europe (Constantinople),84,16557,0,5819,951,1429,84,84,161,161,2,0,normal,1,3,20,78,5475
15841,MOB_EU_THIEF_NPC_08320832,Europe (Constantinople),84,16557,0,5819,951,1429,84,84,161,161,2,0,normal,1,3,20,78,5476
15842,MOB_EU_THIEF_NPC_08330833,Europe (Constantinople),84,16557,0,5819,951,1429,84,84,161,161,2,0,normal,1,3,20,78,5477
15843,MOB_EU_THIEF_NPC_08340834,Europe (Constantinople),84,14343,0,5819,922,1475,84,84,161,161,2,0,normal,1,3,20,92,5478
15844,MOB_EU_THIEF_NPC_08350835,Europe (Constantinople),84,14343,0,5819,922,1475,84,84,161,161,2,0,normal,1,3,20,64,5479
15845,MOB_EU_THIEF_NPC_08360836,Europe (Constantinople),84,14343,0,5819,893,1522,84,84,161,161,2,0,normal,1,3,20,71,5480
15846,MOB_EU_THIEF_NPC_08370837,Europe (Constantinople),84,14343,0,5819,893,1522,84,84,161,161,2,0,normal,1,3,20,71,5481
15847,MOB_EU_THIEF_NPC_08380838,Europe (Constantinople),84,14343,0,5819,893,1522,84,84,161,161,2,0,normal,1,3,20,71,5482
15849,MOB_EU_THIEF_NPC_08400840,Europe (Constantinople),84,14343,0,5819,893,1522,84,84,161,161,2,0,normal,1,3,20,71,5484
26911,MOB_EVE_STRONG_TQ_TOMBARCHER_CLON2,Evenement,84,14343,0,5819,786,1724,84,84,161,161,2,7,7,1,3,70,120,13717
22602,MOB_FW_BATTLEGOLEM_084,Forteresse (guerre de forteresse),84,18358704,0,11173294,982,1384,84,84,161,161,2,3,unique_notice,1,3,42,56,12156
22182,MOB_FW_HYEONGCHEON_084,Forteresse (guerre de forteresse),84,18021085,0,8379970,922,1475,84,84,161,161,2,3,unique_notice,1,3,23,74,11736
22322,MOB_FW_MUJIGI_084,Forteresse (guerre de forteresse),84,13769028,0,8379970,922,1475,84,84,161,161,2,3,unique_notice,1,3,38,143,11876
21482,MOB_FW_TAESE_084,Forteresse (guerre de forteresse),84,24028113,0,11173294,982,1384,84,84,161,161,2,3,unique_notice,1,3,10,34,11036
36142,MOB_GOD_FLAME_GIANT_B2,Forgotten World (pilliers/uniques),84,18772,0,5819,951,1429,84,84,161,161,2,1,champion,1,3,20,55,17934
36143,MOB_GOD_FLAME_GIANT_B3,Forgotten World (pilliers/uniques),84,18772,0,5819,951,1429,84,84,161,161,2,6,elite/quest,1,3,20,55,17935
36134,MOB_GOD_FLAME_SALAMANDER_B2,Forgotten World (pilliers/uniques),84,14343,0,5819,893,1522,84,84,161,161,2,1,champion,1,3,63,115,17926
36135,MOB_GOD_FLAME_SALAMANDER_B3,Forgotten World (pilliers/uniques),84,14343,0,5819,893,1522,84,84,161,161,2,6,elite/quest,1,3,63,115,17927
36223,MOB_GOD_FLAME_TREASUREBOX_B3,Forgotten World (pilliers/uniques),84,18772,0,8729,922,1475,84,84,161,161,2,0,normal,1,3,0,0,18015
8415,MOB_HUNTER_NPC_08310831,AUTRE,84,16557,0,5819,922,1475,84,84,161,161,2,0,normal,1,3,20,61,2948
8416,MOB_HUNTER_NPC_08320832,AUTRE,84,14343,0,5819,951,1429,84,84,161,161,2,0,normal,1,3,20,61,2949
8417,MOB_HUNTER_NPC_08330833,AUTRE,84,16557,0,5819,922,1475,84,84,161,161,2,0,normal,1,3,20,64,2950
8418,MOB_HUNTER_NPC_08340834,AUTRE,84,16557,0,5819,893,1522,84,84,161,161,2,0,normal,1,3,20,71,2951
8419,MOB_HUNTER_NPC_08350835,AUTRE,84,14343,0,5819,922,1475,84,84,161,161,2,0,normal,1,3,20,92,2952
8420,MOB_HUNTER_NPC_08360836,AUTRE,84,16557,0,5819,951,1429,84,84,161,161,2,0,normal,1,3,20,61,2953
8421,MOB_HUNTER_NPC_08370837,AUTRE,84,16557,0,5819,922,1475,84,84,161,161,2,0,normal,1,3,20,61,2954
8422,MOB_HUNTER_NPC_08380838,AUTRE,84,14343,0,5819,893,1522,84,84,161,161,2,0,normal,1,3,20,64,2955
8423,MOB_HUNTER_NPC_08390839,AUTRE,84,16557,0,5819,922,1475,84,84,161,161,2,0,normal,1,3,20,71,2956
3052,MOB_THIEF_NPC_08310831,Evenement caravan/thief,84,16557,0,5819,922,1475,84,84,161,161,2,0,normal,1,3,20,61,1069
3053,MOB_THIEF_NPC_08320832,Evenement caravan/thief,84,14343,0,5819,951,1429,84,84,161,161,2,0,normal,1,3,20,61,1070
3054,MOB_THIEF_NPC_08330833,Evenement caravan/thief,84,16557,0,5819,922,1475,84,84,161,161,2,0,normal,1,3,20,64,1071
3055,MOB_THIEF_NPC_08340834,Evenement caravan/thief,84,16557,0,5819,893,1522,84,84,161,161,2,0,normal,1,3,20,71,1072
3056,MOB_THIEF_NPC_08350835,Evenement caravan/thief,84,14343,0,5819,922,1475,84,16777300,161,161,2,0,normal,1,3,20,92,1073
3058,MOB_THIEF_NPC_08370837,Evenement caravan/thief,84,16557,0,5819,922,1475,84,84,161,161,2,0,normal,1,3,20,61,1075
3059,MOB_THIEF_NPC_08380838,Evenement caravan/thief,84,14343,0,5819,893,1522,84,84,161,161,2,0,normal,1,3,20,64,1076
3060,MOB_THIEF_NPC_08390839,Evenement caravan/thief,84,16557,0,5819,922,1475,84,84,161,161,2,0,normal,1,3,20,71,1077
3061,MOB_THIEF_NPC_08400840,Evenement caravan/thief,84,14343,0,5819,951,1429,84,84,161,161,2,0,normal,1,3,20,92,1078
14955,MOB_TQ_QINSHITOMBSTONE,Tombe de Qin-Shi / FGW (101-110),84,18772,0,5819,893,1522,84,84,161,161,2,0,normal,1,3,35,55,4590
14954,MOB_TQ_TOMBARCHER_CLON2,Tombe de Qin-Shi / FGW (101-110),84,14343,0,5819,951,1429,84,84,161,161,2,0,normal,1,3,70,120,4589
17250,MOB_EU_HUNTER_NPC_08410841,Europe (Constantinople),85,14791,0,5994,982,1475,85,85,162,162,2,0,normal,1,3,20,78,6885
17251,MOB_EU_HUNTER_NPC_08420842,Europe (Constantinople),85,17077,0,5994,982,1475,85,85,162,162,2,0,normal,1,3,20,78,6886
17252,MOB_EU_HUNTER_NPC_08430843,Europe (Constantinople),85,17077,0,5994,982,1475,85,85,162,162,2,0,normal,1,3,20,78,6887
17253,MOB_EU_HUNTER_NPC_08440844,Europe (Constantinople),85,14791,0,5994,951,1522,85,85,162,162,2,0,normal,1,3,20,93,6888
17254,MOB_EU_HUNTER_NPC_08450845,Europe (Constantinople),85,14791,0,5994,951,1522,85,85,162,162,2,0,normal,1,3,20,64,6889
17256,MOB_EU_HUNTER_NPC_08470847,Europe (Constantinople),85,14791,0,5994,922,1570,85,85,162,162,2,0,normal,1,3,20,71,6891
17257,MOB_EU_HUNTER_NPC_08480848,Europe (Constantinople),85,14791,0,5994,922,1570,85,85,162,162,2,0,normal,1,3,20,71,6892
17258,MOB_EU_HUNTER_NPC_08490849,Europe (Constantinople),85,14791,0,5994,922,1570,85,85,162,162,2,0,normal,1,3,20,71,6893
17259,MOB_EU_HUNTER_NPC_08500850,Europe (Constantinople),85,14791,0,5994,922,1570,85,85,162,162,2,0,normal,1,3,20,71,6894
15850,MOB_EU_THIEF_NPC_08410851,Europe (Constantinople),85,17077,0,5994,982,1475,85,85,162,162,2,0,normal,1,3,20,78,5485
15851,MOB_EU_THIEF_NPC_08420842,Europe (Constantinople),85,17077,0,5994,982,1475,85,85,162,162,2,0,normal,1,3,20,78,5486
15852,MOB_EU_THIEF_NPC_08430843,Europe (Constantinople),85,17077,0,5994,982,1475,85,85,162,162,2,0,normal,1,3,20,78,5487
15853,MOB_EU_THIEF_NPC_08440844,Europe (Constantinople),85,14791,0,5994,951,1522,85,85,162,162,2,0,normal,1,3,20,93,5488
15854,MOB_EU_THIEF_NPC_08450845,Europe (Constantinople),85,14791,0,5994,951,1522,85,16777301,162,162,2,0,normal,1,3,20,64,5489
15855,MOB_EU_THIEF_NPC_08460846,Europe (Constantinople),85,14791,0,5994,922,1570,85,85,162,162,2,0,normal,1,3,20,71,5490
15856,MOB_EU_THIEF_NPC_08470847,Europe (Constantinople),85,14791,0,5994,922,1570,85,85,162,162,2,0,normal,1,3,20,71,5491
15857,MOB_EU_THIEF_NPC_08480848,Europe (Constantinople),85,14791,0,5994,922,1570,85,85,162,162,2,0,normal,1,3,20,71,5492
15858,MOB_EU_THIEF_NPC_08490849,Europe (Constantinople),85,14791,0,5994,922,1570,85,85,162,162,2,0,normal,1,3,20,71,5493
15859,MOB_EU_THIEF_NPC_08500850,Europe (Constantinople),85,14791,0,5994,922,1570,85,85,162,162,2,0,normal,1,3,20,71,5494
34060,MOB_EVE_ANGRY_TAHOMET08,Evenement,85,32787506,0,5754246,1198,2042,85,85,162,162,2,3,unique_notice,0,3,23,75,17693
34050,MOB_EVE_HAPPY_TIGERWOMAN08,Evenement,85,28398752,0,5754246,951,1522,85,85,162,162,2,3,unique_notice,0,0,20,90,17683
26912,MOB_EVE_STRONG_RM_WINGTRIBESPEAR_CLON,Evenement,85,17077,0,5994,811,1778,85,85,162,162,2,7,7,1,3,23,75,13718
23436,MOB_EV_JINN,Evenement,85,580879,0,251748,951,1522,85,85,162,162,2,0,normal,1,0,50,75,12779
24343,MOB_EV_KANGAROO_85,Evenement,85,580879,0,251748,922,1570,85,85,162,162,2,0,normal,1,0,50,75,13454
22603,MOB_FW_BATTLEGOLEM_085,Forteresse (guerre de forteresse),85,18932501,0,11508492,1013,1429,85,85,162,162,2,3,unique_notice,1,3,42,56,12157
22183,MOB_FW_HYEONGCHEON_085,Forteresse (guerre de forteresse),85,18588130,0,8631369,951,1522,85,85,162,162,2,3,unique_notice,1,3,23,74,11737
22323,MOB_FW_MUJIGI_085,Forteresse (guerre de forteresse),85,14199376,0,8631369,951,1522,85,85,162,162,2,3,unique_notice,1,3,38,143,11877
36061,MOB_GNGWC_WINGTRIBESPEAR_CLONGNGWC_,AUTRE,85,512305,0,5994,951,1522,85,85,162,162,2,0,normal,0,3,23,75,17853
36166,MOB_GOD,AUTRE,85,19363,0,5994,922,1570,85,85,162,162,2,1,champion,1,3,15,55,17958
36158,MOB_GOD_FLAME_ARCHER_B2,Forgotten World (pilliers/uniques),85,14791,0,5994,982,1475,85,85,162,162,2,1,champion,1,3,70,120,17950
36159,MOB_GOD_FLAME_ARCHER_B3,Forgotten World (pilliers/uniques),85,14791,0,5994,982,1475,85,85,162,162,2,6,elite/quest,1,3,70,120,17951
36167,MOB_GOD_FLAME_EVIL_B3,Forgotten World (pilliers/uniques),85,19363,0,5994,922,1570,85,85,162,162,2,6,elite/quest,1,3,15,55,17959
36150,MOB_GOD_FLAME_GHOST_B2,Forgotten World (pilliers/uniques),85,14791,0,5994,982,1475,85,85,162,162,2,1,champion,1,3,40,100,17942
36151,MOB_GOD_FLAME_GHOST_B3,Forgotten World (pilliers/uniques),85,14791,0,5994,982,1475,85,85,162,162,2,6,elite/quest,1,3,40,100,17943
36045,MOB_GOD_PILLAR_ENVY_81_90,Forgotten World (pilliers/uniques),85,17077,0,11988,951,1522,85,16777301,162,162,2,1,champion,1,3,15,75,17837
36052,MOB_GOD_PILLAR_ENVY_DROP_81_90,Forgotten World (pilliers/uniques),85,34154,0,23976,951,1522,85,85,162,162,2,0,normal,1,3,15,75,17844
8425,MOB_HUNTER_NPC_08410841,AUTRE,85,14791,0,5994,951,1522,85,85,162,162,2,0,normal,1,3,20,61,2958
8426,MOB_HUNTER_NPC_08420842,AUTRE,85,17077,0,5994,922,1570,85,85,162,162,2,0,normal,1,3,20,61,2959
8427,MOB_HUNTER_NPC_08430843,AUTRE,85,17077,0,5994,951,1522,85,85,162,162,2,0,normal,1,3,20,64,2960
8428,MOB_HUNTER_NPC_08440844,AUTRE,85,14791,0,5994,982,1475,85,85,162,162,2,0,normal,1,3,20,71,2961
8429,MOB_HUNTER_NPC_08450845,AUTRE,85,14791,0,5994,951,1522,85,85,162,162,2,0,normal,1,3,20,93,2962
8429,MOB_HUNTER_NPC_08450845,AUTRE,85,14791,0,5994,951,1522,85,85,162,162,2,0,normal,1,3,20,93,2962
8430,MOB_HUNTER_NPC_08460846,AUTRE,85,17077,0,5994,922,1570,85,85,162,162,2,0,normal,1,3,20,61,2963
8431,MOB_HUNTER_NPC_08470847,AUTRE,85,14791,0,5994,951,1522,85,85,162,162,2,0,normal,1,3,20,61,2964
8432,MOB_HUNTER_NPC_08480848,AUTRE,85,17077,0,5994,982,1475,85,85,162,162,2,0,normal,1,3,20,64,2965
8433,MOB_HUNTER_NPC_08490849,AUTRE,85,17077,0,5994,951,1522,85,85,162,162,2,0,normal,1,3,20,71,2966
8434,MOB_HUNTER_NPC_08500850,AUTRE,85,14791,0,5994,922,1570,85,85,162,162,2,0,normal,1,3,20,93,2967
5950,MOB_QT_01_WINGTRIBE,Tombe de Qin-Shi (clones/quete),85,14791,0,1798,982,1475,85,85,162,162,2,0,normal,1,0,23,180,1762
22874,MOB_QT_TQ_THIEF_01,Tombe de Qin-Shi (clones/quete),85,19363,0,1998,922,1570,85,85,162,162,2,0,normal,1,3,20,75,12413
9382,MOB_RM_STRONG_WINGTRIBESPEAR_CLON,"Rock Mountain / nord Alexandrie (Shaitan, Roc)",85,512305,0,125874,951,1522,85,85,162,162,2,0,normal,1,0,23,75,3524
3872,MOB_RM_WINGTRIBESPEAR_CLON,"Rock Mountain / nord Alexandrie (Shaitan, Roc)",85,17077,0,5994,951,1522,85,85,162,162,2,0,normal,1,3,23,75,1682
3062,MOB_THIEF_NPC_08410841,Evenement caravan/thief,85,14791,0,5994,951,1522,85,85,162,162,2,0,normal,1,3,20,61,1079
3063,MOB_THIEF_NPC_08420842,Evenement caravan/thief,85,17077,0,5994,922,1570,85,85,162,162,2,0,normal,1,3,20,61,1080
3064,MOB_THIEF_NPC_08430843,Evenement caravan/thief,85,17077,0,5994,951,1522,85,85,162,162,2,0,normal,1,3,20,320,1081
3065,MOB_THIEF_NPC_08440844,Evenement caravan/thief,85,14791,0,5994,982,1475,85,85,162,162,2,0,normal,1,3,20,71,1082
3067,MOB_THIEF_NPC_08460846,Evenement caravan/thief,85,17077,0,5994,922,1570,85,85,162,162,2,0,normal,1,3,20,61,1084
3068,MOB_THIEF_NPC_08470847,Evenement caravan/thief,85,14791,0,5994,951,1522,85,85,162,162,2,0,normal,1,3,20,61,1085
3069,MOB_THIEF_NPC_08480848,Evenement caravan/thief,85,17077,0,5994,982,1475,85,85,162,162,2,0,normal,1,3,20,64,1086
3070,MOB_THIEF_NPC_08490849,Evenement caravan/thief,85,17077,0,5994,951,1522,85,85,162,162,2,0,normal,1,3,20,71,1087
3071,MOB_THIEF_NPC_08500850,Evenement caravan/thief,85,14791,0,5994,922,1570,85,85,162,162,2,0,normal,1,3,20,93,1088
3066,MOB_THIEF_NPC_09450845,Evenement caravan/thief,85,14791,0,5994,951,1522,85,85,162,162,2,0,normal,1,3,20,93,1083
15002,MOB_TQ_QINSHITQAP5,Tombe de Qin-Shi / FGW (101-110),85,14791,0,1,951,1522,85,85,162,162,2,0,normal,1,3,0,0,4637
14998,MOB_TQ_QINSHITRAP1,Tombe de Qin-Shi / FGW (101-110),85,14791,0,1,951,1522,85,85,162,162,2,0,normal,1,3,0,0,4633
14999,MOB_TQ_QINSHITRAP2,Tombe de Qin-Shi / FGW (101-110),85,14791,0,1,951,1522,85,85,162,162,2,0,normal,1,3,0,0,4634
15001,MOB_TQ_QINSHITRAP4,Tombe de Qin-Shi / FGW (101-110),85,14791,0,1,951,1522,85,85,162,162,2,0,normal,1,3,0,0,4636
15003,MOB_TQ_QINSHITRAP6,Tombe de Qin-Shi / FGW (101-110),85,14791,0,1,951,1522,85,85,162,162,2,0,normal,1,3,0,0,4638
14956,MOB_TQ_TOMBARCHER_CLON,Tombe de Qin-Shi / FGW (101-110),85,14791,0,6294,982,1475,85,85,162,162,2,0,normal,1,3,70,120,4591
14983,MOB_TQ_TOMBGENERAL,Tombe de Qin-Shi / FGW (101-110),85,6196043,0,2877123,951,1522,85,85,162,162,2,8,unique_silencieux,1,3,28,55,4618
24097,MOV_EV_KANGAROO_B_085,AUTRE,85,33817,0,23976,948,1517,85,85,162,162,2,0,normal,1,0,50,75,13372
17260,MOB_EU_HUNTER_NPC_08510851,Europe (Constantinople),86,15251,0,6174,1013,1522,86,86,163,163,2,0,normal,1,3,20,79,6895
17261,MOB_EU_HUNTER_NPC_08520852,Europe (Constantinople),86,17610,0,6174,1013,1522,86,86,163,163,2,0,normal,1,3,20,79,6896
17262,MOB_EU_HUNTER_NPC_08530853,Europe (Constantinople),86,17610,0,6174,1013,1522,86,86,163,163,2,0,normal,1,3,20,79,6897
17264,MOB_EU_HUNTER_NPC_08550855,Europe (Constantinople),86,15251,0,6174,982,1570,86,86,163,163,2,0,normal,1,3,20,64,6899
17266,MOB_EU_HUNTER_NPC_08570857,Europe (Constantinople),86,15251,0,6174,951,1620,86,86,163,163,2,0,normal,1,3,20,72,6901
17267,MOB_EU_HUNTER_NPC_08580858,Europe (Constantinople),86,15251,0,6174,951,1620,86,86,163,163,2,0,normal,1,3,20,72,6902
17268,MOB_EU_HUNTER_NPC_08590859,Europe (Constantinople),86,15251,0,6174,951,1620,86,86,163,163,2,0,normal,1,3,20,72,6903
17269,MOB_EU_HUNTER_NPC_08600860,Europe (Constantinople),86,15251,0,6174,951,1620,86,86,163,163,2,0,normal,1,3,20,72,6904
17265,MOB_EU_HUNTER_NPC_09560856,Europe (Constantinople),86,15251,0,6174,951,1620,86,86,163,163,2,0,normal,1,3,20,72,6900
15860,MOB_EU_THIEF_NPC_08510851,Europe (Constantinople),86,17610,0,6174,1013,1522,86,86,163,163,2,0,normal,1,3,20,79,5495
15861,MOB_EU_THIEF_NPC_08520852,Europe (Constantinople),86,17610,0,6174,1013,1522,86,86,163,163,2,0,normal,1,3,20,79,5496
15862,MOB_EU_THIEF_NPC_08530853,Europe (Constantinople),86,17610,0,6174,1013,1522,86,86,163,163,2,0,normal,1,3,20,79,5497
15863,MOB_EU_THIEF_NPC_08540854,Europe (Constantinople),86,15251,0,6174,982,1570,86,86,163,163,2,0,normal,1,3,20,93,5498
15864,MOB_EU_THIEF_NPC_08550855,Europe (Constantinople),86,15251,0,6174,982,1570,86,86,163,163,2,0,normal,1,3,20,320,5499
15865,MOB_EU_THIEF_NPC_08560856,Europe (Constantinople),86,15251,0,6174,951,1620,86,86,163,163,2,0,normal,1,3,20,72,5500
15867,MOB_EU_THIEF_NPC_08580858,Europe (Constantinople),86,15251,0,6174,951,1620,86,86,163,163,2,0,normal,1,3,20,72,5502
15868,MOB_EU_THIEF_NPC_08590859,Europe (Constantinople),86,15251,0,6174,951,1620,86,86,163,163,2,0,normal,1,3,20,72,5503
15869,MOB_EU_THIEF_NPC_08600860,Europe (Constantinople),86,15251,0,6174,951,1620,86,86,163,163,2,0,normal,1,3,20,72,5504
26913,MOB_EVE_STRONG_TQ_TOMBSTONEGHOST_CLON2,Evenement,86,19969,0,6174,838,1834,86,86,163,163,2,7,7,1,3,10,55,13719
22604,MOB_FW_BATTLEGOLEM_086,Forteresse (guerre de forteresse),86,19521907,0,11853747,1045,1475,86,86,163,163,2,3,unique_notice,1,3,42,56,12158
22184,MOB_FW_HYEONGCHEON_086,Forteresse (guerre de forteresse),86,19170648,0,8890310,982,1570,86,86,163,163,2,3,unique_notice,1,3,23,74,11738
22324,MOB_FW_MUJIGI_086,Forteresse (guerre de forteresse),86,14641430,0,8890310,982,1570,86,86,163,163,2,3,unique_notice,1,3,38,143,11878
21484,MOB_FW_TAESE_086,Forteresse (guerre de forteresse),86,25560864,0,11853747,1045,1475,86,86,163,163,2,3,unique_notice,1,3,10,34,11038
36206,MOB_GOD_FLAME_ADJUTANT_B2,Forgotten World (pilliers/uniques),86,1437799,0,889031,1013,1522,86,86,163,163,2,8,unique_silencieux,1,3,20,55,17998
36207,MOB_GOD_FLAME_ADJUTANT_B3,Forgotten World (pilliers/uniques),86,3834130,0,1778062,1013,1522,86,86,163,163,2,8,unique_silencieux,1,3,20,55,17999
36198,MOB_GOD_FLAME_CAPTAIN_B2,Forgotten World (pilliers/uniques),86,1098107,0,889031,951,1620,86,86,163,163,2,8,unique_silencieux,1,3,30,100,17990
36199,MOB_GOD_FLAME_CAPTAIN_B3,Forgotten World (pilliers/uniques),86,2928286,0,1778062,951,1620,86,86,163,163,2,8,unique_silencieux,1,3,30,100,17991
36332,MOB_GOD_FLAME_COWKING_B2,Forgotten World (pilliers/uniques),86,10981073,0,6667733,1013,1522,86,86,163,163,2,3,unique_notice,1,3,50,120,18124
36333,MOB_GOD_FLAME_COWKING_B3,Forgotten World (pilliers/uniques),86,14641430,0,8890310,1013,1522,86,16777302,163,163,2,3,unique_notice,1,3,50,120,18125
36182,MOB_GOD_FLAME_CRAZY_B2,Forgotten World (pilliers/uniques),86,19969,0,6174,982,1570,86,86,163,163,2,1,champion,1,3,20,55,17974
36183,MOB_GOD_FLAME_CRAZY_B3,Forgotten World (pilliers/uniques),86,19969,0,6174,982,1570,86,86,163,163,2,6,elite/quest,1,3,20,55,17975
36214,MOB_GOD_FLAME_ENVY_B2,Forgotten World (pilliers/uniques),86,15251,0,9261,982,1570,86,86,163,163,2,6,elite/quest,1,3,23,100,18006
36215,MOB_GOD_FLAME_ENVY_B3,Forgotten World (pilliers/uniques),86,30503,0,18521,982,1570,86,86,163,163,2,6,elite/quest,1,3,23,100,18007
36174,MOB_GOD_FLAME_GIGANTIC_B2,Forgotten World (pilliers/uniques),86,19969,0,6174,1013,1522,86,86,163,163,2,1,champion,1,3,20,55,17966
36175,MOB_GOD_FLAME_GIGANTIC_B3,Forgotten World (pilliers/uniques),86,19969,0,6174,1013,1522,86,86,163,163,2,6,elite/quest,1,3,20,55,17967
36190,MOB_GOD_FLAME_WITCH_B2,Forgotten World (pilliers/uniques),86,15251,0,6174,951,1620,86,86,163,163,2,1,champion,1,3,50,120,17982
36191,MOB_GOD_FLAME_WITCH_B3,Forgotten World (pilliers/uniques),86,15251,0,6174,951,1620,86,86,163,163,2,6,elite/quest,1,3,50,120,17983
8435,MOB_HUNTER_NPC_08510851,AUTRE,86,17610,0,6174,982,1570,86,86,163,163,2,0,normal,1,3,20,61,2968
8436,MOB_HUNTER_NPC_08520852,AUTRE,86,17610,0,6174,1013,1522,86,16777302,163,163,2,0,normal,1,3,20,61,2969
8437,MOB_HUNTER_NPC_08530853,AUTRE,86,15251,0,6174,982,1570,86,86,163,163,2,0,normal,1,3,20,64,2970
8439,MOB_HUNTER_NPC_08550855,AUTRE,86,15251,0,6174,982,1570,86,86,163,163,2,0,normal,1,3,20,93,2972
8440,MOB_HUNTER_NPC_08560856,AUTRE,86,15251,0,6174,1013,1522,86,86,163,163,2,0,normal,1,3,20,61,2973
8441,MOB_HUNTER_NPC_08570857,AUTRE,86,17610,0,6174,982,1570,86,86,163,163,2,0,normal,1,3,20,61,2974
8442,MOB_HUNTER_NPC_08580858,AUTRE,86,17610,0,6174,951,1620,86,86,163,163,2,0,normal,1,3,20,64,2975
8443,MOB_HUNTER_NPC_08590859,AUTRE,86,15251,0,6174,982,1570,86,86,163,163,2,0,normal,1,3,20,72,2976
8444,MOB_HUNTER_NPC_08600860,AUTRE,86,15251,0,6174,1013,1522,86,86,163,163,2,0,normal,1,3,20,93,2977
3072,MOB_THIEF_NPC_08510851,Evenement caravan/thief,86,17610,0,6174,982,1570,86,86,163,163,2,0,normal,1,3,20,61,1089
3074,MOB_THIEF_NPC_08530853,Evenement caravan/thief,86,15251,0,6174,982,1570,86,86,163,163,2,0,normal,1,3,20,64,1091
3075,MOB_THIEF_NPC_08540854,Evenement caravan/thief,86,17610,0,6174,951,1620,86,86,163,163,2,0,normal,1,3,20,72,1092
3076,MOB_THIEF_NPC_08550855,Evenement caravan/thief,86,15251,0,6174,982,1570,86,86,163,163,2,0,normal,1,3,20,93,1093
3077,MOB_THIEF_NPC_08560856,Evenement caravan/thief,86,15251,0,6174,1013,1522,86,86,163,163,2,0,normal,1,3,20,61,1094
3078,MOB_THIEF_NPC_08570857,Evenement caravan/thief,86,17610,0,6174,982,1570,86,86,163,163,2,0,normal,1,3,20,61,1095
3079,MOB_THIEF_NPC_08580858,Evenement caravan/thief,86,17610,0,6174,951,1620,86,86,163,163,2,0,normal,1,3,20,64,1096
3080,MOB_THIEF_NPC_08590859,Evenement caravan/thief,86,15251,0,6174,982,1570,86,16777302,163,163,2,0,normal,1,3,20,72,1097
3081,MOB_THIEF_NPC_08600860,Evenement caravan/thief,86,15251,0,6174,1013,1522,86,86,163,163,2,0,normal,1,3,20,349,1098
14958,MOB_TQ_TOMBARCHER,Tombe de Qin-Shi / FGW (101-110),86,15251,0,6174,1013,1522,86,86,163,163,2,0,normal,1,3,70,120,4593
14980,MOB_TQ_TOMBSTONEGHOSTEGO,Tombe de Qin-Shi / FGW (101-110),86,1997,0,617,982,1570,86,86,163,163,2,0,normal,1,3,10,55,4615
14957,MOB_TQ_TOMBSTONEGHOST_CLON2,Tombe de Qin-Shi / FGW (101-110),86,19969,0,6174,982,1570,86,86,163,163,2,0,normal,1,3,10,55,4592
24098,MOV_EV_KANGAROO_B_086,AUTRE,86,34881,0,24696,978,1564,86,86,163,163,2,0,normal,1,0,50,75,13373
17270,MOB_EU_HUNTER_NPC_08610861,Europe (Constantinople),87,15724,0,6359,1045,1570,87,16777303,164,164,2,0,normal,1,3,20,79,6905
17271,MOB_EU_HUNTER_NPC_08620862,Europe (Constantinople),87,18159,0,6359,1045,1570,87,87,164,164,2,0,normal,1,3,20,79,6906
17272,MOB_EU_HUNTER_NPC_08630863,Europe (Constantinople),87,18159,0,6359,1045,1570,87,87,164,164,2,0,normal,1,3,20,79,6907
17273,MOB_EU_HUNTER_NPC_08640864,Europe (Constantinople),87,15724,0,6359,1013,1620,87,87,164,164,2,0,normal,1,3,20,94,6908
17274,MOB_EU_HUNTER_NPC_08650865,Europe (Constantinople),87,15724,0,6359,1013,1620,87,87,164,164,2,0,normal,1,3,20,65,6909
17275,MOB_EU_HUNTER_NPC_08660866,Europe (Constantinople),87,15724,0,6359,982,1672,87,87,164,164,2,0,normal,1,3,20,72,6910
17276,MOB_EU_HUNTER_NPC_08670867,Europe (Constantinople),87,15724,0,6359,982,1672,87,87,164,164,2,0,normal,1,3,20,72,6911
17277,MOB_EU_HUNTER_NPC_08680868,Europe (Constantinople),87,15724,0,6359,982,1672,87,87,164,164,2,0,normal,1,3,20,72,6912
17278,MOB_EU_HUNTER_NPC_08690869,Europe (Constantinople),87,15724,0,6359,982,1672,87,87,164,164,2,0,normal,1,3,20,72,6913
17279,MOB_EU_HUNTER_NPC_08700870,Europe (Constantinople),87,15724,0,6359,982,1672,87,87,164,164,2,0,normal,1,3,20,72,6914
15870,MOB_EU_THIEF_NPC_08610861,Europe (Constantinople),87,18159,0,6359,1045,1570,87,87,164,164,2,0,normal,1,3,20,79,5505
15871,MOB_EU_THIEF_NPC_08620862,Europe (Constantinople),87,18159,0,6359,1045,1570,87,87,164,164,2,0,normal,1,3,20,79,5506
15872,MOB_EU_THIEF_NPC_08630863,Europe (Constantinople),87,18159,0,6359,1045,1570,87,87,164,164,2,0,normal,1,3,20,79,5507
15874,MOB_EU_THIEF_NPC_08650865,Europe (Constantinople),87,15724,0,6359,1013,1620,87,87,164,164,2,0,normal,1,3,20,65,5509
15875,MOB_EU_THIEF_NPC_08660866,Europe (Constantinople),87,15724,0,6359,982,1672,87,87,164,164,2,0,normal,1,3,20,72,5510
15876,MOB_EU_THIEF_NPC_08670867,Europe (Constantinople),87,15724,0,6359,982,1672,87,87,164,164,2,0,normal,1,3,20,72,5511
15877,MOB_EU_THIEF_NPC_08680868,Europe (Constantinople),87,15724,0,6359,982,1672,87,87,164,164,2,0,normal,1,3,20,72,5512
15878,MOB_EU_THIEF_NPC_08690869,Europe (Constantinople),87,15724,0,6359,982,1672,87,16777303,164,164,2,0,normal,1,3,20,72,5513
26914,MOB_EVE_STRONG_RM_WINGTRIBESPEAR,Evenement,87,18159,0,6359,865,1891,87,87,164,164,2,7,7,1,3,23,75,13720
22605,MOB_FW_BATTLEGOLEM_087,Forteresse (guerre de forteresse),87,20127316,0,12209360,1078,1522,87,87,164,164,2,3,unique_notice,1,3,42,56,12159
22185,MOB_FW_HYEONGCHEON_087,Forteresse (guerre de forteresse),87,19769031,0,9157020,1013,1620,87,87,164,164,2,3,unique_notice,1,3,23,74,11739
22325,MOB_FW_MUJIGI_087,Forteresse (guerre de forteresse),87,15095487,0,9157020,1013,1620,87,87,164,164,2,3,unique_notice,1,3,38,143,11879
21485,MOB_FW_TAESE_087,Forteresse (guerre de forteresse),87,26358709,0,12209360,1078,1522,87,87,164,164,2,3,unique_notice,1,3,10,34,11039
36144,MOB_GOD_FLAME_GIANT_B4,Forgotten World (pilliers/uniques),87,41185,0,12718,1045,1570,87,87,164,164,2,6,elite/quest,1,3,20,55,17936
36136,MOB_GOD_FLAME_SALAMANDER_B4,Forgotten World (pilliers/uniques),87,31449,0,12718,982,1672,87,87,164,164,2,6,elite/quest,1,3,63,115,17928
36224,MOB_GOD_FLAME_TREASUREBOX_B4,Forgotten World (pilliers/uniques),87,41185,0,12718,1013,1620,87,87,164,164,2,0,normal,1,3,0,0,18016
8445,MOB_HUNTER_NPC_08610861,AUTRE,87,18159,0,6359,1013,1620,87,87,164,164,2,0,normal,1,3,20,61,2978
8446,MOB_HUNTER_NPC_08620862,AUTRE,87,15724,0,6359,982,1672,87,87,164,164,2,0,normal,1,3,20,61,2979
8447,MOB_HUNTER_NPC_08630863,AUTRE,87,18159,0,6359,1013,1620,87,87,164,164,2,0,normal,1,3,20,65,2980
8448,MOB_HUNTER_NPC_08640864,AUTRE,87,18159,0,6359,1045,1570,87,87,164,164,2,0,normal,1,3,20,72,2981
8449,MOB_HUNTER_NPC_08650865,AUTRE,87,15724,0,6359,1013,1620,87,87,164,164,2,0,normal,1,3,20,94,2982
8450,MOB_HUNTER_NPC_08660866,AUTRE,87,18159,0,6359,982,1672,87,87,164,164,2,0,normal,1,3,20,61,2983
8451,MOB_HUNTER_NPC_08670867,AUTRE,87,18159,0,6359,1013,1620,87,87,164,164,2,0,normal,1,3,20,61,2984
8452,MOB_HUNTER_NPC_08680868,AUTRE,87,15724,0,6359,1045,1570,87,87,164,164,2,0,normal,1,3,20,65,2985
8453,MOB_HUNTER_NPC_08690869,AUTRE,87,18159,0,6359,1013,1620,87,87,164,164,2,0,normal,1,3,20,72,2986
8454,MOB_HUNTER_NPC_08700870,AUTRE,87,15724,0,6359,982,1672,87,87,164,164,2,0,normal,1,3,20,94,2987
6105,MOB_RM_STRONG_WINGTRIBESPEAR,"Rock Mountain / nord Alexandrie (Shaitan, Roc)",87,544758,0,133540,982,1672,87,87,164,164,2,0,normal,1,0,23,75,1905
3873,MOB_RM_WINGTRIBESPEAR,"Rock Mountain / nord Alexandrie (Shaitan, Roc)",87,18159,0,6359,982,1672,87,87,164,164,2,0,normal,1,3,23,75,1683
3082,MOB_THIEF_NPC_08610861,Evenement caravan/thief,87,18159,0,6359,1013,1620,87,87,164,164,2,0,normal,1,3,20,61,1099
3084,MOB_THIEF_NPC_08630863,Evenement caravan/thief,87,18159,0,6359,1013,1620,87,87,164,164,2,0,normal,1,3,20,65,1101
3085,MOB_THIEF_NPC_08640864,Evenement caravan/thief,87,18159,0,6359,1045,1570,87,87,164,164,2,0,normal,1,3,20,72,1102
3086,MOB_THIEF_NPC_08650865,Evenement caravan/thief,87,15724,0,6359,1013,1620,87,87,164,164,2,0,normal,1,3,20,94,1103
3087,MOB_THIEF_NPC_08660866,Evenement caravan/thief,87,18159,0,6359,982,1672,87,87,164,164,2,0,normal,1,3,20,61,1104
3088,MOB_THIEF_NPC_08670867,Evenement caravan/thief,87,18159,0,6359,1013,1620,87,87,164,164,2,0,normal,1,3,20,61,1105
3089,MOB_THIEF_NPC_08680868,Evenement caravan/thief,87,15724,0,6359,1045,1570,87,87,164,164,2,0,normal,1,3,20,65,1106
3091,MOB_THIEF_NPC_08700870,Evenement caravan/thief,87,15724,0,6359,982,1672,87,87,164,164,2,0,normal,1,3,20,94,1108
3083,MOB_THIEF_NPC_09620862,Evenement caravan/thief,87,15724,0,6359,982,1672,87,87,164,164,2,0,normal,1,3,20,61,1100
24345,MOB_TQ,AUTRE,87,15724,0,6677,1013,1620,87,87,164,164,2,6,elite/quest,1,3,70,120,13456
14959,MOB_TQ_TOMBSTONEGHOST_CLON,Tombe de Qin-Shi / FGW (101-110),87,20593,0,6359,1013,1620,87,87,164,164,2,0,normal,1,3,23,55,4594
24099,MOV_EV_KANGAROO_B_087,AUTRE,87,35974,0,25436,1008,1613,87,87,164,164,2,0,normal,1,0,50,75,13374
8456,MMB_HUNTER_NPC_08720872,AUTRE,88,18722,0,6550,1078,1620,88,88,165,165,2,0,normal,1,3,20,61,2989
14984,MMB_TQ_TOMBGENERAL_CLON,AUTRE,88,6794561,0,3143910,1045,1672,88,88,165,165,2,8,unique_silencieux,1,3,28,55,4619
36168,MOA_GOD_FLAME_EVIL_B4,AUTRE,88,42466,0,13100,1013,1724,88,88,165,165,2,6,elite/quest,1,3,15,55,17960
17280,MOB_EU_HUNTER_NPC_08710871,Europe (Constantinople),88,16210,0,6550,1078,1620,88,88,165,165,2,0,normal,1,3,20,79,6915
17281,MOB_EU_HUNTER_NPC_08720872,Europe (Constantinople),88,18722,0,6550,1078,1620,88,88,165,165,2,0,normal,1,3,20,79,6916
17282,MOB_EU_HUNTER_NPC_08730873,Europe (Constantinople),88,18722,0,6550,1078,1620,88,88,165,165,2,0,normal,1,3,20,79,6917
17283,MOB_EU_HUNTER_NPC_08740874,Europe (Constantinople),88,16210,0,6550,1045,1672,88,88,165,165,2,0,normal,1,3,20,94,6918
17284,MOB_EU_HUNTER_NPC_08750875,Europe (Constantinople),88,16210,0,6550,1045,1672,88,88,165,165,2,0,normal,1,3,20,65,6919
17285,MOB_EU_HUNTER_NPC_08760876,Europe (Constantinople),88,16210,0,6550,1013,1724,88,88,165,165,2,0,normal,1,3,20,72,6920
17287,MOB_EU_HUNTER_NPC_08780878,Europe (Constantinople),88,16210,0,6550,1013,1724,88,88,165,165,2,0,normal,1,3,20,72,6922
17288,MOB_EU_HUNTER_NPC_08790879,Europe (Constantinople),88,16210,0,6550,1013,1724,88,88,165,165,2,0,normal,1,3,20,72,6923
17289,MOB_EU_HUNTER_NPC_08800880,Europe (Constantinople),88,16210,0,6550,1013,1724,88,88,165,165,2,0,normal,1,3,20,72,6924
15880,MOB_EU_THIEF_NPC_08710871,Europe (Constantinople),88,18722,0,6550,1078,1620,88,88,165,165,2,0,normal,1,3,20,79,5515
15881,MOB_EU_THIEF_NPC_08720972,Europe (Constantinople),88,18722,0,6550,1078,1620,88,88,165,165,2,0,normal,1,3,20,79,5516
15882,MOB_EU_THIEF_NPC_08730873,Europe (Constantinople),88,18722,0,6550,1078,1620,88,88,165,165,2,0,normal,1,3,20,79,5517
15883,MOB_EU_THIEF_NPC_08740874,Europe (Constantinople),88,16210,0,6550,1045,1672,88,88,165,165,2,0,normal,1,3,20,94,5518
15884,MOB_EU_THIEF_NPC_08750875,Europe (Constantinople),88,16210,0,6550,1045,1672,88,88,165,165,2,0,normal,1,3,20,65,5519
15885,MOB_EU_THIEF_NPC_08760876,Europe (Constantinople),88,16210,0,6550,1013,1724,88,88,165,165,2,0,normal,1,3,20,72,5520
15886,MOB_EU_THIEF_NPC_08770877,Europe (Constantinople),88,16210,0,6550,1013,1724,88,88,165,165,2,0,normal,1,3,20,72,5521
15887,MOB_EU_THIEF_NPC_08780878,Europe (Constantinople),88,16210,0,6550,1013,1724,88,88,165,165,2,0,normal,1,3,20,72,5522
15888,MOB_EU_THIEF_NPC_08790879,Europe (Constantinople),88,16210,0,6550,1013,1724,88,88,165,165,2,0,normal,1,3,20,72,5523
15889,MOB_EU_THIEF_NPC_08800880,Europe (Constantinople),88,16210,0,6550,1013,1724,88,88,165,165,2,0,normal,1,3,20,72,5524
26915,MOB_EVE_STRONG_TQ_ROYALSOLDIER_CLON2,Evenement,88,16210,0,6550,893,2027,88,88,165,165,2,7,7,1,3,23,55,13721
22606,MOB_FW_BATTLEGOLEM_088,Forteresse (guerre de forteresse),88,20749132,0,12575641,1111,1570,88,88,165,165,2,3,unique_notice,1,3,42,312,12160
22186,MOB_FW_HYEONGCHEON_088,Forteresse (guerre de forteresse),88,20383682,0,9431731,1045,1672,88,88,165,165,2,3,unique_notice,1,3,23,74,11740
22326,MOB_FW_MUJIGI_088,Forteresse (guerre de forteresse),88,15561849,0,9431731,1045,1672,88,88,165,165,2,3,unique_notice,1,3,38,143,11880
21486,MOB_FW_TAESE_088,Forteresse (guerre de forteresse),88,27178243,0,12575641,1111,1570,88,88,165,165,2,3,unique_notice,1,3,10,34,11040
36160,MOB_GOD_FLAME_ARCHER_B4,Forgotten World (pilliers/uniques),88,32421,0,13100,1078,1620,88,88,165,165,2,6,elite/quest,1,3,70,120,17952
36152,MOB_GOD_FLAME_GHOST_B4,Forgotten World (pilliers/uniques),88,32421,0,13100,1078,1620,88,88,165,165,2,6,elite/quest,1,3,40,100,17944
8455,MOB_HUNTER_NPC_08710871,AUTRE,88,16210,0,6550,1045,1672,88,88,165,165,2,0,normal,1,3,20,61,2988
8457,MOB_HUNTER_NPC_08730873,AUTRE,88,18722,0,6550,1045,1672,88,88,165,165,2,0,normal,1,3,20,65,2990
8458,MOB_HUNTER_NPC_08740874,AUTRE,88,16210,0,6550,1013,1724,88,88,165,165,2,0,normal,1,3,20,72,2991
8459,MOB_HUNTER_NPC_08750875,AUTRE,88,16210,0,6550,1045,1672,88,88,165,165,2,0,normal,1,3,20,94,2992
8460,MOB_HUNTER_NPC_08760876,AUTRE,88,18722,0,6550,1078,1620,88,16777304,165,165,2,0,normal,1,3,20,61,2993
8461,MOB_HUNTER_NPC_08770877,AUTRE,88,16210,0,6550,1045,1672,88,88,165,165,2,0,normal,1,3,20,61,2994
8461,MOB_HUNTER_NPC_08770877,AUTRE,88,16210,0,6550,1045,1672,88,88,165,165,2,0,normal,1,3,20,61,2994
8462,MOB_HUNTER_NPC_08780878,AUTRE,88,18722,0,6550,1013,1724,88,88,165,165,2,0,normal,1,3,20,65,2995
8463,MOB_HUNTER_NPC_08790879,AUTRE,88,18722,0,6550,1045,1672,88,88,165,165,2,0,normal,1,3,20,72,2996
8464,MOB_HUNTER_NPC_08800880,AUTRE,88,16210,0,6550,1078,1620,88,88,165,165,2,0,normal,1,3,20,94,2997
3874,MOB_RM_ROCKY,"Rock Mountain / nord Alexandrie (Shaitan, Roc)",88,18722,0,6550,1045,1672,88,88,165,165,2,0,normal,1,3,23,75,1684
3092,MOB_THIEF_NPC_08710871,Evenement caravan/thief,88,16210,0,6550,1045,1672,88,88,165,165,2,0,normal,1,3,20,61,1109
3093,MOB_THIEF_NPC_08720872,Evenement caravan/thief,88,18722,0,6550,1078,1620,88,88,165,165,2,0,normal,1,3,20,61,1110
3094,MOB_THIEF_NPC_08730873,Evenement caravan/thief,88,18722,0,6550,1045,1672,88,88,165,165,2,0,normal,1,3,20,65,1111
3095,MOB_THIEF_NPC_08740874,Evenement caravan/thief,88,16210,0,6550,1013,1724,88,88,165,165,2,0,normal,1,3,20,72,1112
3096,MOB_THIEF_NPC_08750875,Evenement caravan/thief,88,16210,0,6550,1045,1672,88,88,165,165,2,0,normal,1,3,20,94,1113
3097,MOB_THIEF_NPC_08760876,Evenement caravan/thief,88,18722,0,6550,1078,1620,88,88,165,165,2,0,normal,1,3,20,317,1114
3098,MOB_THIEF_NPC_08770877,Evenement caravan/thief,88,16210,0,6550,1045,1672,88,88,165,165,2,0,normal,1,3,20,61,1115
3100,MOB_THIEF_NPC_08790879,Evenement caravan/thief,88,18722,0,6550,1045,1672,88,88,165,165,2,0,normal,1,3,20,72,1117
3101,MOB_THIEF_NPC_08800880,Evenement caravan/thief,88,16210,0,6550,1078,1620,88,88,165,165,2,0,normal,1,3,20,94,1118
3099,MOB_THIEF_NPC_09780878,Evenement caravan/thief,88,18722,0,6550,1013,1724,88,88,165,165,2,0,normal,1,3,20,65,1116
14960,MOB_TQ_ROYALSOLDIER_CLON2,Tombe de Qin-Shi / FGW (101-110),88,16210,0,6746,1078,1620,88,88,165,165,2,0,normal,1,3,23,55,4595
14961,MOB_TQ_TOMBSTONEGHOST,Tombe de Qin-Shi / FGW (101-110),88,21233,0,6550,1045,1672,88,88,165,165,2,0,normal,1,3,10,55,4596
24100,MOV_EV_KANGAROO_B_088,AUTRE,88,37097,0,26200,1039,1663,88,88,165,165,2,0,normal,1,0,50,75,13375
17290,MOB_EU_HUNTER_NPC_08810881,Europe (Constantinople),89,16709,0,6746,1111,1672,89,89,166,166,2,0,normal,1,3,20,80,6925
17291,MOB_EU_HUNTER_NPC_08820882,Europe (Constantinople),89,19300,0,6746,1111,1672,89,89,166,166,2,0,normal,1,3,20,80,6926
17292,MOB_EU_HUNTER_NPC_08830883,Europe (Constantinople),89,19300,0,6746,1111,1672,89,89,166,166,2,0,normal,1,3,20,80,6927
17293,MOB_EU_HUNTER_NPC_08840884,Europe (Constantinople),89,16709,0,6746,1078,1724,89,89,166,166,2,0,normal,1,3,20,95,6928
17295,MOB_EU_HUNTER_NPC_08860886,Europe (Constantinople),89,16709,0,6746,1045,1778,89,89,166,166,2,0,normal,1,3,20,72,6930
17297,MOB_EU_HUNTER_NPC_08880888,Europe (Constantinople),89,16709,0,6746,1045,1778,89,89,166,166,2,0,normal,1,3,20,72,6932
17298,MOB_EU_HUNTER_NPC_08890889,Europe (Constantinople),89,16709,0,6746,1045,1778,89,89,166,166,2,0,normal,1,3,20,72,6933
17299,MOB_EU_HUNTER_NPC_08900890,Europe (Constantinople),89,16709,0,6746,1045,1778,89,89,166,166,2,0,normal,1,3,20,72,6934
17296,MOB_EU_HUNTER_NPC_09870887,Europe (Constantinople),89,16709,0,6746,1045,1778,89,89,166,166,2,0,normal,1,3,20,72,6931
15890,MOB_EU_THIEF_NPC_08810881,Europe (Constantinople),89,19300,0,6746,1111,1672,89,89,166,166,2,0,normal,1,3,20,80,5525
15891,MOB_EU_THIEF_NPC_08820882,Europe (Constantinople),89,19300,0,6746,1111,1672,89,89,166,166,2,0,normal,1,3,20,80,5526
15892,MOB_EU_THIEF_NPC_08830883,Europe (Constantinople),89,19300,0,6746,1111,1672,89,89,166,166,2,0,normal,1,3,20,80,5527
15893,MOB_EU_THIEF_NPC_08840884,Europe (Constantinople),89,16709,0,6746,1078,1724,89,89,166,166,2,0,normal,1,3,20,95,5528
15894,MOB_EU_THIEF_NPC_08850885,Europe (Constantinople),89,16709,0,6746,1078,1724,89,89,166,166,2,0,normal,1,3,20,65,5529
15895,MOB_EU_THIEF_NPC_08860886,Europe (Constantinople),89,16709,0,6746,1045,1778,89,89,166,166,2,0,normal,1,3,20,328,5530
15896,MOB_EU_THIEF_NPC_08870887,Europe (Constantinople),89,16709,0,6746,1045,1778,89,89,166,166,2,0,normal,1,3,20,72,5531
15897,MOB_EU_THIEF_NPC_08880888,Europe (Constantinople),89,16709,0,6746,1045,1778,89,89,166,166,2,0,normal,1,3,20,72,5532
15898,MOB_EU_THIEF_NPC_08890889,Europe (Constantinople),89,16709,0,6746,1045,1778,89,89,166,166,2,0,normal,1,3,20,72,5533
15899,MOB_EU_THIEF_NPC_08900890,Europe (Constantinople),89,16709,0,6746,1045,1778,89,89,166,166,2,0,normal,1,3,20,72,5534
26916,MOB_EVE_STRONG_TQ_ROYALSOLDIER_CLON,Evenement,89,16709,0,6746,922,2089,89,89,166,166,2,7,7,1,3,23,55,13722
22607,MOB_FW_BATTLEGOLEM_089,Forteresse (guerre de forteresse),89,21387770,0,12952911,1192,1620,89,16777305,166,166,2,3,unique_notice,1,3,42,56,12161
22187,MOB_FW_HYEONGCHEON_089,Forteresse (guerre de forteresse),89,21015011,0,9714683,1078,1724,89,89,166,166,2,3,unique_notice,1,3,23,74,11741
22327,MOB_FW_MUJIGI_089,Forteresse (guerre de forteresse),89,16040828,0,9714683,1078,1724,89,89,166,166,2,3,unique_notice,1,3,38,143,11881
21487,MOB_FW_TAESE_089,Forteresse (guerre de forteresse),89,28020015,0,12952911,1192,1620,89,89,166,166,2,3,unique_notice,1,3,10,34,11041
36208,MOB_GOD_FLAME_ADJUTANT_B4,Forgotten World (pilliers/uniques),89,5779128,0,2671538,1111,1672,89,89,166,166,2,8,unique_silencieux,1,3,20,55,18000
36200,MOB_GOD_FLAME_CAPTAIN_B4,Forgotten World (pilliers/uniques),89,4411228,0,2671538,1045,1778,89,89,166,166,2,8,unique_silencieux,1,3,30,100,17992
36334,MOB_GOD_FLAME_COWKING_B4,Forgotten World (pilliers/uniques),89,21387770,0,12952911,1111,1672,89,89,166,166,2,3,unique_notice,1,3,50,120,18126
36184,MOB_GOD_FLAME_CRAZY_B4,Forgotten World (pilliers/uniques),89,43781,0,13493,1078,1724,89,89,166,166,2,6,elite/quest,1,3,20,55,17976
36216,MOB_GOD_FLAME_ENVY_B4,Forgotten World (pilliers/uniques),89,50128,0,26985,1078,1724,89,89,166,166,2,6,elite/quest,1,3,23,100,18008
36176,MOB_GOD_FLAME_GIGANTIC_B4,Forgotten World (pilliers/uniques),89,43781,0,13493,1111,1672,89,89,166,166,2,6,elite/quest,1,3,20,55,17968
36192,MOB_GOD_FLAME_WITCH_B4,Forgotten World (pilliers/uniques),89,33418,0,13493,1045,1778,89,89,166,166,2,6,elite/quest,1,3,50,120,17984
8465,MOB_HUNTER_NPC_08810881,AUTRE,89,19300,0,6746,1078,1724,89,89,166,166,2,0,normal,1,3,20,61,2998
8466,MOB_HUNTER_NPC_08820882,AUTRE,89,19300,0,6746,1045,1778,89,89,166,166,2,0,normal,1,3,20,61,2999
8467,MOB_HUNTER_NPC_08830883,AUTRE,89,16709,0,6746,1078,1724,89,89,166,166,2,0,normal,1,3,20,65,3000
8468,MOB_HUNTER_NPC_08840884,AUTRE,89,19300,0,6746,1111,1672,89,89,166,166,2,0,normal,1,3,20,72,3001
8469,MOB_HUNTER_NPC_08850885,AUTRE,89,16709,0,6746,1078,1724,89,89,166,166,2,0,normal,1,3,20,95,3002
8471,MOB_HUNTER_NPC_08870887,AUTRE,89,19300,0,6746,1078,1724,89,89,166,166,2,0,normal,1,3,20,61,3004
8472,MOB_HUNTER_NPC_08880888,AUTRE,89,19300,0,6746,1111,1672,89,89,166,166,2,0,normal,1,3,20,65,3005
8473,MOB_HUNTER_NPC_08890889,AUTRE,89,16709,0,6746,1078,1724,89,89,166,166,2,0,normal,1,3,20,72,3006
8474,MOB_HUNTER_NPC_08900890,AUTRE,89,16709,0,6746,1045,1778,89,89,166,166,2,0,normal,1,3,20,95,3007
3102,MOB_THIEF_NPC_08810881,Evenement caravan/thief,89,19300,0,6746,1078,1724,89,89,166,166,2,0,normal,1,3,20,61,1119
3103,MOB_THIEF_NPC_08820882,Evenement caravan/thief,89,19300,0,6746,1045,1778,89,89,166,166,2,0,normal,1,3,20,61,1120
3104,MOB_THIEF_NPC_08830883,Evenement caravan/thief,89,16709,0,6746,1078,1724,89,16777305,166,166,2,0,normal,1,3,20,65,1121
3105,MOB_THIEF_NPC_08840884,Evenement caravan/thief,89,19300,0,6746,1111,1672,89,89,166,166,2,0,normal,1,3,20,72,1122
3107,MOB_THIEF_NPC_08860886,Evenement caravan/thief,89,16709,0,6746,1045,1778,89,89,166,166,2,0,normal,1,3,20,61,1124
3108,MOB_THIEF_NPC_08870887,Evenement caravan/thief,89,19300,0,6746,1078,1724,89,89,166,166,2,0,normal,1,3,20,61,1125
3109,MOB_THIEF_NPC_08880888,Evenement caravan/thief,89,19300,0,6746,1111,1672,89,89,166,166,2,0,normal,1,3,20,65,1126
3110,MOB_THIEF_NPC_08890889,Evenement caravan/thief,89,16709,0,6746,1078,1724,89,89,166,166,2,0,normal,1,3,20,72,1127
3111,MOB_THIEF_NPC_08900890,Evenement caravan/thief,89,16709,0,6746,1045,1778,89,89,166,166,2,0,normal,1,3,20,95,1128
14962,MOB_TQ_ROYALSOLDIER_CLON,Tombe de Qin-Shi / FGW (101-110),89,16709,0,6746,1111,1672,89,89,166,166,2,0,normal,1,3,23,55,4597
14985,MOB_TQ_TOMBGENERAL_CLON2,Tombe de Qin-Shi / FGW (101-110),89,7005004,0,3238228,1078,1724,89,89,166,166,2,8,unique_silencieux,1,3,28,55,4620
24101,MOV_EV_KANGAROO_B_089,AUTRE,89,38250,0,26984,1071,1714,89,89,166,166,2,0,normal,1,0,50,75,13376
9383,MOB_CH_STRONG_MANGNYANG,Chine (Jangan-Donwhang),90,676983,0,145923,1111,1778,90,90,167,167,2,0,normal,1,0,8,22,3525
17300,MOB_EU_HUNTER_NPC_08910891,Europe (Constantinople),90,17222,0,6949,1192,1724,90,90,167,167,2,0,normal,1,3,20,80,6935
17301,MOB_EU_HUNTER_NPC_08920892,Europe (Constantinople),90,19894,0,6949,1192,1724,90,90,167,167,2,0,normal,1,3,20,80,6936
17302,MOB_EU_HUNTER_NPC_08930893,Europe (Constantinople),90,19894,0,6949,1192,1724,90,90,167,167,2,0,normal,1,3,20,80,6937
17303,MOB_EU_HUNTER_NPC_08940894,Europe (Constantinople),90,17222,0,6949,1111,1778,90,90,167,167,2,0,normal,1,3,20,95,6938
17304,MOB_EU_HUNTER_NPC_08950895,Europe (Constantinople),90,17222,0,6949,1111,1778,90,90,167,167,2,0,normal,1,3,20,65,6939
17305,MOB_EU_HUNTER_NPC_08960896,Europe (Constantinople),90,17222,0,6949,1078,1834,90,90,167,167,2,0,normal,1,3,20,73,6940
17306,MOB_EU_HUNTER_NPC_08970897,Europe (Constantinople),90,17222,0,6949,1078,1834,90,90,167,167,2,0,normal,1,3,20,73,6941
17307,MOB_EU_HUNTER_NPC_08980898,Europe (Constantinople),90,17222,0,6949,1078,1834,90,90,167,167,2,0,normal,1,3,20,73,6942
17308,MOB_EU_HUNTER_NPC_08990899,Europe (Constantinople),90,17222,0,6949,1078,1834,90,90,167,167,2,0,normal,1,3,20,73,6943
17309,MOB_EU_HUNTER_NPC_09000900,Europe (Constantinople),90,17222,0,6949,1078,1834,90,90,167,167,2,0,normal,1,3,20,73,6944
15900,MOB_EU_THIEF_NPC_08910891,Europe (Constantinople),90,19894,0,6949,1192,1724,90,90,167,167,2,0,normal,1,3,20,80,5535
15901,MOB_EU_THIEF_NPC_08920892,Europe (Constantinople),90,19894,0,6949,1192,1724,90,90,167,167,2,0,normal,1,3,20,80,5536
15902,MOB_EU_THIEF_NPC_08930893,Europe (Constantinople),90,19894,0,6949,1192,1724,90,16777306,167,167,2,0,normal,1,3,20,80,5537
15903,MOB_EU_THIEF_NPC_08940894,Europe (Constantinople),90,17222,0,6949,1111,1778,90,90,167,167,2,0,normal,1,3,20,95,5538
15905,MOB_EU_THIEF_NPC_08960896,Europe (Constantinople),90,17222,0,6949,1078,1834,90,90,167,167,2,0,normal,1,3,20,73,5540
15906,MOB_EU_THIEF_NPC_08970897,Europe (Constantinople),90,17222,0,6949,1078,1834,90,90,167,167,2,0,normal,1,3,20,73,5541
15907,MOB_EU_THIEF_NPC_08980898,Europe (Constantinople),90,17222,0,6949,1078,1834,90,90,167,167,2,0,normal,1,3,20,73,5542
15908,MOB_EU_THIEF_NPC_08990899,Europe (Constantinople),90,17222,0,6949,1078,1834,90,90,167,167,2,0,normal,1,3,20,73,5543
15909,MOB_EU_THIEF_NPC_09000900,Europe (Constantinople),90,17222,0,6949,1078,1834,90,90,167,167,2,0,normal,1,3,20,73,5544
26917,MOB_EVE_STRONG_TQ_TOMBBUGGHOST_CLON2,Evenement,90,22566,0,6949,951,2153,90,90,167,167,2,7,7,1,3,50,55,13723
28826,MOB_EV_WINTER_PRINCESS_90,Evenement,90,33065481,0,13341498,951,2153,90,90,167,167,2,3,unique_notice,1,3,20,120,15600
28818,MOB_EV_WINTER_WHITEKNIGHT_90,Evenement,90,5510914,0,6670749,951,2153,90,90,167,167,2,3,unique_notice,1,3,30,180,15592
22188,MOB_FW_HYEONGCHEON_090,Forteresse (guerre de forteresse),90,21663440,0,10006123,1111,1778,90,90,167,167,2,3,unique_notice,1,3,23,74,11742
22328,MOB_FW_MUJIGI_090,Forteresse (guerre de forteresse),90,16532741,0,10006123,1111,1778,90,90,167,167,2,3,unique_notice,1,3,38,143,11882
21488,MOB_FW_TAESE_090,Forteresse (guerre de forteresse),90,28884587,0,13341498,1229,1672,90,90,167,167,2,3,unique_notice,1,3,10,34,11042
36058,MOB_GNGUC_ROYALSOLDIERGNGWC_,AUTRE,90,17222,0,7296,1192,1724,90,90,167,167,2,0,normal,0,3,23,55,17850
36059,MOB_GNGWC_TOMBBUGGHOST_CLON2GNGWC_,AUTRE,90,22566,0,6949,1111,1778,90,90,167,167,2,0,normal,0,3,50,55,17851
8475,MOB_HUNTER_NPC_08910891,AUTRE,90,19894,0,6949,1111,1778,90,90,167,167,2,0,normal,1,3,20,61,3008
8476,MOB_HUNTER_NPC_08920892,AUTRE,90,17222,0,6949,1192,1724,90,90,167,167,2,0,normal,1,3,20,61,3009
8477,MOB_HUNTER_NPC_08930893,AUTRE,90,19894,0,6949,1111,1778,90,90,167,167,2,0,normal,1,3,20,65,3010
8478,MOB_HUNTER_NPC_08940894,AUTRE,90,19894,0,6949,1078,1834,90,90,167,167,2,0,normal,1,3,20,73,3011
8479,MOB_HUNTER_NPC_08950895,AUTRE,90,17222,0,6949,1111,1778,90,90,167,167,2,0,normal,1,3,20,95,3012
8480,MOB_HUNTER_NPC_08960896,AUTRE,90,19894,0,6949,1192,1724,90,90,167,167,2,0,normal,1,3,20,61,3013
8481,MOB_HUNTER_NPC_08970897,AUTRE,90,19894,0,6949,1111,1778,90,90,167,167,2,0,normal,1,3,20,61,3014
8482,MOB_HUNTER_NPC_08980898,AUTRE,90,17222,0,6949,1078,1834,90,90,167,167,2,0,normal,1,3,20,65,3015
8483,MOB_HUNTER_NPC_08990899,AUTRE,90,19894,0,6949,1111,1778,90,90,167,167,2,0,normal,1,3,20,73,3016
8484,MOB_HUNTER_NPC_09000900,AUTRE,90,17222,0,6949,1192,1724,90,16777306,167,167,2,0,normal,1,3,20,95,3017
5872,MOB_QT_01_ROCKY_CLON2,Tombe de Qin-Shi (clones/quete),90,344432,0,37060,1078,1834,90,90,251,251,2,0,normal,1,0,23,120,1742
5951,MOB_QT_01_TAHOMET,Tombe de Qin-Shi (clones/quete),90,12732060,0,6670749,898,1528,90,90,167,167,2,0,normal,1,0,23,75,1763
14901,MOB_QT_01_WINGTRIBESPEAR,Tombe de Qin-Shi (clones/quete),90,17222,0,2316,1078,1834,90,90,167,167,2,0,normal,1,0,37,120,4536
5873,MOB_QT_02_ROCKY_CLON2,Tombe de Qin-Shi (clones/quete),90,344432,0,37060,1078,1834,90,90,167,167,20,0,normal,1,0,23,120,1743
5874,MOB_QT_03_ROCKY_CLON2,Tombe de Qin-Shi (clones/quete),90,688864,0,37060,1078,1834,90,90,167,167,2,0,normal,1,0,23,120,1744
5875,MOB_QT_04_ROCKY_CLON2,Tombe de Qin-Shi (clones/quete),90,344432,0,37060,1078,1834,90,16777306,167,167,2,0,normal,1,0,23,120,1745
5877,MOB_QT_06_ROCKY_CLON2,Tombe de Qin-Shi (clones/quete),90,344432,0,37060,1078,1834,140,90,167,167,2,0,normal,1,0,23,120,1747
5878,MOB_QT_07_ROCKY_CLON2,Tombe de Qin-Shi (clones/quete),90,344432,0,37060,1078,1834,90,140,167,167,2,0,normal,1,0,23,120,1748
24010,MOB_QT_RM_FEATHERMASK_01,Tombe de Qin-Shi (clones/quete),90,344432,0,2316,1267,1834,90,90,167,167,2,0,normal,1,3,23,42,13285
24012,MOB_QT_RM_GOAT_CLON_01,Tombe de Qin-Shi (clones/quete),90,344432,0,3474,1111,1778,90,90,167,167,2,0,normal,1,3,23,100,13287
24011,MOB_QT_RM_ROCKY_CLON_01,Tombe de Qin-Shi (clones/quete),90,397877,0,2316,1078,1834,90,90,167,167,2,0,normal,1,3,23,75,13286
22876,MOB_QT_TQ_TOMBGENERAL1,Tombe de Qin-Shi (clones/quete),90,6196043,0,0,951,1522,90,90,167,167,2,0,normal,1,3,28,55,12415
22877,MOB_QT_TQ_TOMBGENERAL2,Tombe de Qin-Shi (clones/quete),90,6794561,0,0,1045,1672,90,90,167,167,2,0,normal,1,3,28,55,12416
22878,MOB_QT_TQ_TOMBGENERAL3,Tombe de Qin-Shi (clones/quete),90,7005004,0,0,1078,1724,90,90,167,167,2,0,normal,1,3,28,55,12417
22879,MOB_QT_TQ_TOMBGENERAL4,Tombe de Qin-Shi (clones/quete),90,7221147,0,13341498,1111,1778,90,90,167,167,2,0,normal,1,3,28,55,12418
5879,MOB_RM_ROCKY_CLON2,"Rock Mountain / nord Alexandrie (Shaitan, Roc)",90,17222,0,6949,1078,1834,90,90,167,167,2,0,normal,1,3,23,120,1749
3875,MOB_RM_TAHOMET,"Rock Mountain / nord Alexandrie (Shaitan, Roc)",90,12732060,0,6670749,898,1528,90,90,167,167,2,3,unique_notice,1,3,23,75,1685
7563,MOB_RM_TAHOMET_L2,"Rock Mountain / nord Alexandrie (Shaitan, Roc)",90,127320602,0,26682996,898,1528,90,90,167,167,2,3,unique_notice,1,3,31,101,2111
7564,MOB_RM_TAHOMET_L3,"Rock Mountain / nord Alexandrie (Shaitan, Roc)",90,38196181,0,13341498,898,1528,90,90,167,167,2,3,unique_notice,1,3,39,128,2112
3112,MOB_THIEF_NPC_08910891,Evenement caravan/thief,90,19894,0,6949,1111,1778,90,90,167,167,2,0,normal,1,3,20,61,1129
3113,MOB_THIEF_NPC_08920892,Evenement caravan/thief,90,17222,0,6949,1192,1724,90,90,167,167,2,0,normal,1,3,20,61,1130
3114,MOB_THIEF_NPC_08930893,Evenement caravan/thief,90,19894,0,6949,1111,1778,90,90,167,167,2,0,normal,1,3,20,321,1131
3115,MOB_THIEF_NPC_08940894,Evenement caravan/thief,90,19894,0,6949,1078,1834,90,90,167,167,2,0,normal,1,3,20,73,1132
3117,MOB_THIEF_NPC_08960896,Evenement caravan/thief,90,19894,0,6949,1192,1724,90,90,167,167,2,0,normal,1,3,20,61,1134
3118,MOB_THIEF_NPC_08970897,Evenement caravan/thief,90,19894,0,6949,1111,1778,90,90,167,167,2,0,normal,1,3,20,61,1135
3119,MOB_THIEF_NPC_08980898,Evenement caravan/thief,90,17222,0,6949,1078,1834,90,90,167,167,2,0,normal,1,3,20,65,1136
3120,MOB_THIEF_NPC_08990899,Evenement caravan/thief,90,19894,0,6949,1111,1778,90,90,167,167,2,0,normal,1,3,20,73,1137
3121,MOB_THIEF_NPC_09000900,Evenement caravan/thief,90,17222,0,6949,1192,1724,90,90,167,167,2,0,normal,1,3,20,95,1138
3116,MOB_THIEF_NPC_09950895,Evenement caravan/thief,90,17222,0,6949,1111,1778,90,90,167,167,2,0,normal,1,3,20,95,1133
14963,MOB_TQ_ROYALSOLDIER,Tombe de Qin-Shi / FGW (101-110),90,17222,0,7296,1192,1724,90,90,167,167,2,0,normal,1,3,23,55,4598
14964,MOB_TQ_TOMBBUGGHOST_CLON2,Tombe de Qin-Shi / FGW (101-110),90,22566,0,6949,1111,1778,90,90,167,167,2,0,normal,1,3,50,55,4599
14986,MOB_TQ_TOMBGENERAL_CLON3,Tombe de Qin-Shi / FGW (101-110),90,7221147,0,3335374,1111,1778,90,90,167,167,2,8,unique_silencieux,1,3,28,55,4621
24102,MOV_EV_KANGAROO_B_090,AUTRE,90,39434,0,27796,1104,1766,90,90,167,167,2,0,normal,1,0,50,75,13377
8488,MMB_HUNTER_NPC_09040904,AUTRE,91,18247,0,7157,1229,1778,91,91,168,168,2,0,normal,1,3,20,73,3021
17310,MOB_EU_HUNTER_NPC_09010901,Europe (Constantinople),91,18247,0,7157,1229,1778,91,91,168,168,2,0,normal,1,3,20,80,6945
17311,MOB_EU_HUNTER_NPC_09020902,Europe (Constantinople),91,18247,0,7157,1229,1778,91,91,168,168,2,0,normal,1,3,20,80,6946
17312,MOB_EU_HUNTER_NPC_09030903,Europe (Constantinople),91,18247,0,7157,1229,1778,91,91,168,168,2,0,normal,1,3,20,80,6947
17313,MOB_EU_HUNTER_NPC_09040904,Europe (Constantinople),91,18247,0,7157,1192,1834,91,91,168,168,2,0,normal,1,3,20,96,6948
17314,MOB_EU_HUNTER_NPC_09050905,Europe (Constantinople),91,18247,0,7157,1192,1834,91,91,168,168,2,0,normal,1,3,20,65,6949
17315,MOB_EU_HUNTER_NPC_09060906,Europe (Constantinople),91,18247,0,7157,1111,1891,91,91,168,168,2,0,normal,1,3,20,73,6950
17316,MOB_EU_HUNTER_NPC_09070907,Europe (Constantinople),91,18247,0,7157,1111,1891,91,91,168,168,2,0,normal,1,3,20,73,6951
17318,MOB_EU_HUNTER_NPC_09090909,Europe (Constantinople),91,18247,0,7157,1111,1891,91,16777307,168,168,2,0,normal,1,3,20,73,6953
17319,MOB_EU_HUNTER_NPC_09100910,Europe (Constantinople),91,18247,0,7157,1111,1891,91,91,168,168,2,0,normal,1,3,20,73,6954
15911,MOB_EU_THIEF_NPC_09020902,Europe (Constantinople),91,18247,0,7157,1229,1778,91,91,168,168,2,0,normal,1,3,20,80,5546
15912,MOB_EU_THIEF_NPC_09031903,Europe (Constantinople),91,18247,0,7157,1229,1778,91,91,168,168,2,0,normal,1,3,20,80,5547
15913,MOB_EU_THIEF_NPC_09040904,Europe (Constantinople),91,18247,0,7157,1192,1834,91,91,168,168,2,0,normal,1,3,20,96,5548
15914,MOB_EU_THIEF_NPC_09050905,Europe (Constantinople),91,18247,0,7157,1192,1834,91,91,168,168,2,0,normal,1,3,20,65,5549
15915,MOB_EU_THIEF_NPC_09060906,Europe (Constantinople),91,18247,0,7157,1111,1891,91,91,168,168,2,0,normal,1,3,20,73,5550
15916,MOB_EU_THIEF_NPC_09070907,Europe (Constantinople),91,18247,0,7157,1111,1891,91,91,168,168,2,0,normal,1,3,20,73,5551
15917,MOB_EU_THIEF_NPC_09080908,Europe (Constantinople),91,18247,0,7157,1111,1891,91,91,168,168,2,0,normal,1,3,20,73,5552
15918,MOB_EU_THIEF_NPC_09090909,Europe (Constantinople),91,18247,0,7157,1111,1891,91,91,168,168,2,0,normal,1,3,20,73,5553
15919,MOB_EU_THIEF_NPC_09100910,Europe (Constantinople),91,18247,0,7157,1111,1891,91,91,168,168,2,0,normal,1,3,20,73,5554
26918,MOB_EVE_STRONG_TQ_SNAKESLAVE_CLON2,Evenement,91,23918,0,7157,982,2219,91,91,168,168,2,7,7,1,3,30,55,13724
22609,MOB_FW_BATTLEGOLEM_091,Forteresse (guerre de forteresse),91,23356271,0,13741743,1267,1724,91,91,168,168,2,3,unique_notice,1,3,42,56,12163
22189,MOB_FW_HYEONGCHEON_091,Forteresse (guerre de forteresse),91,22961141,0,10306307,1192,1834,91,91,168,168,2,3,unique_notice,1,3,23,74,11743
22329,MOB_FW_MUJIGI_091,Forteresse (guerre de forteresse),91,17517203,0,10306307,1192,1834,91,91,168,168,2,3,unique_notice,1,3,38,143,11883
21489,MOB_FW_TAESE_091,Forteresse (guerre de forteresse),91,30614854,0,13741743,1267,1724,91,91,168,168,2,3,unique_notice,1,3,10,34,11043
36225,MOB_GOD_GHOST_MARAUDER_A1,Forgotten World (pilliers/uniques),91,23918,0,7157,1111,1891,91,91,168,168,2,0,normal,1,3,15,55,18017
36233,MOB_GOD_GHOST_SEIREN_A1,Forgotten World (pilliers/uniques),91,23918,0,7157,1111,1891,91,91,168,168,2,0,normal,1,3,30,55,18025
36313,MOB_GOD_GHOST_TREASUREBOX_A1,Forgotten World (pilliers/uniques),91,23918,0,7157,1192,1834,91,91,168,168,2,0,normal,1,3,0,0,18105
36039,MOB_GOD_PILLAR_WRECK_91_100,Forgotten World (pilliers/uniques),91,36494,0,7157,1192,1834,91,91,168,168,2,0,normal,1,3,0,0,17831
8485,MOB_HUNTER_NPC_09010901,AUTRE,91,18247,0,7157,1192,1834,91,91,168,168,2,0,normal,1,3,20,61,3018
8486,MOB_HUNTER_NPC_09020902,AUTRE,91,21082,0,7157,1111,1891,91,91,168,168,2,0,normal,1,3,20,61,3019
8487,MOB_HUNTER_NPC_09030903,AUTRE,91,21082,0,7157,1192,1834,91,91,168,168,2,0,normal,1,3,20,65,3020
8489,MOB_HUNTER_NPC_09050905,AUTRE,91,18247,0,7157,1192,1834,91,91,168,168,2,0,normal,1,3,20,96,3022
8490,MOB_HUNTER_NPC_09060906,AUTRE,91,21082,0,7157,1111,1891,91,91,168,168,2,0,normal,1,3,20,61,3023
8491,MOB_HUNTER_NPC_09070907,AUTRE,91,18247,0,7157,1192,1834,91,91,168,168,2,0,normal,1,3,20,61,3024
8492,MOB_HUNTER_NPC_09080908,AUTRE,91,21082,0,7157,1229,1778,91,91,168,168,2,0,normal,1,3,20,65,3025
8493,MOB_HUNTER_NPC_09090909,AUTRE,91,21082,0,7157,1192,1834,91,91,168,168,2,0,normal,1,3,20,73,3026
8493,MOB_HUNTER_NPC_09090909,AUTRE,91,21082,0,7157,1192,1834,91,91,168,168,2,0,normal,1,3,20,73,3026
8494,MOB_HUNTER_NPC_09100910,AUTRE,91,18247,0,7157,1111,1891,91,91,168,168,2,0,normal,1,3,20,96,3027
3122,MOB_THIEF_NPC_09010901,Evenement caravan/thief,91,18247,0,7157,1192,1834,91,91,168,168,2,0,normal,1,3,20,61,1139
3124,MOB_THIEF_NPC_09030903,Evenement caravan/thief,91,21082,0,7157,1192,1834,91,91,168,168,2,0,normal,1,3,20,65,1141
3125,MOB_THIEF_NPC_09040904,Evenement caravan/thief,91,18247,0,7157,1229,1778,91,91,168,168,2,0,normal,1,3,20,73,1142
3126,MOB_THIEF_NPC_09050905,Evenement caravan/thief,91,18247,0,7157,1192,1834,91,91,168,168,2,0,normal,1,3,20,96,1143
3127,MOB_THIEF_NPC_09060906,Evenement caravan/thief,91,21082,0,7157,1111,1891,91,91,168,168,2,0,normal,1,3,20,61,1144
3128,MOB_THIEF_NPC_09070907,Evenement caravan/thief,91,18247,0,7157,1192,1834,91,16777307,168,168,2,0,normal,1,3,20,61,1145
3129,MOB_THIEF_NPC_09080908,Evenement caravan/thief,91,21082,0,7157,1229,1778,91,91,168,168,2,0,normal,1,3,20,65,1146
3130,MOB_THIEF_NPC_09090909,Evenement caravan/thief,91,21082,0,7157,1192,1834,91,91,168,168,2,0,normal,1,3,20,329,1147
3131,MOB_THIEF_NPC_09100910,Evenement caravan/thief,91,18247,0,7157,1111,1891,91,91,168,168,2,0,normal,1,3,20,96,1148
14965,MOB_TQ_SNAKESLAVE_CLON2,Tombe de Qin-Shi / FGW (101-110),91,23918,0,7157,1192,1834,91,91,168,168,2,0,normal,1,3,30,55,4600
14966,MOB_TQ_TOMBBUGGHOST_CLON,Tombe de Qin-Shi / FGW (101-110),91,23918,0,7157,1192,1834,91,16777307,168,168,2,0,normal,1,3,50,55,4601
24103,MOV_EV_BEAR_B_091,AUTRE,91,40651,0,28628,1138,1820,91,91,168,168,2,0,normal,1,0,50,75,13378
17320,MOB_EU_HUNTER_NPC_09110911,Europe (Constantinople),92,19300,0,7372,1267,1834,92,92,169,169,2,0,normal,1,3,20,81,6955
17321,MOB_EU_HUNTER_NPC_09120912,Europe (Constantinople),92,19300,0,7372,1267,1834,92,92,169,169,2,0,normal,1,3,20,81,6956
17322,MOB_EU_HUNTER_NPC_09130913,Europe (Constantinople),92,19300,0,7372,1267,1834,92,92,169,169,2,0,normal,1,3,20,81,6957
17323,MOB_EU_HUNTER_NPC_09140914,Europe (Constantinople),92,19300,0,7372,1229,1891,92,92,169,169,2,0,normal,1,3,20,96,6958
17324,MOB_EU_HUNTER_NPC_09150915,Europe (Constantinople),92,19300,0,7372,1229,1891,92,92,169,169,2,0,normal,1,3,20,65,6959
17325,MOB_EU_HUNTER_NPC_09160916,Europe (Constantinople),92,19300,0,7372,1192,2027,92,92,169,169,2,0,normal,1,3,20,73,6960
17326,MOB_EU_HUNTER_NPC_09170917,Europe (Constantinople),92,19300,0,7372,1192,2027,92,92,169,169,2,0,normal,1,3,20,73,6961
17327,MOB_EU_HUNTER_NPC_09180918,Europe (Constantinople),92,19300,0,7372,1192,2027,92,92,169,169,2,0,normal,1,3,20,73,6962
17328,MOB_EU_HUNTER_NPC_09190919,Europe (Constantinople),92,19300,0,7372,1192,2027,92,92,169,169,2,0,normal,1,3,20,73,6963
17329,MOB_EU_HUNTER_NPC_09200920,Europe (Constantinople),92,19300,0,7372,1192,2027,92,92,169,169,2,0,normal,1,3,20,73,6964
15920,MOB_EU_THIEF_NPC_09110911,Europe (Constantinople),92,19300,0,7372,1267,1834,92,92,169,169,2,0,normal,1,3,20,81,5555
15921,MOB_EU_THIEF_NPC_09120912,Europe (Constantinople),92,19300,0,7372,1267,1834,92,92,169,169,2,0,normal,1,3,20,81,5556
15922,MOB_EU_THIEF_NPC_09130913,Europe (Constantinople),92,19300,0,7372,1267,1834,92,92,169,169,2,0,normal,1,3,20,81,5557
15923,MOB_EU_THIEF_NPC_09140914,Europe (Constantinople),92,19300,0,7372,1229,1891,92,92,169,169,2,0,normal,1,3,20,96,5558
15924,MOB_EU_THIEF_NPC_09150915,Europe (Constantinople),92,19300,0,7372,1229,1891,92,92,169,169,2,0,normal,1,3,20,65,5559
15925,MOB_EU_THIEF_NPC_09160916,Europe (Constantinople),92,19300,0,7372,1192,2027,92,92,169,169,2,0,normal,1,3,20,73,5560
15926,MOB_EU_THIEF_NPC_09170917,Europe (Constantinople),92,19300,0,7372,1192,2027,92,16777308,169,169,2,0,normal,1,3,20,329,5561
15927,MOB_EU_THIEF_NPC_09180918,Europe (Constantinople),92,19300,0,7372,1192,2027,92,92,169,169,2,0,normal,1,3,20,73,5562
15929,MOB_EU_THIEF_NPC_09200920,Europe (Constantinople),92,19300,0,7372,1192,2027,92,92,169,169,2,0,normal,1,3,20,73,5564
26919,MOB_EVE_STRONG_TQ_SMAKEWOMAN_CLON2,Evenement,92,22303,0,7372,1013,2371,92,92,169,169,2,7,7,1,3,40,75,13725
22610,MOB_FW_BATTLEGOLEM_092,Forteresse (guerre de forteresse),92,24704269,0,14153995,1306,1778,92,92,169,169,2,3,unique_notice,1,3,42,56,12164
22190,MOB_FW_HYEONGCHEON_092,Forteresse (guerre de forteresse),92,24293924,0,10615496,1229,1891,92,92,169,169,2,3,unique_notice,1,3,23,74,11744
22330,MOB_FW_MUJIGI_092,Forteresse (guerre de forteresse),92,18528201,0,10615496,1229,1891,92,92,169,169,2,3,unique_notice,1,3,38,143,11884
21490,MOB_FW_TAESE_092,Forteresse (guerre de forteresse),92,32391898,0,14153995,1306,1778,92,92,169,169,2,3,unique_notice,1,3,10,34,11044
36257,MOB_GOD_GHOST_COMMANDER_A1,Forgotten World (pilliers/uniques),92,25306,0,7372,1192,2027,92,92,169,169,2,0,normal,1,3,17,55,18049
36241,MOB_GOD_GHOST_KINGNIPPER_A1,Forgotten World (pilliers/uniques),92,25306,0,7372,1306,1778,92,92,169,169,2,0,normal,1,3,30,55,18033
36249,MOB_GOD_GHOST_PIRATE_A1,Forgotten World (pilliers/uniques),92,25306,0,7372,1229,1891,92,92,169,169,2,0,normal,1,3,12,55,18041
8495,MOB_HUNTER_NPC_09110911,AUTRE,92,22303,0,7372,1229,1891,92,92,169,169,2,0,normal,1,3,20,62,3028
8496,MOB_HUNTER_NPC_09120912,AUTRE,92,22303,0,7372,1267,1834,92,92,169,169,2,0,normal,1,3,20,62,3029
8497,MOB_HUNTER_NPC_09130913,AUTRE,92,19300,0,7372,1229,1891,92,92,169,169,2,0,normal,1,3,20,65,3030
8498,MOB_HUNTER_NPC_09140914,AUTRE,92,22303,0,7372,1192,2027,92,92,169,169,2,0,normal,1,3,20,73,3031
8499,MOB_HUNTER_NPC_09150915,AUTRE,92,19300,0,7372,1229,1891,92,92,169,169,2,0,normal,1,3,20,96,3032
8500,MOB_HUNTER_NPC_09160916,AUTRE,92,19300,0,7372,1267,1834,92,92,169,169,2,0,normal,1,3,20,62,3033
8501,MOB_HUNTER_NPC_09170917,AUTRE,92,22303,0,7372,1229,1891,92,92,169,169,2,0,normal,1,3,20,62,3034
8503,MOB_HUNTER_NPC_09190919,AUTRE,92,19300,0,7372,1229,1891,92,92,169,169,2,0,normal,1,3,20,73,3036
8504,MOB_HUNTER_NPC_09200920,AUTRE,92,19300,0,7372,1267,1834,92,92,169,169,2,0,normal,1,3,20,96,3037
3132,MOB_THIEF_NPC_09110911,Evenement caravan/thief,92,22303,0,7372,1229,1891,92,92,169,169,2,0,normal,1,3,20,62,1149
3133,MOB_THIEF_NPC_09120912,Evenement caravan/thief,92,22303,0,7372,1267,1834,92,92,169,169,2,0,normal,1,3,20,62,1150
3134,MOB_THIEF_NPC_09130913,Evenement caravan/thief,92,19300,0,7372,1229,1891,92,92,169,169,2,0,normal,1,3,20,65,1151
3135,MOB_THIEF_NPC_09140914,Evenement caravan/thief,92,22303,0,7372,1192,2027,92,92,169,169,2,0,normal,1,3,20,73,1152
3136,MOB_THIEF_NPC_09150915,Evenement caravan/thief,92,19300,0,7372,1229,1891,92,92,169,169,2,0,normal,1,3,20,96,1153
3137,MOB_THIEF_NPC_09160916,Evenement caravan/thief,92,19300,0,7372,1267,1834,92,92,169,169,2,0,normal,1,3,20,62,1154
3138,MOB_THIEF_NPC_09170917,Evenement caravan/thief,92,22303,0,7372,1229,1891,92,92,169,169,2,0,normal,1,3,20,62,1155
3140,MOB_THIEF_NPC_09190919,Evenement caravan/thief,92,19300,0,7372,1229,1891,92,92,169,169,2,0,normal,1,3,20,73,1157
3141,MOB_THIEF_NPC_09200920,Evenement caravan/thief,92,19300,0,7372,1267,1834,92,92,169,169,2,0,normal,1,3,20,96,1158
14967,MOB_TQ_SNAKEWOMAN_CLON2,Tombe de Qin-Shi / FGW (101-110),92,22303,0,7372,1192,2027,92,92,169,169,2,0,normal,1,3,40,75,4602
14968,MOB_TQ_TOMBBUGGHOST,Tombe de Qin-Shi / FGW (101-110),92,25306,0,7372,1229,1891,92,92,169,169,2,0,normal,1,3,50,55,4603
24104,MOV_EV_BEAR_B_092,AUTRE,92,41901,0,29488,1172,1875,92,92,169,169,2,0,normal,1,0,50,75,13379
17330,MOB_EU_HUNTER_NPC_09210921,Europe (Constantinople),93,20382,0,7593,1306,1891,93,93,170,170,2,0,normal,1,3,20,81,6965
17331,MOB_EU_HUNTER_NPC_09220922,Europe (Constantinople),93,20382,0,7593,1306,1891,93,93,170,170,2,0,normal,1,3,20,81,6966
17332,MOB_EU_HUNTER_NPC_09230923,Europe (Constantinople),93,20382,0,7593,1306,1891,93,93,170,170,2,0,normal,1,3,20,81,6967
17333,MOB_EU_HUNTER_NPC_09240924,Europe (Constantinople),93,20382,0,7593,1267,2027,93,93,170,170,2,0,normal,1,3,20,97,6968
17334,MOB_EU_HUNTER_NPC_09250925,Europe (Constantinople),93,20382,0,7593,1267,2027,93,93,170,170,2,0,normal,1,3,20,66,6969
17335,MOB_EU_HUNTER_NPC_09260926,Europe (Constantinople),93,20382,0,7593,1229,2089,93,93,170,170,2,0,normal,1,3,20,73,6970
17336,MOB_EU_HUNTER_NPC_09270927,Europe (Constantinople),93,20382,0,7593,1229,2089,93,93,170,170,2,0,normal,1,3,20,73,6971
17337,MOB_EU_HUNTER_NPC_09280928,Europe (Constantinople),93,20382,0,7593,1229,2089,93,93,170,170,2,0,normal,1,3,20,73,6972
17338,MOB_EU_HUNTER_NPC_09290929,Europe (Constantinople),93,20382,0,7593,1229,2089,93,93,170,170,2,0,normal,1,3,20,73,6973
17339,MOB_EU_HUNTER_NPC_09300930,Europe (Constantinople),93,20382,0,7593,1229,2089,93,93,170,170,2,0,normal,1,3,20,73,6974
15930,MOB_EU_THIEF_NPC_09210921,Europe (Constantinople),93,20382,0,7593,1306,1891,93,93,170,170,2,0,normal,1,3,20,81,5565
15931,MOB_EU_THIEF_NPC_09220922,Europe (Constantinople),93,20382,0,7593,1306,1891,93,93,170,170,2,0,normal,1,3,20,81,5566
15932,MOB_EU_THIEF_NPC_09230923,Europe (Constantinople),93,20382,0,7593,1306,1891,93,93,170,170,2,0,normal,1,3,20,81,5567
15933,MOB_EU_THIEF_NPC_09240924,Europe (Constantinople),93,20382,0,7593,1267,2027,93,93,170,170,2,0,normal,1,3,20,97,5568
15934,MOB_EU_THIEF_NPC_09250925,Europe (Constantinople),93,20382,0,7593,1267,2027,93,93,170,170,2,0,normal,1,3,20,66,5569
15936,MOB_EU_THIEF_NPC_09270927,Europe (Constantinople),93,20382,0,7593,1229,2089,93,93,170,170,2,0,normal,1,3,20,73,5571
15937,MOB_EU_THIEF_NPC_09280928,Europe (Constantinople),93,20382,0,7593,1229,2089,93,93,170,170,2,0,normal,1,3,20,73,5572
15938,MOB_EU_THIEF_NPC_09290929,Europe (Constantinople),93,20382,0,7593,1229,2089,93,93,170,170,2,0,normal,1,3,20,73,5573
15939,MOB_EU_THIEF_NPC_09300930,Europe (Constantinople),93,20382,0,7593,1229,2089,93,93,170,170,2,0,normal,1,3,20,73,5574
26920,MOB_EVE_STRONG_TQ_SNAKESLAVE_CLON,Evenement,93,26732,0,7593,1045,2442,93,93,170,170,2,7,7,1,3,30,55,13726
22611,MOB_FW_AATTLEGOLEM_093,Forteresse (guerre de forteresse),93,26088538,0,14578615,1396,1834,93,93,170,170,2,3,unique_notice,1,3,42,56,12165
22191,MOB_FW_HYEONGCHEON_093,Forteresse (guerre de forteresse),93,25662674,0,10933961,1267,2027,93,93,170,170,2,3,unique_notice,1,3,23,74,11745
22331,MOB_FW_MUJIGI_093,Forteresse (guerre de forteresse),93,19566403,0,10933961,1267,2027,93,93,170,170,2,3,unique_notice,1,3,38,143,11885
21491,MOB_FW_TAESE_093,Forteresse (guerre de forteresse),93,34216899,0,14578615,1396,1834,93,93,170,170,2,3,unique_notice,1,3,10,34,11045
36289,MOB_GOD_GHOST_BEAST_A1,Forgotten World (pilliers/uniques),93,1130727,0,546698,1306,1891,93,93,170,170,2,8,unique_silencieux,1,3,30,75,18081
36297,MOB_GOD_GHOST_CURSE_A1,Forgotten World (pilliers/uniques),93,9783202,0,11390,761,2759,93,93,170,170,2,0,normal,1,3,20,100,18089
36305,MOB_GOD_GHOST_ENVY_A1,Forgotten World (pilliers/uniques),93,20382,0,11390,1267,2027,93,93,170,170,2,1,champion,1,3,23,100,18097
36281,MOB_GOD_GHOST_GLUTTONY_A1,Forgotten World (pilliers/uniques),93,1130727,0,546698,1306,1891,93,93,170,170,2,8,unique_silencieux,1,3,15,75,18073
36265,MOB_GOD_GHOST_SPECTER_A1,Forgotten World (pilliers/uniques),93,26732,0,7593,1229,2089,93,93,170,170,2,0,normal,1,3,10,55,18057
36335,MOB_GOD_GHOST_UNDINE_A1,Forgotten World (pilliers/uniques),93,11307269,0,5466981,1229,2089,93,93,170,170,2,3,unique_notice,1,3,30,75,18127
36273,MOB_GOD_GHOST_WRECK_A1,Forgotten World (pilliers/uniques),93,23557,0,7593,1267,2027,93,93,170,170,2,0,normal,1,3,30,75,18065
8505,MOB_HUNTER_NPC_09210921,AUTRE,93,23557,0,7593,1267,2027,93,93,170,170,2,0,normal,1,3,20,62,3038
8506,MOB_HUNTER_NPC_09220922,AUTRE,93,20382,0,7593,1229,2089,93,93,170,170,2,0,normal,1,3,20,62,3039
8507,MOB_HUNTER_NPC_09230923,AUTRE,93,23557,0,7593,1267,2027,93,93,170,170,2,0,normal,1,3,20,66,3040
8508,MOB_HUNTER_NPC_09240924,AUTRE,93,23557,0,7593,1306,1891,93,16777309,170,170,2,0,normal,1,3,20,73,3041
8509,MOB_HUNTER_NPC_09250925,AUTRE,93,20382,0,7593,1267,2027,93,93,170,170,2,0,normal,1,3,0,0,3042
8510,MOB_HUNTER_NPC_09260926,AUTRE,93,23557,0,7593,1229,2089,93,93,170,170,2,0,normal,1,3,20,62,3043
8511,MOB_HUNTER_NPC_09270927,AUTRE,93,23557,0,7593,1267,2027,93,93,170,170,2,0,normal,1,3,20,62,3044
8512,MOB_HUNTER_NPC_09280928,AUTRE,93,20382,0,7593,1306,1891,93,93,170,170,2,0,normal,1,3,20,66,3045
8513,MOB_HUNTER_NPC_09290929,AUTRE,93,23557,0,7593,1267,2027,93,93,170,170,2,0,normal,1,3,20,73,3046
8514,MOB_HUNTER_NPC_09300930,AUTRE,93,20382,0,7593,1229,2089,93,93,170,170,2,0,normal,1,3,20,97,3047
3142,MOB_THIEF_NPC_09210921,Evenement caravan/thief,93,23557,0,7593,1267,2027,93,93,170,170,2,0,normal,1,3,20,62,1159
3143,MOB_THIEF_NPC_09220922,Evenement caravan/thief,93,20382,0,7593,1229,2089,93,93,170,170,2,0,normal,1,3,20,62,1160
3144,MOB_THIEF_NPC_09230923,Evenement caravan/thief,93,23557,0,7593,1267,2027,93,93,170,170,2,0,normal,1,3,20,66,1161
3145,MOB_THIEF_NPC_09240924,Evenement caravan/thief,93,23557,0,7593,1306,1891,93,93,170,170,2,0,normal,1,3,20,73,1162
3146,MOB_THIEF_NPC_09250925,Evenement caravan/thief,93,20382,0,7593,1267,2027,93,93,170,170,2,0,normal,1,3,20,97,1163
3147,MOB_THIEF_NPC_09260926,Evenement caravan/thief,93,23557,0,7593,1229,2089,93,93,170,170,2,0,normal,1,3,20,318,1164
3148,MOB_THIEF_NPC_09270927,Evenement caravan/thief,93,23557,0,7593,1267,2027,93,93,170,170,2,0,normal,1,3,20,62,1165
3149,MOB_THIEF_NPC_09280928,Evenement caravan/thief,93,20382,0,7593,1306,1891,93,93,170,170,2,0,normal,1,3,20,66,1166
3150,MOB_THIEF_NPC_09290929,Evenement caravan/thief,93,23557,0,7593,1267,2027,93,93,170,170,2,0,normal,1,3,20,73,1167
3151,MOB_THIEF_NPC_09300930,Evenement caravan/thief,93,20382,0,7593,1229,2089,93,93,170,170,2,0,normal,1,3,20,97,1168
14969,MOB_TQ_SNAKESLAVE_CLON,Tombe de Qin-Shi / FGW (101-110),93,26732,0,7593,1267,2027,93,93,170,170,2,0,normal,1,3,30,55,4604
24105,MOV_EV_BEAR_B_093,AUTRE,93,43184,0,30372,1208,1932,93,93,170,170,2,0,normal,1,0,50,75,13380
8520,MMB_HUNTER_NPC_09360936,AUTRE,94,24844,0,7821,1396,2027,94,94,171,171,2,0,normal,1,3,20,62,3053
36314,MOB_EOD_GHOST_TREASUREBOX_A2,AUTRE,94,28196,0,7821,1306,2089,94,94,171,171,2,0,normal,1,3,0,0,18106
17340,MOB_EU_HUNTER_NPC_09310931,Europe (Constantinople),94,21492,0,7821,1396,2027,94,94,171,171,2,0,normal,1,3,20,81,6975
17341,MOB_EU_HUNTER_NPC_09320932,Europe (Constantinople),94,21492,0,7821,1396,2027,94,94,171,171,2,0,normal,1,3,20,81,6976
17342,MOB_EU_HUNTER_NPC_09330933,Europe (Constantinople),94,21492,0,7821,1396,2027,94,16777310,171,171,2,0,normal,1,3,20,81,6977
17343,MOB_EU_HUNTER_NPC_09340934,Europe (Constantinople),94,21492,0,7821,1306,2089,94,94,171,171,2,0,normal,1,3,20,97,6978
17344,MOB_EU_HUNTER_NPC_09350935,Europe (Constantinople),94,21492,0,7821,1306,2089,94,94,171,171,2,0,normal,1,3,20,66,6979
17345,MOB_EU_HUNTER_NPC_09360936,Europe (Constantinople),94,21492,0,7821,1267,2153,94,94,171,171,2,0,normal,1,3,20,74,6980
17346,MOB_EU_HUNTER_NPC_09370937,Europe (Constantinople),94,21492,0,7821,1267,2153,94,94,171,171,2,0,normal,1,3,20,74,6981
17347,MOB_EU_HUNTER_NPC_09380938,Europe (Constantinople),94,21492,0,7821,1267,2153,94,94,171,171,2,0,normal,1,3,20,74,6982
17349,MOB_EU_HUNTER_NPC_09400940,Europe (Constantinople),94,21492,0,7821,1267,2153,94,94,171,171,2,0,normal,1,3,20,74,6984
15943,MOB_EU_THIEF_NPC_09140934,Europe (Constantinople),94,21492,0,7821,1306,2089,94,94,171,171,2,0,normal,1,3,20,97,5578
15940,MOB_EU_THIEF_NPC_09310931,Europe (Constantinople),94,21492,0,7821,1396,2027,94,94,171,171,2,0,normal,1,3,20,81,5575
15941,MOB_EU_THIEF_NPC_09320932,Europe (Constantinople),94,21492,0,7821,1396,2027,94,94,171,171,2,0,normal,1,3,20,81,5576
15942,MOB_EU_THIEF_NPC_09330933,Europe (Constantinople),94,21492,0,7821,1396,2027,94,94,171,171,2,0,normal,1,3,20,81,5577
15944,MOB_EU_THIEF_NPC_09350935,Europe (Constantinople),94,21492,0,7821,1306,2089,94,94,171,171,2,0,normal,1,3,20,66,5579
15945,MOB_EU_THIEF_NPC_09360936,Europe (Constantinople),94,21492,0,7821,1267,2153,94,94,171,171,2,0,normal,1,3,20,74,5580
15946,MOB_EU_THIEF_NPC_09370937,Europe (Constantinople),94,21492,0,7821,1267,2153,94,94,171,171,2,0,normal,1,3,20,74,5581
15947,MOB_EU_THIEF_NPC_09380938,Europe (Constantinople),94,21492,0,7821,1267,2153,94,94,171,171,2,0,normal,1,3,20,74,5582
15948,MOB_EU_THIEF_NPC_09390939,Europe (Constantinople),94,21492,0,7821,1267,2153,94,94,171,171,2,0,normal,1,3,20,74,5583
15949,MOB_EU_THIEF_NPC_09400940,Europe (Constantinople),94,21492,0,7821,1267,2153,94,94,171,171,2,0,normal,1,3,20,74,5584
26921,MOB_EVE_STRONG_TQ_SNAKEDEMON_CLON2,Evenement,94,21492,0,7821,1078,2515,94,94,171,171,2,7,7,1,3,63,115,13727
22612,MOB_FW_BATTLEGOLEM_094,Forteresse (guerre de forteresse),94,27509989,0,15015974,1438,1891,94,94,171,171,2,3,unique_notice,1,3,42,56,12166
22192,MOB_FW_HYEONGCHEON_094,Forteresse (guerre de forteresse),94,27068297,0,11261981,1306,2089,94,94,171,171,2,3,unique_notice,1,3,23,74,11746
22332,MOB_FW_MUJIEI_094,Forteresse (guerre de forteresse),94,20632492,0,11261981,1306,2089,94,94,171,171,2,3,unique_notice,1,3,38,143,11886
21492,MOB_FW_TAESE_094,Forteresse (guerre de forteresse),94,36091062,0,15015974,1438,1891,94,94,171,171,2,3,unique_notice,1,3,10,34,11046
36226,MOB_GOD_GHOST_MARAUDER_A2,Forgotten World (pilliers/uniques),94,28196,0,7821,1267,2153,94,94,171,171,2,1,champion,1,3,15,55,18018
36227,MOB_GOD_GHOST_MARAUDER_A3,Forgotten World (pilliers/uniques),94,28196,0,7821,1267,2153,94,94,171,171,2,6,elite/quest,1,3,15,55,18019
36234,MOB_GOD_GHOST_SEIREN_A2,Forgotten World (pilliers/uniques),94,28196,0,7821,1267,2153,94,94,171,171,2,1,champion,1,3,30,55,18026
36235,MOB_GOD_GHOST_SEIREN_A3,Forgotten World (pilliers/uniques),94,28196,0,7821,1267,2153,94,94,171,171,2,6,elite/quest,1,3,30,55,18027
36315,MOB_GOD_GHOST_TREASUREBOX_A3,Forgotten World (pilliers/uniques),94,28196,0,11731,1306,2089,94,94,171,171,2,0,normal,1,3,0,0,18107
8515,MOB_HUNTER_NPC_09310931,AUTRE,94,21492,0,7821,1306,2089,94,94,171,171,2,0,normal,1,3,20,62,3048
8516,MOB_HUNTER_NPC_09320932,AUTRE,94,24844,0,7821,1396,2027,94,94,171,171,2,0,normal,1,3,20,62,3049
8517,MOB_HUNTER_NPC_09330933,AUTRE,94,24844,0,7821,1306,2089,94,94,171,171,2,0,normal,1,3,20,66,3050
8518,MOB_HUNTER_NPC_09340934,AUTRE,94,21492,0,7821,1267,2153,94,94,171,171,2,0,normal,1,3,20,74,3051
8519,MOB_HUNTER_NPC_09350935,AUTRE,94,21492,0,7821,1306,2089,94,94,171,171,2,0,normal,1,3,20,97,3052
8521,MOB_HUNTER_NPC_09370937,AUTRE,94,21492,0,7821,1306,2089,94,94,171,171,2,0,normal,1,3,20,62,3054
8522,MOB_HUNTER_NPC_09380938,AUTRE,94,24844,0,7821,1267,2153,94,94,171,171,2,0,normal,1,3,20,66,3055
8523,MOB_HUNTER_NPC_09390939,AUTRE,94,24844,0,7821,1306,2089,94,94,171,171,2,0,normal,1,3,20,74,3056
8524,MOB_HUNTER_NPC_09400940,AUTRE,94,21492,0,7821,1396,2027,94,94,171,171,2,0,normal,1,3,20,97,3057
3152,MOB_THIEF_NPC_09310931,Evenement caravan/thief,94,21492,0,7821,1306,2089,94,16777310,171,171,2,0,normal,1,3,20,62,1169
3153,MOB_THIEF_NPC_09320932,Evenement caravan/thief,94,24844,0,7821,1396,2027,94,94,171,171,2,0,normal,1,3,20,62,1170
3154,MOB_THIEF_NPC_09330933,Evenement caravan/thief,94,24844,0,7821,1306,2089,94,94,171,171,2,0,normal,1,3,20,66,1171
3155,MOB_THIEF_NPC_09340934,Evenement caravan/thief,94,21492,0,7821,1267,2153,94,94,171,171,2,0,normal,1,3,20,74,1172
3157,MOB_THIEF_NPC_09360936,Evenement caravan/thief,94,24844,0,7821,1396,2027,94,94,171,171,2,0,normal,1,3,20,62,1174
3158,MOB_THIEF_NPC_09370937,Evenement caravan/thief,94,21492,0,7821,1306,2089,94,94,171,171,2,0,normal,1,3,20,62,1175
3159,MOB_THIEF_NPC_09380938,Evenement caravan/thief,94,24844,0,7821,1267,2153,94,94,171,171,2,0,normal,1,3,20,66,1176
3160,MOB_THIEF_NPC_09390939,Evenement caravan/thief,94,24844,0,7821,1306,2089,94,94,171,171,2,0,normal,1,3,20,74,1177
3161,MOB_THIEF_NPC_09400940,Evenement caravan/thief,94,21492,0,7821,1396,2027,94,94,171,171,2,0,normal,1,3,20,97,1178
14971,MOB_TQ_SNAKEDEMON_CLON2,Tombe de Qin-Shi / FGW (101-110),94,21492,0,7821,1267,2153,94,94,171,171,2,0,normal,1,3,63,115,4606
14970,MOB_TQ_SNAKEWOMAN_CLON,Tombe de Qin-Shi / FGW (101-110),94,24844,0,7821,1267,2153,94,94,171,171,2,0,normal,1,3,40,75,4605
24106,MOV_EV_BEAR_B_094,AUTRE,94,44501,0,31284,1244,1991,94,94,171,171,2,0,normal,1,0,50,75,13381
17350,MOB_EU_HUNTER_NPC_09410941,Europe (Constantinople),95,22632,0,8055,1438,2089,95,95,172,172,2,0,normal,1,3,20,82,6985
17351,MOB_EU_HUNTER_NPC_09420942,Europe (Constantinople),95,22632,0,8055,1438,2089,95,95,172,172,2,0,normal,1,3,20,82,6986
17352,MOB_EU_HUNTER_NPC_09430943,Europe (Constantinople),95,22632,0,8055,1438,2089,95,95,172,172,2,0,normal,1,3,20,82,6987
17353,MOB_EU_HUNTER_NPC_09440944,Europe (Constantinople),95,22632,0,8055,1396,2153,95,95,172,172,2,0,normal,1,3,20,98,6988
17354,MOB_EU_HUNTER_NPC_09450945,Europe (Constantinople),95,22632,0,8055,1396,2153,95,95,172,172,2,0,normal,1,3,20,66,6989
17355,MOB_EU_HUNTER_NPC_09460946,Europe (Constantinople),95,22632,0,8055,1306,2219,95,95,172,172,2,0,normal,1,3,20,74,6990
17357,MOB_EU_HUNTER_NPC_09480948,Europe (Constantinople),95,22632,0,8055,1306,2219,95,95,172,172,2,0,normal,1,3,20,74,6992
17358,MOB_EU_HUNTER_NPC_09490949,Europe (Constantinople),95,22632,0,8055,1306,2219,95,95,172,172,2,0,normal,1,3,20,74,6993
17359,MOB_EU_HUNTER_NPC_09500950,Europe (Constantinople),95,22632,0,8055,1306,2219,95,95,172,172,2,0,normal,1,3,20,74,6994
15950,MOB_EU_THIEF_NPC_09410941,Europe (Constantinople),95,22632,0,8055,1438,2089,95,16777311,172,172,2,0,normal,1,3,20,82,5585
15951,MOB_EU_THIEF_NPC_09420942,Europe (Constantinople),95,22632,0,8055,1438,2089,95,95,172,172,2,0,normal,1,3,20,82,5586
15952,MOB_EU_THIEF_NPC_09430943,Europe (Constantinople),95,22632,0,8055,1438,2089,95,95,172,172,2,0,normal,1,3,20,82,5587
15953,MOB_EU_THIEF_NPC_09440944,Europe (Constantinople),95,22632,0,8055,1396,2153,95,95,172,172,2,0,normal,1,3,20,98,5588
15954,MOB_EU_THIEF_NPC_09450945,Europe (Constantinople),95,22632,0,8055,1396,2153,95,95,172,172,2,0,normal,1,3,20,66,5589
15955,MOB_EU_THIEF_NPC_09460946,Europe (Constantinople),95,22632,0,8055,1306,2219,95,95,172,172,2,0,normal,1,3,20,74,5590
15956,MOB_EU_THIEF_NPC_09470947,Europe (Constantinople),95,22632,0,8055,1306,2219,95,95,172,172,2,0,normal,1,3,20,74,5591
15957,MOB_EU_THIEF_NPC_09480948,Europe (Constantinople),95,22632,0,8055,1306,2219,95,95,172,172,2,0,normal,1,3,20,330,5592
15958,MOB_EU_THIEF_NPC_09490949,Europe (Constantinople),95,22632,0,8055,1306,2219,95,95,172,172,2,0,normal,1,3,20,74,5593
15959,MOB_EU_THIEF_NPC_09500950,Europe (Constantinople),95,22632,0,8055,1306,2219,95,95,172,172,2,0,normal,1,3,20,74,5594
34051,MOB_EVE_HAPPY_TIGERWOMAN09,Evenement,95,43454336,0,7733227,1396,2153,95,95,172,172,2,3,unique_notice,0,0,20,346,17684
26922,MOB_EVE_STRONG_TQ_SNAKESLAVE,Evenement,95,29700,0,8055,1111,2591,95,95,172,172,2,7,7,1,3,30,55,13728
24344,MOB_EV_JINN_95,Evenement,95,890991,0,338329,1396,2153,95,95,172,172,2,0,normal,1,0,50,75,13455
22613,MOB_FW_BATTLEGOLEM_095,Forteresse (guerre de forteresse),95,28969557,0,15466453,1482,2027,95,95,172,172,2,3,unique_notice,1,3,42,56,12167
22193,MOB_FW_HYEONGCHEON_095,Forteresse (guerre de forteresse),95,28511719,0,11599840,1396,2153,95,95,172,172,2,3,unique_notice,1,3,23,74,11747
22333,MOB_FW_MUJIGI_095,Forteresse (guerre de forteresse),95,21727168,0,11599840,1396,2153,95,95,172,172,2,3,unique_notice,1,3,38,143,11887
21493,MOB_FW_TAESE_095,Forteresse (guerre de forteresse),95,38015625,0,15466453,1482,2027,95,95,172,172,2,3,unique_notice,1,3,10,34,11047
36062,MOB_GNGWC_GUARDROCKYGNGWC_,AUTRE,95,104664,0,32222,1396,2153,95,95,172,172,2,0,normal,0,3,30,75,17854
36258,MOB_GOD_GHOST_COMMANDER_A2,Forgotten World (pilliers/uniques),95,29700,0,8055,1306,2219,95,95,172,172,2,1,champion,1,3,17,55,18050
36259,MOB_GOD_GHOST_COMMANDER_A3,Forgotten World (pilliers/uniques),95,29700,0,8055,1306,2219,95,95,172,172,2,6,elite/quest,1,3,17,55,18051
36242,MOB_GOD_GHOST_KINGNIPPER_A2,Forgotten World (pilliers/uniques),95,29700,0,8055,1482,2027,95,95,172,172,2,1,champion,1,3,30,55,18034
36243,MOB_GOD_GHOST_KINGNIPPER_A3,Forgotten World (pilliers/uniques),95,29700,0,8055,1482,2027,95,95,172,172,2,6,elite/quest,1,3,30,55,18035
36250,MOB_GOD_GHOST_PIRATE_A2,Forgotten World (pilliers/uniques),95,29700,0,8055,1396,2153,95,95,172,172,2,1,champion,1,3,12,55,18042
36251,MOB_GOD_GHOST_PIRATE_A3,Forgotten World (pilliers/uniques),95,29700,0,8055,1396,2153,95,95,172,172,2,6,elite/quest,1,3,12,55,18043
36046,MOB_GOD_PILLAR_ENVY_91_100,Forgotten World (pilliers/uniques),95,26166,0,16111,1396,2153,95,95,172,172,2,1,champion,1,3,15,75,17838
36053,MOB_GOD_PILLAR_ENVY_DROP_91_100,Forgotten World (pilliers/uniques),95,52332,0,32222,1396,2153,95,95,172,172,2,0,normal,1,3,15,75,17845
8525,MOB_HUNTER_NPC_09410941,AUTRE,95,26166,0,8055,1396,2153,95,95,172,172,2,0,normal,1,3,20,62,3058
8525,MOB_HUNTER_NPC_09410941,AUTRE,95,26166,0,8055,1396,2153,95,95,172,172,2,0,normal,1,3,20,62,3058
8526,MOB_HUNTER_NPC_09420942,AUTRE,95,26166,0,8055,1306,2219,95,95,172,172,2,0,normal,1,3,20,62,3059
8527,MOB_HUNTER_NPC_09430943,AUTRE,95,22632,0,8055,1396,2153,95,95,172,172,2,0,normal,1,3,20,66,3060
8528,MOB_HUNTER_NPC_09440944,AUTRE,95,26166,0,8055,1438,2089,95,95,172,172,2,0,normal,1,3,20,74,3061
8529,MOB_HUNTER_NPC_09450945,AUTRE,95,22632,0,8055,1396,2153,95,95,172,172,2,0,normal,1,3,20,98,3062
8530,MOB_HUNTER_NPC_09460946,AUTRE,95,22632,0,8055,1306,2219,95,95,172,172,2,0,normal,1,3,20,62,3063
8531,MOB_HUNTER_NPC_09470947,AUTRE,95,26166,0,8055,1396,2153,95,95,172,172,2,0,normal,1,3,20,62,3064
8532,MOB_HUNTER_NPC_09480948,AUTRE,95,26166,0,8055,1438,2089,95,16777311,172,172,2,0,normal,1,3,20,66,3065
8533,MOB_HUNTER_NPC_09490949,AUTRE,95,22632,0,8055,1396,2153,95,95,172,172,2,0,normal,1,3,20,74,3066
23429,MOB_QT_CH_CHARGHOST_01,Tombe de Qin-Shi (clones/quete),95,113162,0,0,1396,2153,95,95,172,172,2,1,champion,1,0,35,55,12772
24007,MOB_QT_CH_CHARGHOST_02,Tombe de Qin-Shi (clones/quete),95,113162,0,0,1396,2153,95,95,172,172,2,1,champion,1,0,35,55,13282
23426,MOB_QT_CH_SOLDIER_01_1,Tombe de Qin-Shi (clones/quete),95,2093287,0,0,1396,2153,95,95,172,172,2,1,champion,1,0,40,75,12769
24006,MOB_QT_CH_SOLDIER_02_2,Tombe de Qin-Shi (clones/quete),95,104664,0,0,1396,2153,95,95,172,172,2,1,champion,1,0,40,75,13281
23428,MOB_QT_CH_TOMBSTONE_01,Tombe de Qin-Shi (clones/quete),95,29700,0,0,1396,2153,95,95,172,172,2,4,4,1,0,35,55,12771
23430,MOB_QT_EU_SOLDIER_01_1,Tombe de Qin-Shi (clones/quete),95,2093287,0,0,1396,2153,95,95,172,172,2,1,champion,1,0,40,75,12773
24009,MOB_QT_EU_SOLDIER_02_2,Tombe de Qin-Shi (clones/quete),95,104664,0,0,1396,2153,95,95,172,172,2,1,champion,1,0,40,75,13284
22880,MOB_QT_TQ_SNAKEGENERAL1,Tombe de Qin-Shi (clones/quete),95,7242389,0,0,1396,2153,95,95,172,172,2,0,normal,1,3,44,138,12419
22881,MOB_QT_TQ_SNAKEGENERAL2,Tombe de Qin-Shi (clones/quete),95,7242389,0,0,1396,2153,95,95,172,172,2,0,normal,1,3,44,138,12420
22882,MOB_QT_TQ_SNAKEGENERAL3,Tombe de Qin-Shi (clones/quete),95,7242389,0,0,1396,2153,95,95,172,172,2,0,normal,1,3,44,138,12421
22883,MOB_QT_TQ_SNAKEGENERAL4,Tombe de Qin-Shi (clones/quete),95,7242389,0,15466453,1396,2153,95,95,172,172,2,0,normal,1,3,44,138,12422
24153,MOB_RM_GUARDROCKY,"Rock Mountain / nord Alexandrie (Shaitan, Roc)",95,104664,0,32222,1163,1794,95,95,172,172,2,0,normal,1,3,30,75,13428
3162,MOB_THIEF_NPC_09410941,Evenement caravan/thief,95,26166,0,8055,1396,2153,95,95,172,172,2,0,normal,1,3,20,62,1179
3163,MOB_THIEF_NPC_09420942,Evenement caravan/thief,95,26166,0,8055,1306,2219,95,95,172,172,2,0,normal,1,3,20,318,1180
3164,MOB_THIEF_NPC_09430943,Evenement caravan/thief,95,22632,0,8055,1396,2153,95,95,172,172,2,0,normal,1,3,20,66,1181
3165,MOB_THIEF_NPC_09440944,Evenement caravan/thief,95,26166,0,8055,1438,2089,95,95,172,172,2,0,normal,1,3,20,74,1182
3166,MOB_THIEF_NPC_09450945,Evenement caravan/thief,95,22632,0,8055,1396,2153,95,95,172,172,2,0,normal,1,3,20,98,1183
3167,MOB_THIEF_NPC_09460946,Evenement caravan/thief,95,22632,0,8055,1306,2219,95,95,172,172,2,0,normal,1,3,20,62,1184
3168,MOB_THIEF_NPC_09470947,Evenement caravan/thief,95,26166,0,8055,1396,2153,95,95,172,172,2,0,normal,1,3,20,62,1185
3169,MOB_THIEF_NPC_09480948,Evenement caravan/thief,95,26166,0,8055,1438,2089,95,95,172,172,2,0,normal,1,3,20,66,1186
3170,MOB_THIEF_NPC_09490949,Evenement caravan/thief,95,22632,0,8055,1396,2153,95,95,172,172,2,0,normal,1,3,20,74,1187
3171,MOB_THIEF_NPC_09500950,Evenement caravan/thief,95,22632,0,8055,1306,2219,95,95,172,172,2,0,normal,1,3,20,98,1188
14987,MOB_TQ_SNAKEGENERAL,Tombe de Qin-Shi / FGW (101-110),95,7242389,0,3866613,1396,2153,95,95,172,172,2,8,unique_silencieux,1,3,44,138,4622
14988,MOB_TQ_SNAKEGENERAL_CLON,Tombe de Qin-Shi / FGW (101-110),95,7242389,0,3866613,1396,2153,95,95,172,172,2,8,unique_silencieux,1,3,44,138,4623
14989,MOB_TQ_SNAKEGENERAL_CLON2,Tombe de Qin-Shi / FGW (101-110),95,7242389,0,3866613,1396,2153,95,95,172,172,2,8,unique_silencieux,1,3,44,138,4624
14990,MOB_TQ_SNAKEGENERAL_CLON3,Tombe de Qin-Shi / FGW (101-110),95,7242389,0,3866613,1396,2153,95,16777311,172,172,2,8,unique_silencieux,1,3,44,138,4625
14972,MOB_TQ_SNAKESLAVE,Tombe de Qin-Shi / FGW (101-110),95,29700,0,8055,1396,2153,95,95,172,172,2,0,normal,1,3,30,55,4607
15004,MOB_TQ_SNAKETRAP1,Tombe de Qin-Shi / FGW (101-110),95,22632,0,1,1396,2153,95,95,172,172,2,0,normal,1,3,0,0,4639
15005,MOB_TQ_SNAKETRAP2,Tombe de Qin-Shi / FGW (101-110),95,22632,0,1,1396,2153,95,95,172,172,2,0,normal,1,3,0,0,4640
15006,MOB_TQ_SNAKETRAP3,Tombe de Qin-Shi / FGW (101-110),95,22632,0,1,1396,2153,95,95,172,172,2,0,normal,1,3,0,0,4641
15007,MOB_TQ_SNAKETRAP4,Tombe de Qin-Shi / FGW (101-110),95,22632,0,1,1396,2153,95,95,172,172,2,0,normal,1,3,0,0,4642
15008,MOB_TQ_SNAKETRAP5,Tombe de Qin-Shi / FGW (101-110),95,22632,0,1,1396,2153,95,95,172,172,2,0,normal,1,3,0,0,4643
15009,MOB_TQ_SNAKETRAP6,Tombe de Qin-Shi / FGW (101-110),95,22632,0,1,1396,2153,95,95,172,172,2,0,normal,1,3,0,0,4644
24107,MOV_EV_BEAR_B_095,AUTRE,95,45855,0,32220,1282,2051,95,95,172,172,2,0,normal,1,0,50,75,13382
17360,MOB_EU_HUNTER_NPC_09510951,Europe (Constantinople),96,23803,0,8297,1482,2153,96,96,173,173,2,0,normal,1,3,20,82,6995
17361,MOB_EU_HUNTER_NPC_09520952,Europe (Constantinople),96,23803,0,8297,1482,2153,96,96,173,173,2,0,normal,1,3,20,82,6996
17362,MOB_EU_HUNTER_NPC_09530953,Europe (Constantinople),96,23803,0,8297,1482,2153,96,96,173,173,2,0,normal,1,3,20,82,6997
17363,MOB_EU_HUNTER_NPC_09540954,Europe (Constantinople),96,23803,0,8297,1438,2219,96,96,173,173,2,0,normal,1,3,20,98,6998
17364,MOB_EU_HUNTER_NPC_09550955,Europe (Constantinople),96,23803,0,8297,1438,2219,96,96,173,173,2,0,normal,1,3,20,66,6999
17365,MOB_EU_HUNTER_NPC_09560956,Europe (Constantinople),96,23803,0,8297,1396,2371,96,96,173,173,2,0,normal,1,3,20,74,7000
17366,MOB_EU_HUNTER_NPC_09570957,Europe (Constantinople),96,23803,0,8297,1396,2371,96,16777312,173,173,2,0,normal,1,3,20,74,7001
17367,MOB_EU_HUNTER_NPC_09580958,Europe (Constantinople),96,23803,0,8297,1396,2371,96,96,173,173,2,0,normal,1,3,20,74,7002
17368,MOB_EU_HUNTER_NPC_09590959,Europe (Constantinople),96,23803,0,8297,1396,2371,96,96,173,173,2,0,normal,1,3,20,74,7003
17369,MOB_EU_HUNTER_NPC_09600960,Europe (Constantinople),96,23803,0,8297,1396,2371,96,96,173,173,2,0,normal,1,3,20,74,7004
15960,MOB_EU_THIEF_NPC_09510951,Europe (Constantinople),96,23803,0,8297,1482,2153,96,96,173,173,2,0,normal,1,3,20,82,5595
15961,MOB_EU_THIEF_NPC_09520952,Europe (Constantinople),96,23803,0,8297,1482,2153,96,96,173,173,2,0,normal,1,3,20,82,5596
15962,MOB_EU_THIEF_NPC_09530953,Europe (Constantinople),96,23803,0,8297,1482,2153,96,96,173,173,2,0,normal,1,3,20,82,5597
15963,MOB_EU_THIEF_NPC_09540954,Europe (Constantinople),96,23803,0,8297,1438,2219,96,96,173,173,2,0,normal,1,3,20,98,5598
15964,MOB_EU_THIEF_NPC_09550955,Europe (Constantinople),96,23803,0,8297,1438,2219,96,96,173,173,2,0,normal,1,3,20,66,5599
15965,MOB_EU_THIEF_NPC_09560956,Europe (Constantinople),96,23803,0,8297,1396,2371,96,96,173,173,2,0,normal,1,3,20,74,5600
15966,MOB_EU_THIEF_NPC_09570957,Europe (Constantinople),96,23803,0,8297,1396,2371,96,96,173,173,2,0,normal,1,3,20,74,5601
15967,MOB_EU_THIEF_NPC_09580958,Europe (Constantinople),96,23803,0,8297,1396,2371,96,96,173,173,2,0,normal,1,3,20,74,5602
15968,MOB_EU_THIEF_NPC_09590959,Europe (Constantinople),96,23803,0,8297,1396,2371,96,96,173,173,2,0,normal,1,3,20,74,5603
15969,MOB_EU_THIEF_NPC_09600960,Europe (Constantinople),96,23803,0,8297,1396,2371,96,96,173,173,2,0,normal,1,3,20,74,5604
26923,MOB_EVE_STRONG_TQ_SNAKEDEMON_CLON,Evenement,96,23803,0,8297,1192,2759,96,96,173,173,2,7,7,1,3,63,115,13729
22614,MOB_FW_BATTLEGOLEM_096,Forteresse (guerre de forteresse),96,30468198,0,15930446,1526,2089,96,96,173,173,2,3,unique_notice,1,3,42,56,12168
22194,MOB_FW_HYEONGCHEON_096,Forteresse (guerre de forteresse),96,29993891,0,11947835,1438,2219,96,96,173,173,2,3,unique_notice,1,3,23,74,11748
21494,MOB_FW_TAESE_096,Forteresse (guerre de forteresse),96,39991855,0,15930446,1526,2089,96,96,173,173,2,3,unique_notice,1,3,10,34,11048
36290,MOB_GOD_GHOST_BEAST_A2,Forgotten World (pilliers/uniques),96,1981689,0,1194783,1482,2153,96,96,173,173,2,8,unique_silencieux,1,3,30,75,18082
36291,MOB_GOD_GHOST_BEAST_A3,Forgotten World (pilliers/uniques),96,5284504,0,2389567,1482,2153,96,96,173,173,2,8,unique_silencieux,1,3,30,75,18083
36298,MOB_GOD_GHOST_CURSE_A2,Forgotten World (pilliers/uniques),96,17138361,0,12446,838,3011,96,96,173,173,2,1,champion,1,3,20,100,18090
36299,MOB_GOD_GHOST_CURSE_A3,Forgotten World (pilliers/uniques),96,22851148,0,24891,838,3011,96,96,173,173,2,6,elite/quest,1,3,20,100,18091
36307,MOB_GOD_GHOST_ENVY_A3,Forgotten World (pilliers/uniques),96,47607,0,24891,1438,2219,96,96,173,173,2,6,elite/quest,1,3,23,100,18099
36282,MOB_GOD_GHOST_GLUTTONY_A2,Forgotten World (pilliers/uniques),96,1981689,0,1194783,1482,2153,96,96,173,173,2,8,unique_silencieux,1,3,15,75,18074
36283,MOB_GOD_GHOST_GLUTTONY_A3,Forgotten World (pilliers/uniques),96,5284504,0,2389567,1482,2153,96,96,173,173,2,8,unique_silencieux,1,3,15,75,18075
36266,MOB_GOD_GHOST_SPECTER_A2,Forgotten World (pilliers/uniques),96,31244,0,8297,1396,2371,96,96,173,173,2,1,champion,1,3,10,55,18058
36267,MOB_GOD_GHOST_SPECTER_A3,Forgotten World (pilliers/uniques),96,31244,0,8297,1396,2371,96,96,173,173,2,6,elite/quest,1,3,10,55,18059
36336,MOB_GOD_GHOST_UNDINE_A2,Forgotten World (pilliers/uniques),96,19816890,0,8960876,1396,2371,96,96,173,173,2,3,unique_notice,1,3,30,75,18128
36337,MOB_GOD_GHOST_UNDINE_A3,Forgotten World (pilliers/uniques),96,26422520,0,11947835,1396,2371,96,96,173,173,2,3,unique_notice,1,3,30,75,18129
36274,MOB_GOD_GHOST_WRECK_A2,Forgotten World (pilliers/uniques),96,27523,0,8297,1438,2219,96,96,173,173,2,1,champion,1,3,30,75,18066
36275,MOB_GOD_GHOST_WRECK_A3,Forgotten World (pilliers/uniques),96,27523,0,8297,1438,2219,96,96,173,173,2,6,elite/quest,1,3,30,75,18067
8535,MOB_HUNTER_NPC_09510951,AUTRE,96,27523,0,8297,1438,2219,96,96,173,173,2,0,normal,1,3,20,62,3068
8536,MOB_HUNTER_NPC_09520952,AUTRE,96,23803,0,8297,1482,2153,96,96,173,173,2,0,normal,1,3,20,62,3069
8537,MOB_HUNTER_NPC_09530953,AUTRE,96,27523,0,8297,1438,2219,96,96,173,173,2,0,normal,1,3,20,66,3070
8538,MOB_HUNTER_NPC_09540954,AUTRE,96,27523,0,8297,1396,2371,96,96,173,173,2,0,normal,1,3,20,74,3071
8539,MOB_HUNTER_NPC_09550955,AUTRE,96,23803,0,8297,1438,2219,96,96,173,173,2,0,normal,1,3,20,98,3072
8540,MOB_HUNTER_NPC_09560956,AUTRE,96,27523,0,8297,1482,2153,96,96,173,173,2,0,normal,1,3,20,62,3073
8541,MOB_HUNTER_NPC_09570957,AUTRE,96,27523,0,8297,1438,2219,96,96,173,173,2,0,normal,1,3,20,62,3074
8542,MOB_HUNTER_NPC_09580958,AUTRE,96,23803,0,8297,1396,2371,96,96,173,173,2,0,normal,1,3,20,66,3075
8543,MOB_HUNTER_NPC_09590959,AUTRE,96,27523,0,8297,1438,2219,96,96,173,173,2,0,normal,1,3,20,74,3076
8544,MOB_HUNTER_NPC_09600960,AUTRE,96,23803,0,8297,1482,2153,96,96,173,173,2,0,normal,1,3,20,98,3077
3173,MOB_THIEF_NPC_09520952,Evenement caravan/thief,96,23803,0,8297,1482,2153,96,96,173,173,2,0,normal,1,3,20,62,1190
3174,MOB_THIEF_NPC_09530953,Evenement caravan/thief,96,27523,0,8297,1438,2219,96,96,173,173,2,0,normal,1,3,20,66,1191
3175,MOB_THIEF_NPC_09540954,Evenement caravan/thief,96,27523,0,8297,1396,2371,96,96,173,173,2,0,normal,1,3,20,74,1192
3176,MOB_THIEF_NPC_09550955,Evenement caravan/thief,96,23803,0,8297,1438,2219,96,16777312,173,173,2,0,normal,1,3,20,98,1193
3177,MOB_THIEF_NPC_09560956,Evenement caravan/thief,96,27523,0,8297,1482,2153,96,96,173,173,2,0,normal,1,3,20,62,1194
3178,MOB_THIEF_NPC_09570957,Evenement caravan/thief,96,27523,0,8297,1438,2219,96,96,173,173,2,0,normal,1,3,20,62,1195
3179,MOB_THIEF_NPC_09580958,Evenement caravan/thief,96,23803,0,8297,1396,2371,96,96,173,173,2,0,normal,1,3,20,66,1196
3180,MOB_THIEF_NPC_09590959,Evenement caravan/thief,96,27523,0,8297,1438,2219,96,96,173,173,2,0,normal,1,3,20,330,1197
3181,MOB_THIEF_NPC_09600960,Evenement caravan/thief,96,23803,0,8297,1482,2153,96,96,173,173,2,0,normal,1,3,20,98,1198
14973,MOB_TQ_SNAKEDEMON_CLON,Tombe de Qin-Shi / FGW (101-110),96,23803,0,8297,1396,2371,96,96,173,173,2,0,normal,1,3,63,115,4608
24108,MOV_EV_BEAR_B_096,AUTRE,96,47244,0,33188,1320,2112,96,96,173,173,2,0,normal,1,0,50,75,13383
8552,MMB_HUNTER_NPC_09680968,AUTRE,97,28917,0,8546,1526,2219,97,97,174,174,2,0,normal,1,3,20,66,3085
17370,MOB_EU_HUNTER_NPC_09610961,Europe (Constantinople),97,25005,0,8546,1526,2219,97,97,174,174,2,0,normal,1,3,20,82,7005
17371,MOB_EU_HUNTER_NPC_09620962,Europe (Constantinople),97,25005,0,8546,1526,2219,97,97,174,174,2,0,normal,1,3,20,82,7006
17372,MOB_EU_HUNTER_NPC_09630963,Europe (Constantinople),97,25005,0,8546,1526,2219,97,97,174,174,2,0,normal,1,3,20,82,7007
17373,MOB_EU_HUNTER_NPC_09640964,Europe (Constantinople),97,25005,0,8546,1482,2371,97,97,174,174,2,0,normal,1,3,20,99,7008
17374,MOB_EU_HUNTER_NPC_09650965,Europe (Constantinople),97,25005,0,8546,1482,2371,97,97,174,174,2,0,normal,1,3,20,66,7009
17375,MOB_EU_HUNTER_NPC_09660966,Europe (Constantinople),97,25005,0,8546,1438,2442,97,97,174,174,2,0,normal,1,3,20,74,7010
17376,MOB_EU_HUNTER_NPC_09670967,Europe (Constantinople),97,25005,0,8546,1438,2442,97,97,174,174,2,0,normal,1,3,20,74,7011
17377,MOB_EU_HUNTER_NPC_09680968,Europe (Constantinople),97,25005,0,8546,1438,2442,97,97,174,174,2,0,normal,1,3,20,74,7012
17378,MOB_EU_HUNTER_NPC_09690969,Europe (Constantinople),97,25005,0,8546,1438,2442,97,97,174,174,2,0,normal,1,3,20,74,7013
15970,MOB_EU_THIEF_NPC_09610961,Europe (Constantinople),97,25005,0,8546,1526,2219,97,97,174,174,2,0,normal,1,3,20,82,5605
15971,MOB_EU_THIEF_NPC_09620962,Europe (Constantinople),97,25005,0,8546,1526,2219,97,97,174,174,2,0,normal,1,3,20,82,5606
15972,MOB_EU_THIEF_NPC_09630963,Europe (Constantinople),97,25005,0,8546,1526,2219,97,97,174,174,2,0,normal,1,3,20,82,5607
15973,MOB_EU_THIEF_NPC_09640964,Europe (Constantinople),97,25005,0,8546,1482,2371,97,97,174,174,2,0,normal,1,3,20,99,5608
15974,MOB_EU_THIEF_NPC_09650965,Europe (Constantinople),97,25005,0,8546,1482,2371,97,16777313,174,174,2,0,normal,1,3,20,66,5609
15975,MOB_EU_THIEF_NPC_09660966,Europe (Constantinople),97,25005,0,8546,1438,2442,97,97,174,174,2,0,normal,1,3,20,74,5610
15976,MOB_EU_THIEF_NPC_09670967,Europe (Constantinople),97,25005,0,8546,1438,2442,97,97,174,174,2,0,normal,1,3,20,74,5611
15977,MOB_EU_THIEF_NPC_09680968,Europe (Constantinople),97,25005,0,8546,1438,2442,97,97,174,174,2,0,normal,1,3,20,74,5612
15978,MOB_EU_THIEF_NPC_09690969,Europe (Constantinople),97,25005,0,8546,1438,2442,97,97,174,174,2,0,normal,1,3,20,74,5613
15979,MOB_EU_THIEF_NPC_09700970,Europe (Constantinople),97,25005,0,8546,1438,2442,97,97,174,174,2,0,normal,1,3,20,74,5614
26924,MOB_EVE_STRONG_TQ_SNAKEMAN_CLON2,Evenement,97,25005,0,8546,1229,2841,97,97,174,174,2,7,7,1,3,40,100,13730
22615,MOB_FW_BATTLEGOLEM_097,Forteresse (guerre de forteresse),97,32006890,0,16408359,1626,2153,97,97,174,174,2,3,unique_notice,1,3,42,56,12169
22195,MOB_FW_HYEONGCHEON_097,Forteresse (guerre de forteresse),97,31515785,0,12306270,1482,2371,97,97,174,174,2,3,unique_notice,1,3,23,74,11749
22335,MOB_FW_MUJIGI_097,Forteresse (guerre de forteresse),97,24005168,0,12306270,1482,2371,97,97,174,174,2,3,unique_notice,1,3,38,143,11889
21495,MOB_FW_TAESE_097,Forteresse (guerre de forteresse),97,42021047,0,16408359,1626,2153,97,97,174,174,2,3,unique_notice,1,3,10,34,11049
36228,MOB_GOD_GHOST_MARAUDER_A4,Forgotten World (pilliers/uniques),97,65658,0,17092,1438,2442,97,97,174,174,2,6,elite/quest,1,3,15,55,18020
36236,MOB_GOD_GHOST_SEIREN_A4,Forgotten World (pilliers/uniques),97,65658,0,17092,1438,2442,97,97,174,174,2,6,elite/quest,1,3,30,55,18028
8545,MOB_HUNTER_NPC_09610961,AUTRE,97,25005,0,8546,1482,2371,97,97,174,174,2,0,normal,1,3,20,62,3078
8546,MOB_HUNTER_NPC_09620962,AUTRE,97,28917,0,8546,1438,2442,97,97,174,174,2,0,normal,1,3,20,62,3079
8547,MOB_HUNTER_NPC_09630963,AUTRE,97,28917,0,8546,1482,2371,97,97,174,174,2,0,normal,1,3,20,66,3080
8548,MOB_HUNTER_NPC_09640964,AUTRE,97,25005,0,8546,1526,2219,97,97,174,174,2,0,normal,1,3,20,74,3081
8549,MOB_HUNTER_NPC_09650965,AUTRE,97,25005,0,8546,1482,2371,97,97,174,174,2,0,normal,1,3,20,99,3082
8550,MOB_HUNTER_NPC_09660966,AUTRE,97,28917,0,8546,1438,2442,97,97,174,174,2,0,normal,1,3,20,62,3083
8551,MOB_HUNTER_NPC_09670967,AUTRE,97,25005,0,8546,1482,2371,97,97,174,174,2,0,normal,1,3,20,62,3084
8553,MOB_HUNTER_NPC_09690969,AUTRE,97,28917,0,8546,1482,2371,97,97,174,174,2,0,normal,1,3,20,74,3086
8554,MOB_HUNTER_NPC_09700970,AUTRE,97,25005,0,8546,1438,2442,97,97,174,174,2,0,normal,1,3,20,99,3087
3182,MOB_THIEF_NPC_09610961,Evenement caravan/thief,97,25005,0,8546,1482,2371,97,97,174,174,2,0,normal,1,3,20,62,1199
3183,MOB_THIEF_NPC_09620962,Evenement caravan/thief,97,28917,0,8546,1438,2442,97,97,174,174,2,0,normal,1,3,20,62,1200
3184,MOB_THIEF_NPC_09630963,Evenement caravan/thief,97,28917,0,8546,1482,2371,97,97,174,174,2,0,normal,1,3,20,66,1201
3185,MOB_THIEF_NPC_09640964,Evenement caravan/thief,97,25005,0,8546,1526,2219,97,97,174,174,2,0,normal,1,3,20,74,1202
3186,MOB_THIEF_NPC_09650965,Evenement caravan/thief,97,25005,0,8546,1482,2371,97,97,174,174,2,0,normal,1,3,20,99,1203
3187,MOB_THIEF_NPC_09660966,Evenement caravan/thief,97,28917,0,8546,1438,2442,97,97,174,174,2,0,normal,1,3,20,62,1204
3188,MOB_THIEF_NPC_09670967,Evenement caravan/thief,97,25005,0,8546,1482,2371,97,97,174,174,2,0,normal,1,3,20,62,1205
3190,MOB_THIEF_NPC_09690969,Evenement caravan/thief,97,28917,0,8546,1482,2371,97,97,174,174,2,0,normal,1,3,20,74,1207
3191,MOB_THIEF_NPC_09700970,Evenement caravan/thief,97,25005,0,8546,1438,2442,97,97,174,174,2,0,normal,1,3,20,99,1208
14974,MOB_TQ_SNAKEMAN_CLON2,Tombe de Qin-Shi / FGW (101-110),97,25005,0,8546,1526,2219,97,97,174,174,2,0,normal,1,3,40,100,4609
14975,MOB_TQ_SNAKEWOMAN,Tombe de Qin-Shi / FGW (101-110),97,28917,0,8546,1438,2442,97,97,174,174,2,0,normal,1,3,40,75,4610
14982,MOB_TQ_SNAKEWOMANEGO,Tombe de Qin-Shi / FGW (101-110),97,2892,0,855,1438,2442,97,97,174,174,2,0,normal,1,3,23,75,4617
24346,MOB_TQ_TREASURE_GUARD,Tombe de Qin-Shi / FGW (101-110),97,25005,0,8546,1482,2371,97,16777313,174,174,2,6,elite/quest,1,3,70,120,13457
24109,MOV_EV_BEAR_B_097,AUTRE,97,48671,0,34184,1360,2175,97,97,174,174,2,0,normal,1,0,50,75,13384
17380,MOB_EU_HUNTER_NPC_09710971,Europe (Constantinople),98,26240,0,8802,1626,2371,98,98,175,175,2,0,normal,1,3,20,83,7015
17381,MOB_EU_HUNTER_NPC_09720972,Europe (Constantinople),98,26240,0,8802,1626,2371,98,98,175,175,2,0,normal,1,3,20,83,7016
17382,MOB_EU_HUNTER_NPC_09730973,Europe (Constantinople),98,26240,0,8802,1626,2371,98,98,175,175,2,0,normal,1,3,20,83,7017
17383,MOB_EU_HUNTER_NPC_09740974,Europe (Constantinople),98,26240,0,8802,1526,2442,98,98,175,175,2,0,normal,1,3,20,99,7018
17384,MOB_EU_HUNTER_NPC_09750975,Europe (Constantinople),98,26240,0,8802,1526,2442,98,98,175,175,2,0,normal,1,3,20,66,7019
17385,MOB_EU_HUNTER_NPC_09760976,Europe (Constantinople),98,26240,0,8802,1482,2515,98,98,175,175,2,0,normal,1,3,20,75,7020
17386,MOB_EU_HUNTER_NPC_09770977,Europe (Constantinople),98,26240,0,8802,1482,2515,98,98,175,175,2,0,normal,1,3,20,75,7021
17387,MOB_EU_HUNTER_NPC_09780978,Europe (Constantinople),98,26240,0,8802,1482,2515,98,98,175,175,2,0,normal,1,3,20,75,7022
17388,MOB_EU_HUNTER_NPC_09790979,Europe (Constantinople),98,26240,0,8802,1482,2515,98,98,175,175,2,0,normal,1,3,20,75,7023
17389,MOB_EU_HUNTER_NPC_09800980,Europe (Constantinople),98,26240,0,8802,1482,2515,98,98,175,175,2,0,normal,1,3,20,75,7024
15980,MOB_EU_THIEF_NPC_09710971,Europe (Constantinople),98,26240,0,8802,1626,2371,98,98,175,175,2,0,normal,1,3,20,83,5615
15981,MOB_EU_THIEF_NPC_09720972,Europe (Constantinople),98,26240,0,8802,1626,2371,98,98,175,175,2,0,normal,1,3,20,83,5616
15982,MOB_EU_THIEF_NPC_09730973,Europe (Constantinople),98,26240,0,8802,1626,2371,98,98,175,175,2,0,normal,1,3,20,83,5617
15983,MOB_EU_THIEF_NPC_09740974,Europe (Constantinople),98,26240,0,8802,1526,2442,98,98,175,175,2,0,normal,1,3,20,99,5618
15984,MOB_EU_THIEF_NPC_09750975,Europe (Constantinople),98,26240,0,8802,1526,2442,98,98,175,175,2,0,normal,1,3,20,66,5619
15985,MOB_EU_THIEF_NPC_09760976,Europe (Constantinople),98,26240,0,8802,1482,2515,98,98,175,175,2,0,normal,1,3,20,75,5620
15986,MOB_EU_THIEF_NPC_09770977,Europe (Constantinople),98,26240,0,8802,1482,2515,98,98,175,175,2,0,normal,1,3,20,75,5621
15987,MOB_EU_THIEF_NPC_09780978,Europe (Constantinople),98,26240,0,8802,1482,2515,98,98,175,175,2,0,normal,1,3,20,75,5622
15988,MOB_EU_THIEF_NPC_09790979,Europe (Constantinople),98,26240,0,8802,1482,2515,98,98,175,175,2,0,normal,1,3,20,331,5623
15989,MOB_EU_THIEF_NPC_09800980,Europe (Constantinople),98,26240,0,8802,1482,2515,98,98,175,175,2,0,normal,1,3,20,75,5624
26925,MOB_EVE_STRONG_TQ_SNAKEMAN_CLON,Evenement,98,26240,0,8802,1267,2925,98,98,175,175,2,7,7,1,3,23,100,13731
22616,MOB_FW_BATTLEGOLEM_098,Forteresse (guerre de forteresse),98,33586637,0,16900611,1675,2219,98,98,175,175,2,3,unique_notice,1,3,42,56,12170
22196,MOB_FW_HYEONGCHEON_098,Forteresse (guerre de forteresse),98,33078398,0,12675458,1526,2442,98,98,175,175,2,3,unique_notice,1,3,23,74,11750
22336,MOB_FW_MUJIGI_098,Forteresse (guerre de forteresse),98,25189977,0,12675458,1526,2442,98,98,175,175,2,3,unique_notice,1,3,38,143,11890
21496,MOB_FW_TAESE_098,Forteresse (guerre de forteresse),98,44104531,0,16900611,1675,2219,98,98,175,175,2,3,unique_notice,1,3,10,34,11050
36260,MOB_GOD_GHOST_COMMANDER_A4,Forgotten World (pilliers/uniques),98,68913,0,17605,1482,2515,98,98,175,175,2,6,elite/quest,1,3,17,55,18052
36244,MOB_GOD_GHOST_KINGNIPPER_A4,Forgotten World (pilliers/uniques),98,68913,0,17605,1675,2219,98,98,175,175,2,6,elite/quest,1,3,30,55,18036
36252,MOB_GOD_GHOST_PIRATE_A4,Forgotten World (pilliers/uniques),98,68913,0,17605,1526,2442,98,98,175,175,2,6,elite/quest,1,3,12,55,18044
8555,MOB_HUNTER_NPC_09710971,AUTRE,98,30348,0,8802,1526,2442,98,98,175,175,2,0,normal,1,3,20,62,3088
8556,MOB_HUNTER_NPC_09720972,AUTRE,98,30348,0,8802,1626,2371,98,16777314,175,175,2,0,normal,1,3,20,62,3089
8557,MOB_HUNTER_NPC_09730973,AUTRE,98,26240,0,8802,1526,2442,98,98,175,175,2,0,normal,1,3,20,66,3090
8557,MOB_HUNTER_NPC_09730973,AUTRE,98,26240,0,8802,1526,2442,98,98,175,175,2,0,normal,1,3,20,66,3090
8558,MOB_HUNTER_NPC_09740974,AUTRE,98,30348,0,8802,1482,2515,98,98,175,175,2,0,normal,1,3,20,75,3091
8559,MOB_HUNTER_NPC_09750975,AUTRE,98,26240,0,8802,1526,2442,98,98,175,175,2,0,normal,1,3,20,99,3092
8560,MOB_HUNTER_NPC_09760976,AUTRE,98,26240,0,8802,1626,2371,98,98,175,175,2,0,normal,1,3,20,62,3093
8561,MOB_HUNTER_NPC_09770977,AUTRE,98,30348,0,8802,1526,2442,98,98,175,175,2,0,normal,1,3,20,62,3094
8562,MOB_HUNTER_NPC_09780978,AUTRE,98,30348,0,8802,1482,2515,98,98,175,175,2,0,normal,1,3,20,66,3095
8563,MOB_HUNTER_NPC_09790979,AUTRE,98,26240,0,8802,1526,2442,98,98,175,175,2,0,normal,1,3,20,75,3096
8564,MOB_HUNTER_NPC_09800980,AUTRE,98,26240,0,8802,1626,2371,98,98,175,175,2,0,normal,1,3,20,99,3097
3192,MOB_THIEF_NPC_09710971,Evenement caravan/thief,98,30348,0,8802,1526,2442,98,98,175,175,2,0,normal,1,3,20,62,1209
3193,MOB_THIEF_NPC_09720972,Evenement caravan/thief,98,30348,0,8802,1626,2371,98,98,175,175,2,0,normal,1,3,20,62,1210
3194,MOB_THIEF_NPC_09730973,Evenement caravan/thief,98,26240,0,8802,1526,2442,98,98,175,175,2,0,normal,1,3,20,66,1211
3195,MOB_THIEF_NPC_09740974,Evenement caravan/thief,98,30348,0,8802,1482,2515,98,98,175,175,2,0,normal,1,3,20,75,1212
3196,MOB_THIEF_NPC_09750975,Evenement caravan/thief,98,26240,0,8802,1526,2442,98,98,175,175,2,0,normal,1,3,20,355,1213
3197,MOB_THIEF_NPC_09760976,Evenement caravan/thief,98,26240,0,8802,1626,2371,98,98,175,175,2,0,normal,1,3,20,62,1214
3198,MOB_THIEF_NPC_09770977,Evenement caravan/thief,98,30348,0,8802,1526,2442,98,98,175,175,2,0,normal,1,3,20,62,1215
3199,MOB_THIEF_NPC_09780978,Evenement caravan/thief,98,30348,0,8802,1482,2515,98,98,175,175,2,0,normal,1,3,20,66,1216
3200,MOB_THIEF_NPC_09790979,Evenement caravan/thief,98,26240,0,8802,1526,2442,98,16777314,175,175,2,0,normal,1,3,20,75,1217
3201,MOB_THIEF_NPC_09800980,Evenement caravan/thief,98,26240,0,8802,1626,2371,98,98,175,175,2,0,normal,1,3,20,99,1218
14991,MOB_TQ_NORTHGUARDIAN,Tombe de Qin-Shi / FGW (101-110),98,22052265,0,8450305,1626,2371,98,98,175,175,2,8,unique_silencieux,1,3,14,55,4626
14977,MOB_TQ_SNAKEDEMON,Tombe de Qin-Shi / FGW (101-110),98,26240,0,8802,1482,2515,98,98,175,175,2,0,normal,1,3,63,115,4612
14976,MOB_TQ_SNAKEMAN_CLON,Tombe de Qin-Shi / FGW (101-110),98,26240,0,8802,1626,2371,98,98,175,175,2,0,normal,1,3,23,100,4611
14992,MOB_TQ_SOUTHGUARDIAN,Tombe de Qin-Shi / FGW (101-110),98,16793318,0,8450305,1482,2515,98,98,175,175,2,8,unique_silencieux,1,3,70,112,4627
24110,MOV_EV_BEAR_B_098,AUTRE,98,50136,0,35208,1400,2240,98,16777314,175,175,2,0,normal,1,0,50,75,13385
17390,MOB_EU_HUNTER_NPC_09810981,Europe (Constantinople),99,27507,0,9066,1675,2442,99,16777315,176,176,2,0,normal,1,3,20,83,7025
17391,MOB_EU_HUNTER_NPC_09820982,Europe (Constantinople),99,27507,0,9066,1675,2442,99,99,176,176,2,0,normal,1,3,20,83,7026
17392,MOB_EU_HUNTER_NPC_09830983,Europe (Constantinople),99,27507,0,9066,1675,2442,99,99,176,176,2,0,normal,1,3,20,83,7027
17393,MOB_EU_HUNTER_NPC_09840984,Europe (Constantinople),99,27507,0,9066,1626,2515,99,99,176,176,2,0,normal,1,3,20,100,7028
17394,MOB_EU_HUNTER_NPC_09850985,Europe (Constantinople),99,27507,0,9066,1626,2515,99,99,176,176,2,0,normal,1,3,20,67,7029
17395,MOB_EU_HUNTER_NPC_09860986,Europe (Constantinople),99,27507,0,9066,1526,2591,99,99,176,176,2,0,normal,1,3,20,75,7030
17396,MOB_EU_HUNTER_NPC_09870987,Europe (Constantinople),99,27507,0,9066,1526,2591,99,99,176,176,2,0,normal,1,1,20,75,7031
17397,MOB_EU_HUNTER_NPC_09880988,Europe (Constantinople),99,27507,0,9066,1526,2591,99,99,176,176,2,0,normal,1,3,20,75,7032
17398,MOB_EU_HUNTER_NPC_09890989,Europe (Constantinople),99,27507,0,9066,1526,2591,99,99,176,176,2,0,normal,1,3,20,75,7033
17399,MOB_EU_HUNTER_NPC_09900990,Europe (Constantinople),99,27507,0,9066,1526,2591,99,99,176,176,2,0,normal,1,3,20,75,7034
15991,MOB_EU_THIEF_NPC_09820982,Europe (Constantinople),99,27507,0,9066,1675,2442,99,99,176,176,2,0,normal,1,3,20,83,5626
15992,MOB_EU_THIEF_NPC_09830983,Europe (Constantinople),99,27507,0,9066,1675,2442,99,99,176,176,2,0,normal,1,3,20,83,5627
15993,MOB_EU_THIEF_NPC_09840984,Europe (Constantinople),99,27507,0,9066,1626,2515,99,99,176,176,2,0,normal,1,3,20,100,5628
15994,MOB_EU_THIEF_NPC_09850985,Europe (Constantinople),99,27507,0,9066,1626,2515,99,99,176,176,2,0,normal,1,3,20,67,5629
15995,MOB_EU_THIEF_NPC_09860986,Europe (Constantinople),99,27507,0,9066,1526,2591,99,99,176,176,2,0,normal,1,3,20,75,5630
15996,MOB_EU_THIEF_NPC_09870987,Europe (Constantinople),99,27507,0,9066,1526,2591,99,99,176,176,2,0,normal,1,3,20,75,5631
15997,MOB_EU_THIEF_NPC_09880988,Europe (Constantinople),99,27507,0,9066,1526,2591,99,99,176,176,2,0,normal,1,3,20,75,5632
15998,MOB_EU_THIEF_NPC_09890989,Europe (Constantinople),99,27507,0,9066,1526,2591,99,16777315,176,176,2,0,normal,1,3,20,75,5633
15999,MOB_EU_THIEF_NPC_09900990,Europe (Constantinople),99,27507,0,9066,1526,2591,99,99,176,176,2,0,normal,1,3,20,75,5634
26926,MOB_EVE_STRONG_TQ_SNAKEMAN,Evenement,99,27507,0,9066,1306,3011,99,99,176,176,2,7,7,1,3,23,100,13732
22617,MOB_FW_BATTLEGOLEM_099,Forteresse (guerre de forteresse),99,35208464,0,17407629,1724,2371,99,99,176,176,2,3,unique_notice,1,3,42,56,12171
22197,MOB_FW_HYEONGCHEON_099,Forteresse (guerre de forteresse),99,34682749,0,13055722,1626,2515,99,99,176,176,2,3,unique_notice,1,3,23,74,11751
22337,MOB_FW_MUJIGI_099,Forteresse (guerre de forteresse),99,26406348,0,13055722,1626,2515,99,99,176,176,2,3,unique_notice,1,3,38,143,11891
21497,MOB_FW_TAESE_099,Forteresse (guerre de forteresse),99,46243665,0,17407629,1724,2371,99,99,176,176,2,1,champion,1,3,10,34,11051
36276,MOB_GOD,AUTRE,99,63634,0,18133,1626,2515,99,99,176,176,2,6,elite/quest,1,3,30,75,18068
36292,MOB_GOD_GHOST_BEAST_A4,Forgotten World (pilliers/uniques),99,8399751,0,3590324,1675,2442,99,99,176,176,2,8,unique_silencieux,1,3,30,75,18084
36300,MOB_GOD_GHOST_CURSE_A4,Forgotten World (pilliers/uniques),99,35208464,0,36266,922,3283,99,99,176,176,2,6,elite/quest,1,3,20,100,18092
36308,MOB_GOD_GHOST_ENVY_A4,Forgotten World (pilliers/uniques),99,82520,0,36266,1626,2515,99,99,176,176,2,6,elite/quest,1,3,23,100,18100
36284,MOB_GOD_GHOST_GLUTTONY_A4,Forgotten World (pilliers/uniques),99,8399751,0,3590324,1675,2442,99,99,176,176,2,8,unique_silencieux,1,3,15,75,18076
36268,MOB_GOD_GHOST_SPECTER_A4,Forgotten World (pilliers/uniques),99,72256,0,18133,1526,2591,99,99,176,176,2,6,elite/quest,1,3,10,55,18060
36338,MOB_GOD_GHOST_UNDINE_A4,Forgotten World (pilliers/uniques),99,40726064,0,17407629,1526,2591,99,99,176,176,2,3,unique_notice,1,3,30,75,18130
8565,MOB_HUNTER_NPC_09810981,AUTRE,99,31817,0,9066,1626,2515,99,99,176,176,2,0,normal,1,3,20,62,3098
8567,MOB_HUNTER_NPC_09830983,AUTRE,99,31817,0,9066,1626,2515,99,99,176,176,2,0,normal,1,3,20,67,3100
8568,MOB_HUNTER_NPC_09840984,AUTRE,99,31817,0,9066,1675,2442,99,99,176,176,2,0,normal,1,3,20,75,3101
8569,MOB_HUNTER_NPC_09850985,AUTRE,99,27507,0,9066,1626,2515,99,99,176,176,2,0,normal,1,3,20,100,3102
8570,MOB_HUNTER_NPC_09860986,AUTRE,99,31817,0,9066,1526,2591,99,99,176,176,2,0,normal,1,3,20,62,3103
8571,MOB_HUNTER_NPC_09870987,AUTRE,99,31817,0,9066,1626,2515,99,99,176,176,2,0,normal,1,3,20,62,3104
8572,MOB_HUNTER_NPC_09880988,AUTRE,99,27507,0,9066,1675,2442,99,99,176,176,2,0,normal,1,3,20,67,3105
8573,MOB_HUNTER_NPC_09890989,AUTRE,99,31817,0,9066,1626,2515,99,99,176,176,2,0,normal,1,3,20,75,3106
8574,MOB_HUNTER_NPC_09900990,AUTRE,99,27507,0,9066,1526,2591,99,99,176,176,2,0,normal,1,3,20,100,3107
22887,MOB_QT_TQ_EASTGUARDIAN,Tombe de Qin-Shi (clones/quete),99,17604232,0,34815259,1526,2591,99,99,176,176,2,0,normal,1,3,60,280,12426
22884,MOB_QT_TQ_NORTHGUARDIAN,Tombe de Qin-Shi (clones/quete),99,22052265,0,0,1626,2371,99,99,176,176,2,0,normal,1,3,14,55,12423
23306,MOB_QT_TQ_SNAKEMAN,Tombe de Qin-Shi (clones/quete),99,27507,0,2720,1675,2442,99,99,176,176,2,0,normal,1,3,23,100,12755
22885,MOB_QT_TQ_SOUTHGUARDIAN,Tombe de Qin-Shi (clones/quete),99,16793318,0,0,1482,2515,99,99,176,176,2,0,normal,1,3,70,112,12424
22886,MOB_QT_TQ_WESTGUARDIAN,Tombe de Qin-Shi (clones/quete),99,17604232,0,0,1526,2591,99,16777315,176,176,2,0,normal,1,3,60,150,12425
24154,MOB_RM_GUARDROCKY_LEADER,"Rock Mountain / nord Alexandrie (Shaitan, Roc)",99,110026,0,36266,1272,2159,99,99,176,176,2,0,normal,1,3,30,120,13429
3202,MOB_THIEF_NPC_09810981,Evenement caravan/thief,99,31817,0,9066,1626,2515,99,99,176,176,2,0,normal,1,3,20,62,1219
3203,MOB_THIEF_NPC_09820982,Evenement caravan/thief,99,27507,0,9066,1526,2591,99,99,176,176,2,0,normal,1,3,20,62,1220
3204,MOB_THIEF_NPC_09830983,Evenement caravan/thief,99,31817,0,9066,1626,2515,99,99,176,176,2,0,normal,1,3,20,67,1221
3206,MOB_THIEF_NPC_09850985,Evenement caravan/thief,99,27507,0,9066,1626,2515,99,99,176,176,2,0,normal,1,3,20,100,1223
3207,MOB_THIEF_NPC_09860986,Evenement caravan/thief,99,31817,0,9066,1526,2591,99,99,176,176,2,0,normal,1,3,20,62,1224
3208,MOB_THIEF_NPC_09870987,Evenement caravan/thief,99,31817,0,9066,1626,2515,99,99,176,176,2,0,normal,1,3,20,62,1225
3209,MOB_THIEF_NPC_09880988,Evenement caravan/thief,99,27507,0,9066,1675,2442,99,99,176,176,2,0,normal,1,3,20,67,1226
3210,MOB_THIEF_NPC_09890989,Evenement caravan/thief,99,31817,0,9066,1626,2515,99,99,176,176,2,0,normal,1,3,20,75,1227
3211,MOB_THIEF_NPC_09900990,Evenement caravan/thief,99,27507,0,9066,1526,2591,99,99,176,176,2,0,normal,1,3,20,100,1228
14994,MOB_TQ_EASTGUARDIAN,Tombe de Qin-Shi / FGW (101-110),99,17604232,0,8703815,1526,2591,99,99,176,176,2,8,unique_silencieux,1,3,60,280,4629
14978,MOB_TQ_SNAKEMAN,Tombe de Qin-Shi / FGW (101-110),99,27507,0,9066,1675,2442,99,99,176,176,2,0,normal,1,3,23,100,4613
14993,MOB_TQ_WESTGUARDIAN,Tombe de Qin-Shi / FGW (101-110),99,17604232,0,8703815,1526,2591,99,99,176,176,2,8,unique_silencieux,1,3,60,150,4628
24111,MOV_EV_BEAR_B_099,AUTRE,99,51640,0,36264,1442,2307,99,99,176,176,2,0,normal,1,0,50,75,13386
8584,MMB_HUNTER_NPC_10001000,AUTRE,100,28807,0,9338,1724,2515,100,100,177,177,2,0,normal,1,3,20,100,3117
17400,MOB_EU_HUNTER_NPC_09910991,Europe (Constantinople),100,28807,0,9338,1724,2515,100,100,177,177,2,0,normal,1,3,20,83,7035
17401,MOB_EU_HUNTER_NPC_09920992,Europe (Constantinople),100,28807,0,9338,1724,2515,100,100,177,177,2,0,normal,1,3,20,83,7036
17402,MOB_EU_HUNTER_NPC_09930993,Europe (Constantinople),100,28807,0,9338,1724,2515,100,100,177,177,2,0,normal,1,3,20,83,7037
17403,MOB_EU_HUNTER_NPC_09940994,Europe (Constantinople),100,28807,0,9338,1675,2591,100,100,177,177,2,0,normal,1,3,20,100,7038
17404,MOB_EU_HUNTER_NPC_09950995,Europe (Constantinople),100,28807,0,9338,1675,2591,100,100,177,177,2,0,normal,1,3,20,67,7039
17405,MOB_EU_HUNTER_NPC_09960996,Europe (Constantinople),100,28807,0,9338,1626,2759,100,100,177,177,2,0,normal,1,3,20,75,7040
17406,MOB_EU_HUNTER_NPC_09970997,Europe (Constantinople),100,28807,0,9338,1626,2759,100,100,177,177,2,0,normal,1,3,20,75,7041
17407,MOB_EU_HUNTER_NPC_09980998,Europe (Constantinople),100,28807,0,9338,1626,2759,100,100,177,177,2,0,normal,1,3,20,75,7042
17408,MOB_EU_HUNTER_NPC_09990999,Europe (Constantinople),100,28807,0,9338,1626,2759,100,100,177,177,2,0,normal,1,3,20,75,7043
17409,MOB_EU_HUNTER_NPC_10001000,Europe (Constantinople),100,28807,0,9338,1626,2759,100,100,177,177,2,0,normal,1,3,20,75,7044
16000,MOB_EU_THIEF_NPC_09910991,Europe (Constantinople),100,28807,0,9338,1724,2515,100,100,177,177,2,0,normal,1,3,20,83,5635
16001,MOB_EU_THIEF_NPC_09920992,Europe (Constantinople),100,28807,0,9338,1724,2515,100,100,177,177,2,0,normal,1,3,20,83,5636
16002,MOB_EU_THIEF_NPC_09930993,Europe (Constantinople),100,28807,0,9338,1724,2515,100,100,177,177,2,0,normal,1,3,20,83,5637
16004,MOB_EU_THIEF_NPC_09950995,Europe (Constantinople),100,28807,0,9338,1675,2591,100,100,177,177,2,0,normal,1,3,20,67,5639
16005,MOB_EU_THIEF_NPC_09961996,Europe (Constantinople),100,28807,0,9338,1626,2759,100,100,177,177,2,0,normal,1,3,20,75,5640
16006,MOB_EU_THIEF_NPC_09970997,Europe (Constantinople),100,28807,0,9338,1626,2759,100,100,177,177,2,0,normal,1,3,20,75,5641
16007,MOB_EU_THIEF_NPC_09980998,Europe (Constantinople),100,28807,0,9338,1626,2759,100,100,177,177,2,0,normal,1,3,20,75,5642
16008,MOB_EU_THIEF_NPC_09990999,Europe (Constantinople),100,28807,0,9338,1626,2759,100,100,177,177,2,0,normal,1,3,20,75,5643
16009,MOB_EU_THIEF_NPC_10001000,Europe (Constantinople),100,28807,0,9338,1626,2759,100,100,177,177,2,0,normal,1,3,20,75,5644
34063,MOB_EVE_HADES_BLACKSNAKE,Evenement,100,27655068,0,13447394,1626,2759,100,100,177,177,2,3,unique_notice,0,3,100,180,17696
26927,MOB_EVE_STRONG_TQ_MANGNYANG,Evenement,100,37844,0,9338,1396,3099,100,100,177,177,2,7,7,1,0,8,22,13733
28827,MOB_EV_WINTER_PRINCESS_100,Evenement,100,55310135,0,17929858,1396,3099,100,100,177,177,2,3,unique_notice,1,3,20,120,15601
28819,MOB_EV_WINTER_WHITEKNIGHT_100,Evenement,100,9218356,0,8964929,1396,3099,100,100,177,177,2,3,unique_notice,1,3,30,180,15593
22197,MOB_FW_HYEONGCHEON_100,Forteresse (guerre de forteresse),100,36329882,0,13447394,1675,2591,100,100,177,177,2,3,unique_notice,1,3,23,74,11752
22338,MOB_FW_MUJIGI_100,Forteresse (guerre de forteresse),100,27655068,0,13447394,1675,2591,100,100,177,177,2,3,unique_notice,1,3,38,143,11892
21498,MOB_FW_TAESE_100,Forteresse (guerre de forteresse),100,48439843,0,17929858,1775,2442,100,100,177,177,2,3,unique_notice,1,3,10,34,11052
36040,MOB_GOD_PILLAR_WRECK_100_110,Forgotten World (pilliers/uniques),100,57615,0,9338,1675,2591,100,100,177,177,2,0,normal,1,3,0,0,17832
8575,MOB_HUNTER_NPC_09910991,AUTRE,100,28807,0,9338,1675,2591,100,100,177,177,2,0,normal,1,3,20,63,3108
8576,MOB_HUNTER_NPC_09920992,AUTRE,100,33325,0,9338,1724,2515,100,100,177,177,2,0,normal,1,3,20,63,3109
8577,MOB_HUNTER_NPC_09930993,AUTRE,100,33325,0,9338,1675,2591,100,100,177,177,2,0,normal,1,3,20,67,3110
8578,MOB_HUNTER_NPC_09940994,AUTRE,100,28807,0,9338,1626,2759,100,100,177,177,2,0,normal,1,3,20,75,3111
8579,MOB_HUNTER_NPC_09950995,AUTRE,100,28807,0,9338,1675,2591,100,100,177,177,2,0,normal,1,3,20,100,3112
8580,MOB_HUNTER_NPC_09960996,AUTRE,100,33325,0,9338,1724,2515,100,16777316,177,177,2,0,normal,1,3,20,63,3113
8581,MOB_HUNTER_NPC_09970997,AUTRE,100,28807,0,9338,1675,2591,100,100,177,177,2,0,normal,1,3,20,63,3114
8582,MOB_HUNTER_NPC_09980998,AUTRE,100,33325,0,9338,1626,2759,100,100,177,177,2,0,normal,1,3,20,67,3115
8583,MOB_HUNTER_NPC_09990999,AUTRE,100,33325,0,9338,1675,2591,100,100,177,177,2,0,normal,1,3,20,75,3116
24005,MOB_QT_CH_SOLDIER_02_1,Tombe de Qin-Shi (clones/quete),100,1666275,0,0,1675,2591,100,100,177,177,2,1,champion,1,0,40,75,13280
24008,MOB_QT_EU_SOLDIER_02_1,Tombe de Qin-Shi (clones/quete),100,1666275,0,0,1675,2591,100,100,177,177,2,1,champion,1,0,40,75,13283
22890,MOB_QT_TQ_BLACKSNAKE,Tombe de Qin-Shi (clones/quete),100,27655068,0,0,1626,2759,100,100,177,177,2,0,normal,1,3,100,180,12429
22889,MOB_QT_TQ_FLAMEMASTER,Tombe de Qin-Shi (clones/quete),100,46091779,0,0,2010,3109,100,100,177,177,2,0,normal,1,3,50,108,12428
22888,MOB_QT_TQ_THIEF_02,Tombe de Qin-Shi (clones/quete),100,28807,0,3113,508,813,100,100,177,177,2,0,normal,1,3,60,150,12427
22891,MOB_QT_TQ_WHITESNAKE,Tombe de Qin-Shi (clones/quete),100,183535199,0,77430956,2258,3828,105,105,182,182,2,0,normal,1,3,0,0,12430
3877,MOB_RM_ROC,"Rock Mountain / nord Alexandrie (Shaitan, Roc)",100,1451891045,0,1157701880,2052,3283,139,139,184,184,2,3,unique_notice,1,3,50,185,1687
24283,MOB_RM_SEALQTONE_7,"Rock Mountain / nord Alexandrie (Shaitan, Roc)",100,6054980,0,93385,2236,3578,100,100,177,177,2,0,normal,1,3,0,0,13447
24161,MOB_RM_SEALSTONE,"Rock Mountain / nord Alexandrie (Shaitan, Roc)",100,6054980,0,93385,2236,3578,100,100,177,177,2,0,normal,1,3,0,0,13436
24278,MOB_RM_SEALSTONE_2,"Rock Mountain / nord Alexandrie (Shaitan, Roc)",100,6054980,0,93385,2236,3578,100,100,177,177,2,0,normal,1,3,0,0,13442
24279,MOB_RM_SEALSTONE_3,"Rock Mountain / nord Alexandrie (Shaitan, Roc)",100,6054980,0,93385,2236,3578,100,100,177,177,2,0,normal,1,3,0,0,13443
24280,MOB_RM_SEALSTONE_4,"Rock Mountain / nord Alexandrie (Shaitan, Roc)",100,6054980,0,93385,2236,3578,100,100,177,177,2,0,normal,1,3,0,0,13444
24281,MOB_RM_SEALSTONE_5,"Rock Mountain / nord Alexandrie (Shaitan, Roc)",100,6054980,0,93385,2236,3578,100,100,177,177,2,0,normal,1,3,0,0,13445
24282,MOB_RM_SEALSTONE_6,"Rock Mountain / nord Alexandrie (Shaitan, Roc)",100,6054980,0,93385,2236,3578,100,100,177,177,2,0,normal,1,3,0,0,13446
24284,MOB_RM_SEALSTONE_8,"Rock Mountain / nord Alexandrie (Shaitan, Roc)",100,6054980,0,93385,2236,3578,100,100,177,177,2,0,normal,1,3,0,0,13448
24156,MOB_RM_SPIRITS,"Rock Mountain / nord Alexandrie (Shaitan, Roc)",100,18436712,0,5976619,1355,2299,100,100,177,177,2,8,unique_silencieux,1,3,30,75,13431
24157,MOB_RM_SPIRITS_CLON,"Rock Mountain / nord Alexandrie (Shaitan, Roc)",100,18436712,0,5976619,1355,2299,100,100,177,177,2,8,unique_silencieux,1,3,30,75,13432
24158,MOB_RM_SPIRITS_CLON2,"Rock Mountain / nord Alexandrie (Shaitan, Roc)",100,18436712,0,5976619,1355,2299,100,16777316,177,177,2,8,unique_silencieux,1,3,30,75,13433
24159,MOB_RM_SPIRITS_CLON3,"Rock Mountain / nord Alexandrie (Shaitan, Roc)",100,18436712,0,5976619,1437,2096,100,100,177,177,2,8,unique_silencieux,1,3,30,75,13434
24155,MOB_RM_WINGTRIBEDUKE,"Rock Mountain / nord Alexandrie (Shaitan, Roc)",100,133302,0,37354,1355,2299,100,100,177,177,2,0,normal,1,3,30,75,13430
24285,MOB_RM_WINGTRIBEKNIGHT,"Rock Mountain / nord Alexandrie (Shaitan, Roc)",100,10664158,0,4482465,1355,2299,100,100,177,177,2,8,unique_silencieux,1,3,30,75,13449
38246,MOB_SD_SANDRAIDER,Temple du Job / désert d'Alexandrie (Seth 101-110),100,33325,0,9338,1626,2591,100,100,177,177,2,0,normal,1,3,14,75,18634
38216,MOB_SD_UNEG,Temple du Job / désert d'Alexandrie (Seth 101-110),100,37844,0,9338,1626,2515,100,100,177,177,2,0,normal,1,3,15,55,18604
3212,MOB_THIEF_NPC_09910991,Evenement caravan/thief,100,28807,0,9338,1675,2591,100,100,177,177,2,0,normal,1,3,20,63,1229
3213,MOB_THIEF_NPC_09920992,Evenement caravan/thief,100,33325,0,9338,1724,2515,100,100,177,177,2,0,normal,1,3,20,319,1230
3214,MOB_THIEF_NPC_09930993,Evenement caravan/thief,100,33325,0,9338,1675,2591,100,100,177,177,2,0,normal,1,3,20,67,1231
3215,MOB_THIEF_NPC_09940994,Evenement caravan/thief,100,28807,0,9338,1626,2759,100,100,177,177,2,0,normal,1,3,20,75,1232
3216,MOB_THIEF_NPC_09950995,Evenement caravan/thief,100,28807,0,9338,1675,2591,100,100,177,177,2,0,normal,1,3,20,100,1233
3217,MOB_THIEF_NPC_09960996,Evenement caravan/thief,100,33325,0,9338,1724,2515,100,100,177,177,2,0,normal,1,3,20,63,1234
3218,MOB_THIEF_NPC_09970997,Evenement caravan/thief,100,28807,0,9338,1675,2591,100,100,177,177,2,0,normal,1,3,20,63,1235
3219,MOB_THIEF_NPC_09980998,Evenement caravan/thief,100,33325,0,9338,1626,2759,100,100,177,177,2,0,normal,1,3,20,67,1236
3220,MOB_THIEF_NPC_09990999,Evenement caravan/thief,100,33325,0,9338,1675,2591,100,100,177,177,2,0,normal,1,3,20,75,1237
3221,MOB_THIEF_NPC_10001000,Evenement caravan/thief,100,28807,0,9338,1724,2515,100,100,177,177,2,0,normal,1,3,20,100,1238
14995,MOB_TQ_BLACKSNAKE,Tombe de Qin-Shi / FGW (101-110),100,27655068,0,13447394,1626,2759,100,100,177,177,2,8,unique_silencieux,1,3,100,180,4630
26668,MOB_TQ_BLACKSNAKE_L2,Tombe de Qin-Shi / FGW (101-110),100,276550675,0,53789574,1626,2759,100,100,177,177,2,8,unique_silencieux,1,3,100,180,13474
24261,MOB_TQ_BLACKSNAKE_L3,Tombe de Qin-Shi / FGW (101-110),100,82965203,0,26894787,1626,2759,100,100,177,177,2,8,unique_silencieux,1,3,100,180,13441
14997,MOB_TQ_WHITESNAKE,Tombe de Qin-Shi / FGW (101-110),100,183535199,0,62356860,2258,3828,105,105,182,182,2,3,unique_notice,1,3,0,0,4632
24112,MOV_EV_BEAR_B_100,AUTRE,100,53184,0,37352,1484,2375,100,100,177,177,2,0,normal,1,0,50,75,13387
38275,TRADE_COS_T_COW1,AUTRE,100,3875000,0,0,0,0,0,0,0,0,0,0,normal,0,3,24,36,18663
38276,TRADE_COS_T_COW2,AUTRE,100,3875000,0,0,0,0,0,0,0,0,0,0,normal,0,3,24,36,18664
38277,TRADE_COS_T_COW3,AUTRE,100,3875000,0,0,0,0,0,0,0,0,0,0,normal,0,3,24,36,18665
38278,TRADE_COS_T_COW4,AUTRE,100,3875000,0,0,0,0,0,0,0,0,0,0,normal,0,3,24,36,18666
38279,TRADE_COS_T_COW5,AUTRE,100,3875000,0,0,0,0,0,0,0,0,0,0,normal,0,3,24,36,18667
38280,TRADE_COS_T_COW6,AUTRE,100,3875000,0,0,0,0,0,0,0,0,0,0,normal,0,3,24,36,18668
38281,TRADE_COS_T_COW7,AUTRE,100,3875000,0,0,0,0,0,0,0,0,0,0,normal,0,3,24,36,18669
38920,TRADE_COS_T_THIEF_COW1,AUTRE,100,3875000,0,0,0,0,0,0,0,0,0,0,normal,0,3,24,36,18670
38921,TRADE_COS_T_THIEF_COW2,AUTRE,100,3875000,0,0,0,0,0,0,0,0,0,0,normal,0,3,24,36,18671
38922,TRADE_COS_T_THIEF_COW3,AUTRE,100,3875000,0,0,0,0,0,0,0,0,0,0,normal,0,3,24,36,18672
38923,TRADE_COS_T_THIEF_COW4,AUTRE,100,3875000,0,0,0,0,0,0,0,0,0,0,normal,0,3,24,36,18673
17411,MOB_EU_HUNTER_NPC_10021002,Europe (Constantinople),101,30143,0,9619,1775,2591,101,101,178,178,2,0,normal,1,3,20,84,7046
17412,MOB_EU_HUNTER_NPC_10031003,Europe (Constantinople),101,30143,0,9619,1775,2591,101,101,178,178,2,0,normal,1,3,20,84,7047
17413,MOB_EU_HUNTER_NPC_10041004,Europe (Constantinople),101,30143,0,9619,1724,2759,101,101,178,178,2,0,normal,1,3,20,100,7048
17414,MOB_EU_HUNTER_NPC_10051005,Europe (Constantinople),101,30143,0,9619,1724,2759,101,16777317,178,178,2,0,normal,1,3,20,67,7049
17415,MOB_EU_HUNTER_NPC_10061006,Europe (Constantinople),101,30143,0,9619,1675,2841,101,101,178,178,2,0,normal,1,3,20,75,7050
17416,MOB_EU_HUNTER_NPC_10071007,Europe (Constantinople),101,30143,0,9619,1675,2841,101,101,178,178,2,0,normal,1,3,20,75,7051
17417,MOB_EU_HUNTER_NPC_10081008,Europe (Constantinople),101,30143,0,9619,1675,2841,101,101,178,178,2,0,normal,1,3,20,75,7052
17419,MOB_EU_HUNTER_NPC_10101010,Europe (Constantinople),101,30143,0,9619,1675,2841,101,101,178,178,2,0,normal,1,3,20,75,7054
16010,MOB_EU_THIEF_NPC_10011001,Europe (Constantinople),101,30143,0,9619,1775,2591,101,101,178,178,2,0,normal,1,3,20,84,5645
16011,MOB_EU_THIEF_NPC_10021002,Europe (Constantinople),101,30143,0,9619,1775,2591,101,101,178,178,2,0,normal,1,3,20,84,5646
16012,MOB_EU_THIEF_NPC_10031003,Europe (Constantinople),101,30143,0,9619,1775,2591,101,101,178,178,2,0,normal,1,3,20,84,5647
16013,MOB_EU_THIEF_NPC_10041004,Europe (Constantinople),101,30143,0,9619,1724,2759,101,101,178,178,2,0,normal,1,3,20,100,5648
16014,MOB_EU_THIEF_NPC_10051005,Europe (Constantinople),101,30143,0,9619,1724,2759,101,101,178,178,2,0,normal,1,3,20,67,5649
16015,MOB_EU_THIEF_NPC_10061006,Europe (Constantinople),101,30143,0,9619,1675,2841,101,101,178,178,2,0,normal,1,3,20,75,5650
16016,MOB_EU_THIEF_NPC_10071007,Europe (Constantinople),101,30143,0,9619,1675,2841,101,101,178,178,2,0,normal,1,3,20,75,5651
16017,MOB_EU_THIEF_NPC_10081008,Europe (Constantinople),101,30143,0,9619,1675,2841,101,101,178,178,2,0,normal,1,3,20,75,5652
16018,MOB_EU_THIEF_NPC_10091009,Europe (Constantinople),101,30143,0,9619,1675,2841,101,101,178,178,2,0,normal,1,3,20,75,5653
16019,MOB_EU_THIEF_NPC_10101010,Europe (Constantinople),101,30143,0,9619,1675,2841,101,101,178,178,2,0,normal,1,3,20,331,5654
26929,MOB_EVE_STRONG_SD_WENEG,Evenement,101,39605,0,9619,1438,3190,101,101,178,178,2,7,7,1,3,15,55,13735
22619,MOB_FW_BATTLEGOLEM_101,Forteresse (guerre de forteresse),101,38582592,0,18467754,1828,2515,101,101,178,178,2,3,unique_notice,1,3,42,56,12173
22199,MOB_FW_HYEONGCHEON_101,Forteresse (guerre de forteresse),101,38020868,0,13850816,1724,2759,101,16777317,178,178,2,3,unique_notice,1,3,23,74,11753
22339,MOB_FW_MUJIGI_101,Forteresse (guerre de forteresse),101,28936944,0,13850816,1724,2759,101,101,178,178,2,3,unique_notice,1,3,38,143,11893
36229,MOB_GOD_GHOST_MARAUDER_B1,Forgotten World (pilliers/uniques),101,39605,0,9619,1675,2841,101,101,178,178,2,0,normal,1,3,15,55,18021
36317,MOB_GOD_GHOST_TREASUREBOX_B1,Forgotten World (pilliers/uniques),101,39605,0,9619,1724,2759,101,101,178,178,2,0,normal,1,3,0,0,18109
36237,MOB_GOE_GHOST_SEIREN_B1,AUTRE,101,39605,0,9619,1675,2841,101,16777317,178,178,2,0,normal,1,3,30,55,18029
8585,MOB_HUNTER_NPC_10011001,AUTRE,101,34874,0,9619,1724,2759,101,101,178,178,2,0,normal,1,3,20,63,3118
8586,MOB_HUNTER_NPC_10021002,AUTRE,101,34874,0,9619,1675,2841,101,101,178,178,2,0,normal,1,3,20,63,3119
8587,MOB_HUNTER_NPC_10031003,AUTRE,101,30143,0,9619,1724,2759,101,101,178,178,2,0,normal,1,3,20,67,3120
8588,MOB_HUNTER_NPC_10041004,AUTRE,101,34874,0,9619,1775,2591,101,101,178,178,2,0,normal,1,3,20,75,3121
8589,MOB_HUNTER_NPC_10051005,AUTRE,101,30143,0,9619,1724,2759,101,101,178,178,2,0,normal,1,3,20,100,3122
8589,MOB_HUNTER_NPC_10051005,AUTRE,101,30143,0,9619,1724,2759,101,101,178,178,2,0,normal,1,3,20,100,3122
8590,MOB_HUNTER_NPC_10061006,AUTRE,101,30143,0,9619,1675,2841,101,101,178,178,2,0,normal,1,3,20,63,3123
8591,MOB_HUNTER_NPC_10071007,AUTRE,101,34874,0,9619,1724,2759,101,101,178,178,2,0,normal,1,3,20,63,3124
8592,MOB_HUNTER_NPC_10081008,AUTRE,101,34874,0,9619,1775,2591,101,101,178,178,2,0,normal,1,3,20,67,3125
8593,MOB_HUNTER_NPC_10091009,AUTRE,101,30143,0,9619,1724,2759,101,101,178,178,2,0,normal,1,3,20,75,3126
8594,MOB_HUNTER_NPC_10101010,AUTRE,101,30143,0,9619,1675,2841,101,101,178,178,2,0,normal,1,3,20,100,3127
38247,MOB_SD_CRUELRAIDER,Temple du Job / désert d'Alexandrie (Seth 101-110),101,34874,0,9619,1675,2759,101,101,178,178,2,0,normal,1,3,14,75,18635
38183,MOB_SD_DARKKHEPRI,Temple du Job / désert d'Alexandrie (Seth 101-110),101,30143,0,9619,1675,2841,101,101,178,178,2,0,normal,1,3,40,75,18571
38185,MOB_SD_LLIGHTINGKHEPRI,Temple du Job / désert d'Alexandrie (Seth 101-110),101,60285,0,19237,1675,2841,101,101,178,178,2,0,normal,1,3,40,75,18573
38196,MOB_SD_SPHINX,Temple du Job / désert d'Alexandrie (Seth 101-110),101,8247470,0,3027032,1828,3011,104,104,181,181,2,8,unique_silencieux,1,3,40,75,18584
38218,MOB_SD_TATHEN,Temple du Job / désert d'Alexandrie (Seth 101-110),101,34874,0,9619,1675,2591,101,101,178,178,2,0,normal,1,3,15,75,18606
38217,MOB_SD_WENEG,Temple du Job / désert d'Alexandrie (Seth 101-110),101,39605,0,9619,1675,2591,101,101,178,178,2,0,normal,1,3,15,55,18605
3223,MOB_THIEF_NPC_10021002,Evenement caravan/thief,101,34874,0,9619,1675,2841,101,101,178,178,2,0,normal,1,3,20,63,1240
3224,MOB_THIEF_NPC_10031003,Evenement caravan/thief,101,30143,0,9619,1724,2759,101,16777317,178,178,2,0,normal,1,3,20,67,1241
3225,MOB_THIEF_NPC_10041004,Evenement caravan/thief,101,34874,0,9619,1775,2591,101,101,178,178,2,0,normal,1,3,20,75,1242
3226,MOB_THIEF_NPC_10051005,Evenement caravan/thief,101,30143,0,9619,1724,2759,101,101,178,178,2,0,normal,1,3,20,100,1243
3227,MOB_THIEF_NPC_10061006,Evenement caravan/thief,101,30143,0,9619,1675,2841,101,101,178,178,2,0,normal,1,3,20,63,1244
3228,MOB_THIEF_NPC_10071007,Evenement caravan/thief,101,34874,0,9619,1724,2759,101,101,178,178,2,0,normal,1,3,20,63,1245
3229,MOB_THIEF_NPC_10081008,Evenement caravan/thief,101,34874,0,9619,1775,2591,101,101,178,178,2,0,normal,1,3,20,323,1246
3230,MOB_THIEF_NPC_10091009,Evenement caravan/thief,101,30143,0,9619,1724,2759,101,101,178,178,2,0,normal,1,3,20,75,1247
3231,MOB_THIEF_NPC_11101010,Evenement caravan/thief,101,30143,0,9619,1675,2841,101,101,178,178,2,0,normal,1,3,20,100,1248
24113,MOV_EV_BEAR_B_101,AUTRE,101,54770,0,38476,1528,2445,101,101,178,178,2,0,normal,1,0,50,75,13388
17421,MOB_EU_HUNTER_NPC_10121012,Europe (Constantinople),102,31513,0,9907,1828,2759,102,102,179,179,2,0,normal,1,3,20,84,7056
17422,MOB_EU_HUNTER_NPC_10131013,Europe (Constantinople),102,31513,0,9907,1828,2759,102,102,179,179,2,0,normal,1,3,20,84,7057
17423,MOB_EU_HUNTER_NPC_10141014,Europe (Constantinople),102,31513,0,9907,1775,2841,102,102,179,179,2,0,normal,1,3,20,101,7058
17424,MOB_EU_HUNTER_NPC_10151015,Europe (Constantinople),102,31513,0,9907,1775,2841,102,102,179,179,2,0,normal,1,3,20,67,7059
17425,MOB_EU_HUNTER_NPC_10161016,Europe (Constantinople),102,31513,0,9907,1724,2925,102,102,179,179,2,0,normal,1,3,20,76,7060
17426,MOB_EU_HUNTER_NPC_10171017,Europe (Constantinople),102,31513,0,9907,1724,2925,102,102,179,179,2,0,normal,1,3,20,76,7061
17428,MOB_EU_HUNTER_NPC_10191019,Europe (Constantinople),102,31513,0,9907,1724,2925,102,102,179,179,2,0,normal,1,3,20,76,7063
17429,MOB_EU_HUNTER_NPC_10201020,Europe (Constantinople),102,31513,0,9907,1724,2925,102,102,179,179,2,0,normal,1,3,20,76,7064
17420,MOB_EU_HUNTER_NPC_11111011,Europe (Constantinople),102,31513,0,9907,1828,2759,102,102,179,179,2,0,normal,1,3,20,84,7055
16020,MOB_EU_THIEF_NPC_10111011,Europe (Constantinople),102,31513,0,9907,1828,2759,102,102,179,179,2,0,normal,1,3,20,84,5655
16021,MOB_EU_THIEF_NPC_10121012,Europe (Constantinople),102,31513,0,9907,1828,2759,102,102,179,179,2,0,normal,1,3,20,84,5656
16022,MOB_EU_THIEF_NPC_10131013,Europe (Constantinople),102,31513,0,9907,1828,2759,102,16777318,179,179,2,0,normal,1,3,20,84,5657
16023,MOB_EU_THIEF_NPC_10141014,Europe (Constantinople),102,31513,0,9907,1775,2841,102,102,179,179,2,0,normal,1,3,20,101,5658
16024,MOB_EU_THIEF_NPC_10151015,Europe (Constantinople),102,31513,0,9907,1775,2841,102,102,179,179,2,0,normal,1,3,20,67,5659
16025,MOB_EU_THIEF_NPC_10161016,Europe (Constantinople),102,31513,0,9907,1724,2925,102,102,179,179,2,0,normal,1,3,20,76,5660
16026,MOB_EU_THIEF_NPC_10171017,Europe (Constantinople),102,31513,0,9907,1724,2925,102,102,179,179,2,0,normal,1,3,20,76,5661
16027,MOB_EU_THIEF_NPC_10181018,Europe (Constantinople),102,31513,0,9907,1724,2925,102,102,179,179,2,0,normal,1,3,20,76,5662
16028,MOB_EU_THIEF_NPC_10191019,Europe (Constantinople),102,31513,0,9907,1724,2925,102,102,179,179,2,0,normal,1,3,20,76,5663
16029,MOB_EU_THIEF_NPC_10201020,Europe (Constantinople),102,31513,0,9907,1724,2925,102,102,179,179,2,0,normal,1,3,20,76,5664
26930,MOB_EVE_STRONG_SD_KEISAS,Evenement,102,36463,0,9907,1482,3283,102,102,179,179,2,7,7,1,3,30,75,13736
22620,MOB_FW_BATTLEGOLEM_102,Forteresse (guerre de forteresse),102,40337071,0,19021787,1882,2591,102,102,179,179,2,3,unique_notice,1,3,42,56,12174
22200,MOB_FW_HYEONGCHEON_102,Forteresse (guerre de forteresse),102,39756801,0,14266340,1775,2841,102,102,179,179,2,3,unique_notice,1,3,23,74,11754
22340,MOB_FW_MUJIGI_102,Forteresse (guerre de forteresse),102,30252803,0,14266340,1775,2841,102,102,179,179,2,3,unique_notice,1,3,38,143,11894
21500,MOB_FW_TAESE_102,Forteresse (guerre de forteresse),102,53009068,0,19021787,1882,2591,102,102,179,179,2,3,unique_notice,1,3,10,34,11054
36261,MOB_GOD_GHOST_COMMANDER_B1,Forgotten World (pilliers/uniques),102,41413,0,9907,1724,2925,102,16777318,179,179,2,0,normal,1,3,17,55,18053
36245,MOB_GOD_GHOST_KINGNIPPER_B1,Forgotten World (pilliers/uniques),102,41413,0,9907,1882,2591,102,102,179,179,2,0,normal,1,3,30,55,18037
36253,MOB_GOD_GHOST_PIRATE_B1,Forgotten World (pilliers/uniques),102,41413,0,9907,1775,2841,102,102,179,179,2,0,normal,1,3,12,55,18045
8595,MOB_HUNTER_NPC_10111011,AUTRE,102,36463,0,9907,1775,2841,102,102,179,179,2,0,normal,1,3,20,63,3128
8596,MOB_HUNTER_NPC_10121012,AUTRE,102,31513,0,9907,1828,2759,102,102,179,179,2,0,normal,1,3,20,63,3129
8597,MOB_HUNTER_NPC_10131013,AUTRE,102,36463,0,9907,1775,2841,102,102,179,179,2,0,normal,1,3,20,67,3130
8599,MOB_HUNTER_NPC_10151015,AUTRE,102,31513,0,9907,1775,2841,102,102,179,179,2,0,normal,1,3,20,101,3132
8600,MOB_HUNTER_NPC_10161016,AUTRE,102,36463,0,9907,1828,2759,102,102,179,179,2,0,normal,1,3,20,63,3133
8601,MOB_HUNTER_NPC_10171017,AUTRE,102,36463,0,9907,1775,2841,102,102,179,179,2,0,normal,1,3,20,63,3134
8602,MOB_HUNTER_NPC_10181018,AUTRE,102,31513,0,9907,1724,2925,102,102,179,179,2,0,normal,1,3,20,67,3135
8603,MOB_HUNTER_NPC_10191019,AUTRE,102,36463,0,9907,1775,2841,102,102,179,179,2,0,normal,1,3,20,76,3136
8604,MOB_HUNTER_NPC_10201020,AUTRE,102,31513,0,9907,1828,2759,102,16777318,179,179,2,0,normal,1,3,20,101,3137
38250,MOB_SD_DARKSCOUT,Temple du Job / désert d'Alexandrie (Seth 101-110),102,31513,0,9907,1724,2841,102,16777318,179,179,2,0,normal,1,3,16,75,18638
38222,MOB_SD_DESERTBUG,Temple du Job / désert d'Alexandrie (Seth 101-110),102,31513,0,9907,1724,2759,102,102,179,179,2,0,normal,1,3,50,100,18610
38236,MOB_SD_KEISAS,Temple du Job / désert d'Alexandrie (Seth 101-110),102,72927,0,19814,1724,2759,102,102,179,179,2,0,normal,1,3,30,75,18624
38232,MOB_SD_MONT,Temple du Job / désert d'Alexandrie (Seth 101-110),102,72927,0,19814,1724,2759,102,102,179,179,2,0,normal,1,3,23,75,18620
38199,MOB_SD_SEKHMET,Temple du Job / désert d'Alexandrie (Seth 101-110),102,8603212,0,3117843,1882,3099,105,105,182,182,2,8,unique_silencieux,1,3,50,55,18587
38220,MOB_SD_WINDSPIDER,Temple du Job / désert d'Alexandrie (Seth 101-110),102,36463,0,9907,1724,2925,102,102,179,179,2,0,normal,1,3,37,75,18608
3232,MOB_THIEF_NPC_10111011,Evenement caravan/thief,102,36463,0,9907,1775,2841,102,102,179,179,2,0,normal,1,3,20,63,1249
3233,MOB_THIEF_NPC_10121012,Evenement caravan/thief,102,31513,0,9907,1828,2759,102,102,179,179,2,0,normal,1,3,20,63,1250
3234,MOB_THIEF_NPC_10131013,Evenement caravan/thief,102,36463,0,9907,1775,2841,102,102,179,179,2,0,normal,1,3,20,67,1251
3235,MOB_THIEF_NPC_10141014,Evenement caravan/thief,102,36463,0,9907,1724,2925,102,102,179,179,2,0,normal,1,3,20,76,1252
3236,MOB_THIEF_NPC_10151015,Evenement caravan/thief,102,31513,0,9907,1775,2841,102,102,179,179,2,0,normal,1,3,20,101,1253
3237,MOB_THIEF_NPC_10161016,Evenement caravan/thief,102,36463,0,9907,1828,2759,102,102,179,179,2,0,normal,1,3,20,63,1254
3239,MOB_THIEF_NPC_10181018,Evenement caravan/thief,102,31513,0,9907,1724,2925,102,102,179,179,2,0,normal,1,3,20,67,1256
3240,MOB_THIEF_NPC_10191019,Evenement caravan/thief,102,36463,0,9907,1775,2841,102,102,179,179,2,0,normal,1,3,20,76,1257
3241,MOB_THIEF_NPC_10201020,Evenement caravan/thief,102,31513,0,9907,1828,2759,102,102,179,179,2,0,normal,1,3,20,101,1258
24114,MOV_EV_BEAR_B_102,AUTRE,102,56397,0,39628,1573,2517,102,102,179,179,2,0,normal,1,0,50,75,13389
17430,MOB_EU_HUNTER_NPC_10211021,Europe (Constantinople),103,32920,0,10204,1882,2841,103,103,180,180,2,0,normal,1,3,20,84,7065
17431,MOB_EU_HUNTER_NPC_10221022,Europe (Constantinople),103,32920,0,10204,1882,2841,103,103,180,180,2,0,normal,1,3,20,84,7066
17432,MOB_EU_HUNTER_NPC_10231023,Europe (Constantinople),103,32920,0,10204,1882,2841,103,103,180,180,2,0,normal,1,3,20,84,7067
17433,MOB_EU_HUNTER_NPC_10241024,Europe (Constantinople),103,32920,0,10204,1828,2925,103,103,180,180,2,0,normal,1,3,20,102,7068
17434,MOB_EU_HUNTER_NPC_10251025,Europe (Constantinople),103,32920,0,10204,1828,2925,103,103,180,180,2,0,normal,1,3,20,67,7069
17435,MOB_EU_HUNTER_NPC_10261026,Europe (Constantinople),103,32920,0,10204,1775,3011,103,103,180,180,2,0,normal,1,3,20,76,7070
17436,MOB_EU_HUNTER_NPC_10271027,Europe (Constantinople),103,32920,0,10204,1775,3011,103,103,180,180,2,0,normal,1,3,20,76,7071
17437,MOB_EU_HUNTER_NPC_10281028,Europe (Constantinople),103,32920,0,10204,1775,3011,103,103,180,180,2,0,normal,1,3,20,76,7072
17438,MOB_EU_HUNTER_NPC_10291029,Europe (Constantinople),103,32920,0,10204,1775,3011,103,16777319,180,180,2,0,normal,1,3,20,76,7073
17439,MOB_EU_HUNTER_NPC_10301030,Europe (Constantinople),103,32920,0,10204,1775,3011,103,103,180,180,2,0,normal,1,3,20,76,7074
16030,MOB_EU_THIEF_NPC_10211021,Europe (Constantinople),103,32920,0,10204,1882,2841,103,103,180,180,2,0,normal,1,3,20,84,5665
16031,MOB_EU_THIEF_NPC_10221022,Europe (Constantinople),103,32920,0,10204,1882,2841,103,103,180,180,2,0,normal,1,3,20,84,5666
16032,MOB_EU_THIEF_NPC_10231023,Europe (Constantinople),103,32920,0,10204,1882,2841,103,103,180,180,2,0,normal,1,3,20,84,5667
16033,MOB_EU_THIEF_NPC_10241024,Europe (Constantinople),103,32920,0,10204,1828,2925,103,103,180,180,2,0,normal,1,3,20,102,5668
16035,MOB_EU_THIEF_NPC_10261026,Europe (Constantinople),103,32920,0,10204,1775,3011,103,103,180,180,2,0,normal,1,3,20,76,5670
16036,MOB_EU_THIEF_NPC_10271017,Europe (Constantinople),103,32920,0,10204,1775,3011,103,103,180,180,2,0,normal,1,3,20,76,5671
16037,MOB_EU_THIEF_NPC_10281028,Europe (Constantinople),103,32920,0,10204,1775,3011,103,103,180,180,2,0,normal,1,3,20,76,5672
16038,MOB_EU_THIEF_NPC_10291029,Europe (Constantinople),103,32920,0,10204,1775,3011,103,103,180,180,2,0,normal,1,3,20,76,5673
16039,MOB_EU_THIEF_NPC_10301030,Europe (Constantinople),103,32920,0,10204,1775,3011,103,103,180,180,2,0,normal,1,3,20,76,5674
26931,MOB_EVE_STRONG_SD_SAND_HYENA,Evenement,103,32920,0,10204,1526,3379,103,103,180,180,2,7,7,1,3,30,110,13737
22621,MOB_FW_BATTLEGOLEM_103,Forteresse (guerre de forteresse),103,42137990,0,19592441,1937,2759,103,103,180,180,2,3,unique_notice,1,3,42,56,12175
22201,MOB_FW_HYEONGCHEON_103,Forteresse (guerre de forteresse),103,41538803,0,14694331,1828,2925,103,103,180,180,2,3,unique_notice,1,3,23,74,11755
22341,MOB_FW_MUJIGI_103,Forteresse (guerre de forteresse),103,31603493,0,14694331,1828,2925,103,103,180,180,2,3,unique_notice,1,3,38,143,11895
21501,MOB_FW_TAESE_103,Forteresse (guerre de forteresse),103,55385070,0,19592441,1937,2759,103,103,180,180,2,3,unique_notice,1,3,10,34,11055
36293,MOB_GOD_GHOST_BEAST_B1,Forgotten World (pilliers/uniques),103,1828557,0,734717,1882,2841,103,103,180,180,2,8,unique_silencieux,1,3,30,75,18085
36301,MOB_GOD_GHOST_CURSE_B1,Forgotten World (pilliers/uniques),103,15801746,0,15307,1045,3681,103,103,180,180,2,0,normal,1,3,20,100,18093
36309,MOB_GOD_GHOST_ENVY_B1,Forgotten World (pilliers/uniques),103,32920,0,15307,1828,2925,103,16777319,180,180,2,1,champion,1,3,23,100,18101
36285,MOB_GOD_GHOST_GLUTTONY_B1,Forgotten World (pilliers/uniques),103,1828557,0,734717,1882,2841,103,16777319,180,180,2,8,unique_silencieux,1,3,15,75,18077
36269,MOB_GOD_GHOST_SPECTER_B1,Forgotten World (pilliers/uniques),103,43270,0,10204,1775,3011,103,103,180,180,2,0,normal,1,3,10,55,18061
36339,MOB_GOD_GHOST_UNDINE_B1,Forgotten World (pilliers/uniques),103,18285574,0,7347165,1775,3011,103,103,180,180,2,3,unique_notice,1,3,30,75,18131
36277,MOB_GOD_GHOST_WRECK_B1,Forgotten World (pilliers/uniques),103,38095,0,10204,1828,2925,103,103,180,180,2,0,normal,1,3,30,75,18069
8605,MOB_HUNTER_NPC_10211021,AUTRE,103,32920,0,10204,1828,2925,103,103,180,180,2,0,normal,1,3,20,63,3138
8606,MOB_HUNTER_NPC_10221022,AUTRE,103,38095,0,10204,1775,3011,103,103,180,180,2,0,normal,1,3,20,63,3139
8607,MOB_HUNTER_NPC_10231023,AUTRE,103,38095,0,10204,1828,2925,103,103,180,180,2,0,normal,1,3,20,67,3140
8608,MOB_HUNTER_NPC_10241024,AUTRE,103,32920,0,10204,1882,2841,103,103,180,180,2,0,normal,1,3,20,76,3141
8609,MOB_HUNTER_NPC_10251025,AUTRE,103,32920,0,10204,1828,2925,103,103,180,180,2,0,normal,1,3,20,102,3142
8610,MOB_HUNTER_NPC_10261026,AUTRE,103,38095,0,10204,1775,3011,103,103,180,180,2,0,normal,1,3,20,63,3143
8611,MOB_HUNTER_NPC_10271027,AUTRE,103,32920,0,10204,1828,2925,103,103,180,180,2,0,normal,1,3,20,63,3144
8612,MOB_HUNTER_NPC_10281028,AUTRE,103,38095,0,10204,1882,2841,103,103,180,180,2,0,normal,1,3,20,67,3145
8613,MOB_HUNTER_NPC_10291029,AUTRE,103,38095,0,10204,1828,2925,103,103,180,180,2,0,normal,1,3,20,76,3146
8614,MOB_HUNTER_NPC_10301030,AUTRE,103,32920,0,10204,1775,3011,103,103,180,180,2,0,normal,1,3,20,102,3147
38195,MOB_SD_APIS,Temple du Job / désert d'Alexandrie (Seth 101-110),103,21068995,0,9796221,1775,2925,103,103,180,180,2,8,unique_silencieux,1,3,30,100,18583
38172,MOB_SD_BASTET,Temple du Job / désert d'Alexandrie (Seth 101-110),103,65841,0,20409,1775,2841,103,103,180,180,2,0,normal,1,3,20,100,18560
38221,MOB_SD_CAMELSPIDER,Temple du Job / désert d'Alexandrie (Seth 101-110),103,38095,0,10204,1775,3011,103,103,180,180,2,0,normal,1,3,37,75,18609
38189,MOB_SD_DARK_SANDMAN,Temple du Job / désert d'Alexandrie (Seth 101-110),103,32920,0,10204,1775,3011,103,103,180,180,2,0,normal,1,3,10,75,18577
38225,MOB_SD_DEMONBUG_2,Temple du Job / désert d'Alexandrie (Seth 101-110),103,32920,0,10204,1775,3011,103,103,180,180,2,6,elite/quest,1,3,50,100,18613
38181,MOB_SD_HAPI,Temple du Job / désert d'Alexandrie (Seth 101-110),103,32920,0,10204,1775,3011,103,103,180,180,2,0,normal,1,3,30,100,18569
38254,MOB_SD_HERON,Temple du Job / désert d'Alexandrie (Seth 101-110),103,76190,0,20409,1775,3011,103,103,180,180,2,0,normal,1,3,25,75,18642
38202,MOB_SD_NEPHTHYS,Temple du Job / désert d'Alexandrie (Seth 101-110),103,8968328,0,3211378,1937,3190,106,16777322,183,183,2,8,unique_silencieux,1,3,40,120,18590
38165,MOB_SD_SAND_HYENA,Temple du Job / désert d'Alexandrie (Seth 101-110),103,65841,0,20409,1775,2925,103,103,180,180,2,0,normal,1,3,30,110,18553
3242,MOB_THIEF_NPC_10211021,Evenement caravan/thief,103,32920,0,10204,1828,2925,103,103,180,180,2,0,normal,1,3,20,63,1259
3243,MOB_THIEF_NPC_10221022,Evenement caravan/thief,103,38095,0,10204,1775,3011,103,103,180,180,2,0,normal,1,3,20,63,1260
3244,MOB_THIEF_NPC_10231023,Evenement caravan/thief,103,38095,0,10204,1828,2925,103,103,180,180,2,0,normal,1,3,20,67,1261
3245,MOB_THIEF_NPC_10241024,Evenement caravan/thief,103,32920,0,10204,1882,2841,103,103,180,180,2,0,normal,1,3,20,76,1262
3246,MOB_THIEF_NPC_10251025,Evenement caravan/thief,103,32920,0,10204,1828,2925,103,103,180,180,2,0,normal,1,3,20,358,1263
3247,MOB_THIEF_NPC_10261026,Evenement caravan/thief,103,38095,0,10204,1775,3011,103,103,180,180,2,0,normal,1,3,20,63,1264
3249,MOB_THIEF_NPC_10281028,Evenement caravan/thief,103,38095,0,10204,1882,2841,103,103,180,180,2,0,normal,1,3,20,67,1266
3250,MOB_THIEF_NPC_10291029,Evenement caravan/thief,103,38095,0,10204,1828,2925,103,103,180,180,2,0,normal,1,3,20,76,1267
3251,MOB_THIEF_NPC_10301030,Evenement caravan/thief,103,32920,0,10204,1775,3011,103,103,180,180,2,0,normal,1,3,20,102,1268
3248,MOB_THIEF_NPC_11271027,Evenement caravan/thief,103,32920,0,10204,1828,2925,103,16777319,180,180,2,0,normal,1,3,20,63,1265
24115,MOV_EV_BEAR_B_103,AUTRE,103,58068,0,40816,1619,2591,103,103,180,180,2,0,normal,1,0,50,75,13390
8616,MMB_HUNTER_NPC_10321032,AUTRE,104,39770,0,10511,1937,2925,104,104,181,181,2,0,normal,1,3,20,63,3149
17440,MOB_EU_HUNTER_NPC_10311031,Europe (Constantinople),104,34364,0,10511,1937,2925,104,104,181,181,2,0,normal,1,3,20,85,7075
17442,MOB_EU_HUNTER_NPC_10331033,Europe (Constantinople),104,34364,0,10511,1937,2925,104,104,181,181,2,0,normal,1,3,20,85,7077
17443,MOB_EU_HUNTER_NPC_10341034,Europe (Constantinople),104,34364,0,10511,1882,3011,104,104,181,181,2,0,normal,1,3,20,102,7078
17444,MOB_EU_HUNTER_NPC_10351035,Europe (Constantinople),104,34364,0,10511,1882,3011,104,104,181,181,2,0,normal,1,3,20,67,7079
17445,MOB_EU_HUNTER_NPC_10361036,Europe (Constantinople),104,34364,0,10511,1828,3099,104,104,181,181,2,0,normal,1,3,20,76,7080
17446,MOB_EU_HUNTER_NPC_10371037,Europe (Constantinople),104,34364,0,10511,1828,3099,104,104,181,181,2,0,normal,1,3,20,76,7081
17447,MOB_EU_HUNTER_NPC_10381038,Europe (Constantinople),104,34364,0,10511,1828,3099,104,104,181,181,2,0,normal,1,3,20,76,7082
17448,MOB_EU_HUNTER_NPC_10391039,Europe (Constantinople),104,34364,0,10511,1828,3099,104,104,181,181,2,0,normal,1,3,20,76,7083
16040,MOB_EU_THIEF_NPC_10311031,Europe (Constantinople),104,34364,0,10511,1937,2925,104,104,181,181,2,0,normal,1,3,20,85,5675
16041,MOB_EU_THIEF_NPC_10321032,Europe (Constantinople),104,34364,0,10511,1937,2925,104,104,181,181,2,0,normal,1,3,20,85,5676
16042,MOB_EU_THIEF_NPC_10331033,Europe (Constantinople),104,34364,0,10511,1937,2925,104,104,181,181,2,0,normal,1,3,20,85,5677
16043,MOB_EU_THIEF_NPC_10341034,Europe (Constantinople),104,34364,0,10511,1882,3011,104,104,181,181,2,0,normal,1,3,20,102,5678
16044,MOB_EU_THIEF_NPC_10351035,Europe (Constantinople),104,34364,0,10511,1882,3011,104,104,181,181,2,0,normal,1,3,20,67,5679
16045,MOB_EU_THIEF_NPC_10361036,Europe (Constantinople),104,34364,0,10511,1828,3099,104,104,181,181,2,0,normal,1,3,20,76,5680
16046,MOB_EU_THIEF_NPC_10371037,Europe (Constantinople),104,34364,0,10511,1828,3099,104,16777320,181,181,2,0,normal,1,3,20,76,5681
16047,MOB_EU_THIEF_NPC_10381038,Europe (Constantinople),104,34364,0,10511,1828,3099,104,104,181,181,2,0,normal,1,3,20,76,5682
16048,MOB_EU_THIEF_NPC_10391039,Europe (Constantinople),104,34364,0,10511,1828,3099,104,104,181,181,2,0,normal,1,3,20,76,5683
16049,MOB_EU_THIEF_NPC_10401040,Europe (Constantinople),104,34364,0,10511,1828,3099,104,104,181,181,2,0,normal,1,3,20,76,5684
26932,MOB_EVE_STRONG_SD_RERET,Evenement,104,34364,0,10511,1626,3477,104,104,181,181,2,7,7,1,3,30,100,13738
22622,MOB_FW_BATTLEGOLEM_104,Forteresse (guerre de forteresse),104,43986505,0,20180214,1994,2841,104,104,181,181,2,3,unique_notice,1,3,42,56,12176
22202,MOB_FW_HYEONGCHEON_104,Forteresse (guerre de forteresse),104,43368022,0,15135161,1882,3011,104,104,181,181,2,3,unique_notice,1,3,23,74,11756
22342,MOB_FW_MUJIGI_104,Forteresse (guerre de forteresse),104,32989879,0,15135161,1882,3011,104,104,181,181,2,3,unique_notice,1,3,38,143,11896
21502,MOB_FW_TAESE_104,Forteresse (guerre de forteresse),104,57824030,0,20180214,1994,2841,104,104,181,181,2,3,unique_notice,1,3,10,34,11056
36230,MOB_GOD_GHOST_MARAUDER_B2,Forgotten World (pilliers/uniques),104,45175,0,10511,1828,3099,104,104,181,181,2,1,champion,1,3,15,55,18022
36231,MOB_GOD_GHOST_MARAUDER_B3,Forgotten World (pilliers/uniques),104,45175,0,10511,1828,3099,104,104,181,181,2,6,elite/quest,1,3,15,55,18023
36238,MOB_GOD_GHOST_SEIREN_B2,Forgotten World (pilliers/uniques),104,45175,0,10511,1828,3099,104,104,181,181,2,1,champion,1,3,30,55,18030
36318,MOB_GOD_GHOST_TREASUREBOX_B2,Forgotten World (pilliers/uniques),104,45175,0,10511,1882,3011,104,104,181,181,2,0,normal,1,3,0,0,18110
36319,MOB_GOD_GHOST_TREASUREBOX_B3,Forgotten World (pilliers/uniques),104,45175,0,15766,1882,3011,104,104,181,181,2,0,normal,1,3,0,0,18111
8615,MOB_HUNTER_NPC_10311031,AUTRE,104,39770,0,10511,1882,3011,104,104,181,181,2,0,normal,1,3,20,63,3148
8617,MOB_HUNTER_NPC_10331033,AUTRE,104,34364,0,10511,1882,3011,104,104,181,181,2,0,normal,1,3,20,67,3150
8618,MOB_HUNTER_NPC_10341034,AUTRE,104,39770,0,10511,1828,3099,104,104,181,181,2,0,normal,1,3,20,76,3151
8619,MOB_HUNTER_NPC_10351035,AUTRE,104,34364,0,10511,1882,3011,104,104,181,181,2,0,normal,1,3,20,102,3152
8620,MOB_HUNTER_NPC_10361036,AUTRE,104,34364,0,10511,1937,2925,104,104,181,181,2,0,normal,1,3,20,63,3153
8621,MOB_HUNTER_NPC_10371037,AUTRE,104,39770,0,10511,1882,3011,104,104,181,181,2,0,normal,1,3,20,63,3154
8621,MOB_HUNTER_NPC_10371037,AUTRE,104,39770,0,10511,1882,3011,104,104,181,181,2,0,normal,1,3,20,63,3154
8622,MOB_HUNTER_NPC_10381038,AUTRE,104,39770,0,10511,1828,3099,104,104,181,181,2,0,normal,1,3,20,67,3155
8623,MOB_HUNTER_NPC_10391039,AUTRE,104,34364,0,10511,1882,3011,104,104,181,181,2,0,normal,1,3,20,76,3156
8624,MOB_HUNTER_NPC_10401040,AUTRE,104,34364,0,10511,1937,2925,104,104,181,181,2,0,normal,1,3,20,102,3157
38175,MOB_SD_BAST,Temple du Job / désert d'Alexandrie (Seth 101-110),104,68729,0,21021,1828,2925,104,104,181,181,2,0,normal,1,3,20,100,18563
38168,MOB_SD_BLOOD_HYENA,Temple du Job / désert d'Alexandrie (Seth 101-110),104,34364,0,10511,1828,3011,104,104,181,181,2,0,normal,1,3,30,110,18556
38190,MOB_SD_BLOOD_SANDMAN,Temple du Job / désert d'Alexandrie (Seth 101-110),104,34364,0,10511,1828,3099,104,104,181,181,2,0,normal,1,3,10,75,18578
38205,MOB_SD_HORUS,Temple du Job / désert d'Alexandrie (Seth 101-110),104,9343050,0,3307720,1994,3283,107,107,184,184,2,8,unique_silencieux,1,3,40,90,18593
38186,MOB_SD_LLIGHTINGKHEPRI_2,Temple du Job / désert d'Alexandrie (Seth 101-110),104,34364,0,10511,1828,3099,104,104,181,181,2,6,elite/quest,1,3,40,75,18574
38160,MOB_SD_MUMMY_HUBRIS,Temple du Job / désert d'Alexandrie (Seth 101-110),104,68729,0,21021,1828,2925,104,104,181,181,2,0,normal,1,3,20,75,18548
38182,MOB_SD_RERET,Temple du Job / désert d'Alexandrie (Seth 101-110),104,34364,0,10511,1828,3099,104,104,181,181,2,0,normal,1,3,30,100,18570
38197,MOB_SD_SPHINX_2,Temple du Job / désert d'Alexandrie (Seth 101-110),104,18686101,0,6615439,2393,3940,107,107,184,184,2,8,unique_silencieux,1,3,40,75,18585
38248,MOB_SD_URAEUS,Temple du Job / désert d'Alexandrie (Seth 101-110),104,34364,0,10511,1828,3099,104,104,181,181,2,0,normal,1,3,30,100,18636
3252,MOB_THIEF_NPC_10311031,Evenement caravan/thief,104,39770,0,10511,1882,3011,104,104,181,181,2,0,normal,1,3,20,63,1269
3253,MOB_THIEF_NPC_10321032,Evenement caravan/thief,104,39770,0,10511,1937,2925,104,104,181,181,2,0,normal,1,3,20,63,1270
3254,MOB_THIEF_NPC_10331033,Evenement caravan/thief,104,34364,0,10511,1882,3011,104,104,181,181,2,0,normal,1,3,20,67,1271
3256,MOB_THIEF_NPC_10351035,Evenement caravan/thief,104,34364,0,10511,1882,3011,104,104,181,181,2,0,normal,1,3,20,102,1273
3257,MOB_THIEF_NPC_10361036,Evenement caravan/thief,104,34364,0,10511,1937,2925,104,104,181,181,2,0,normal,1,3,20,63,1274
3258,MOB_THIEF_NPC_10371037,Evenement caravan/thief,104,39770,0,10511,1882,3011,104,104,181,181,2,0,normal,1,3,20,63,1275
3259,MOB_THIEF_NPC_10381038,Evenement caravan/thief,104,39770,0,10511,1828,3099,104,104,181,181,2,0,normal,1,3,20,67,1276
3260,MOB_THIEF_NPC_10391039,Evenement caravan/thief,104,34364,0,10511,1882,3011,104,104,181,181,2,0,normal,1,3,20,76,1277
3261,MOB_THIEF_NPC_10401040,Evenement caravan/thief,104,34364,0,10511,1937,2925,104,104,181,181,2,0,normal,1,3,20,102,1278
24116,MOV_EV_BEAR_B_104,AUTRE,104,59782,0,42044,1667,2667,104,104,181,181,2,0,normal,1,0,50,75,13391
17450,MOB_EU_HUNTER_NPC_10411041,Europe (Constantinople),105,35847,0,10826,1994,3011,105,105,182,182,2,0,normal,1,3,20,85,7085
17451,MOB_EU_HUNTER_NPC_10421042,Europe (Constantinople),105,35847,0,10826,1994,3011,105,105,182,182,2,0,normal,1,3,20,85,7086
17452,MOB_EU_HUNTER_NPC_10431043,Europe (Constantinople),105,35847,0,10826,1994,3011,105,105,182,182,2,0,normal,1,3,20,85,7087
17453,MOB_EU_HUNTER_NPC_10441044,Europe (Constantinople),105,35847,0,10826,1937,3099,105,105,182,182,2,0,normal,1,3,20,102,7088
17454,MOB_EU_HUNTER_NPC_10451045,Europe (Constantinople),105,35847,0,10826,1937,3099,105,105,182,182,2,0,normal,1,3,20,68,7089
17455,MOB_EU_HUNTER_NPC_10461046,Europe (Constantinople),105,35847,0,10826,1882,3190,105,105,182,182,2,0,normal,1,3,20,76,7090
17456,MOB_EU_HUNTER_NPC_10471047,Europe (Constantinople),105,35847,0,10826,1882,3190,105,105,182,182,2,0,normal,1,3,20,76,7091
17457,MOB_EU_HUNTER_NPC_10481048,Europe (Constantinople),105,35847,0,10826,1882,3190,105,105,182,182,2,0,normal,1,3,20,76,7092
17458,MOB_EU_HUNTER_NPC_10491049,Europe (Constantinople),105,35847,0,10826,1882,3190,105,105,182,182,2,0,normal,1,3,20,76,7093
17459,MOB_EU_HUNTER_NPC_10501050,Europe (Constantinople),105,35847,0,10826,1882,3190,105,105,182,182,2,0,normal,1,3,20,76,7094
16050,MOB_EU_THIEF_NPC_10411041,Europe (Constantinople),105,35847,0,10826,1994,3011,105,105,182,182,2,0,normal,1,3,20,341,5685
16051,MOB_EU_THIEF_NPC_10421042,Europe (Constantinople),105,35847,0,10826,1994,3011,105,105,182,182,2,0,normal,1,3,20,85,5686
16053,MOB_EU_THIEF_NPC_10441044,Europe (Constantinople),105,35847,0,10826,1937,3099,105,105,182,182,2,0,normal,1,3,20,102,5688
16054,MOB_EU_THIEF_NPC_10451045,Europe (Constantinople),105,35847,0,10826,1937,3099,105,105,182,182,2,0,normal,1,3,20,68,5689
16055,MOB_EU_THIEF_NPC_10461046,Europe (Constantinople),105,35847,0,10826,1882,3190,105,105,182,182,2,0,normal,1,3,20,76,5690
16056,MOB_EU_THIEF_NPC_10471047,Europe (Constantinople),105,35847,0,10826,1882,3190,105,105,182,182,2,0,normal,1,3,20,76,5691
16057,MOB_EU_THIEF_NPC_10481048,Europe (Constantinople),105,35847,0,10826,1882,3190,105,105,182,182,2,0,normal,1,3,20,76,5692
16058,MOB_EU_THIEF_NPC_10491049,Europe (Constantinople),105,35847,0,10826,1882,3190,105,105,182,182,2,0,normal,1,3,20,76,5693
34062,MOB_EVE_ANGRY_TAHOMET10,Evenement,105,79658485,0,7794608,2446,4147,105,105,182,182,2,3,unique_notice,0,3,23,75,17695
34065,MOB_EVE_BETRAYER_FLAMEMASTER,Evenement,105,11470950,0,1732135,1937,3099,105,16777321,182,182,2,8,unique_silencieux,0,3,50,108,17698
34064,MOB_EVE_GAONGIL_APIS,Evenement,105,68825700,0,7794608,2446,4029,105,105,182,182,2,3,unique_notice,0,3,30,100,17697
34052,MOB_EVE_HAPPY_TIGERWOMAN10,Evenement,105,68825700,0,7794608,1937,3099,105,105,182,182,2,3,unique_notice,0,0,20,90,17685
26933,MOB_EVE_STRONG_SD_MUMMY_RAGE,Evenement,105,35847,0,10826,1675,3578,105,105,182,182,2,7,7,1,3,20,75,13739
22623,MOB_FW_BATTLEGOLEM_105,Forteresse (guerre de forteresse),105,45883800,0,20785620,2052,2925,105,105,182,182,2,3,unique_notice,1,3,42,56,12177
22203,MOB_FW_HYEONGCHEON_105,Forteresse (guerre de forteresse),105,45245635,0,15589215,1937,3099,105,105,182,182,2,3,unique_notice,1,3,23,74,11757
22343,MOB_FW_MUJIGI_105,Forteresse (guerre de forteresse),105,34412850,0,15589215,1937,3099,105,16777321,182,182,2,3,unique_notice,1,3,38,143,11897
21503,MOB_FW_TAESE_105,Forteresse (guerre de forteresse),105,60327514,0,20785620,2052,2925,105,16777321,182,182,2,3,unique_notice,1,3,10,34,11057
36263,MOB_GOD_GHOST_COMMANDER_B3,Forgotten World (pilliers/uniques),105,47131,0,10826,1882,3190,105,105,182,182,2,6,elite/quest,1,3,17,55,18055
36246,MOB_GOD_GHOST_KINGNIPPER_B2,Forgotten World (pilliers/uniques),105,47131,0,10826,2052,2925,105,105,182,182,2,1,champion,1,3,30,55,18038
36247,MOB_GOD_GHOST_KINGNIPPER_B3,Forgotten World (pilliers/uniques),105,47131,0,10826,2052,2925,105,105,182,182,2,6,elite/quest,1,3,30,55,18039
36254,MOB_GOD_GHOST_PIRATE_B2,Forgotten World (pilliers/uniques),105,47131,0,10826,1937,3099,105,105,182,182,2,1,champion,1,3,12,55,18046
36255,MOB_GOD_GHOST_PIRATE_B3,Forgotten World (pilliers/uniques),105,47131,0,10826,1937,3099,105,105,182,182,2,6,elite/quest,1,3,12,55,18047
36047,MOB_GOD_PILLAR_ENVY_100_110,Forgotten World (pilliers/uniques),105,41489,0,21652,1937,3099,105,105,182,182,2,1,champion,1,3,15,75,17839
36054,MOB_GOD_PILLAR_ENVY_DROP_100_110,Forgotten World (pilliers/uniques),105,82978,0,43303,1937,3099,105,105,182,182,2,0,normal,1,3,15,75,17846
8625,MOB_HUNTER_NPC_10411041,AUTRE,105,41489,0,10826,1937,3099,105,105,182,182,2,0,normal,1,3,20,63,3158
8626,MOB_HUNTER_NPC_10421042,AUTRE,105,35847,0,10826,1882,3190,105,105,182,182,2,0,normal,1,3,20,63,3159
8627,MOB_HUNTER_NPC_10431043,AUTRE,105,41489,0,10826,1937,3099,105,105,182,182,2,0,normal,1,3,20,68,3160
8628,MOB_HUNTER_NPC_10441044,AUTRE,105,41489,0,10826,1994,3011,105,16777321,182,182,2,0,normal,1,3,20,76,3161
8629,MOB_HUNTER_NPC_10451045,AUTRE,105,35847,0,10826,1937,3099,105,105,182,182,2,0,normal,1,3,20,102,3162
8631,MOB_HUNTER_NPC_10471047,AUTRE,105,41489,0,10826,1937,3099,105,105,182,182,2,0,normal,1,3,20,63,3164
8632,MOB_HUNTER_NPC_10481048,AUTRE,105,35847,0,10826,1994,3011,105,105,182,182,2,0,normal,1,3,20,68,3165
8633,MOB_HUNTER_NPC_10491049,AUTRE,105,41489,0,10826,1937,3099,105,105,182,182,2,0,normal,1,3,20,76,3166
8634,MOB_HUNTER_NPC_10501050,AUTRE,105,35847,0,10826,1882,3190,105,105,182,182,2,0,normal,1,3,20,102,3167
38252,MOB_SD_AKER,Temple du Job / désert d'Alexandrie (Seth 101-110),105,41489,0,10826,1882,3190,105,105,182,182,2,0,normal,1,3,15,75,18640
38173,MOB_SD_BASTET_2,Temple du Job / désert d'Alexandrie (Seth 101-110),105,35847,0,10826,1882,3011,105,105,182,182,2,6,elite/quest,1,3,20,100,18561
38191,MOB_SD_DEVIL_SANDMAN,Temple du Job / désert d'Alexandrie (Seth 101-110),105,35847,0,10826,1882,3190,105,105,182,182,2,0,normal,1,3,10,75,18579
38258,MOB_SD_EGYPTTOMB,Temple du Job / désert d'Alexandrie (Seth 101-110),105,143387,0,10826,1994,3190,105,105,182,182,2,0,normal,1,3,40,100,18646
38237,MOB_SD_KEISAS_2,Temple du Job / désert d'Alexandrie (Seth 101-110),105,41489,0,10826,1882,3011,105,105,182,182,2,6,elite/quest,1,3,30,75,18625
38249,MOB_SD_MEHEN,Temple du Job / désert d'Alexandrie (Seth 101-110),105,35847,0,10826,1882,3190,105,105,182,182,2,0,normal,1,3,30,100,18637
38233,MOB_SD_MONT_2,Temple du Job / désert d'Alexandrie (Seth 101-110),105,41489,0,10826,1882,3011,105,105,182,182,2,6,elite/quest,1,3,23,75,18621
38157,MOB_SD_MUMMY_RAGE,Temple du Job / désert d'Alexandrie (Seth 101-110),105,71693,0,21652,1882,3011,105,105,182,182,2,0,normal,1,3,20,75,18545
38208,MOB_SD_OSIRIS,Temple du Job / désert d'Alexandrie (Seth 101-110),105,12970155,0,4542602,2052,3379,108,108,185,185,2,8,unique_silencieux,1,3,40,100,18596
38166,MOB_SD_SAND_HYENA_2,Temple du Job / désert d'Alexandrie (Seth 101-110),105,35847,0,10826,1882,3099,105,105,182,182,2,6,elite/quest,1,3,30,110,18554
38200,MOB_SD_SEKHMET_2,Temple du Job / désert d'Alexandrie (Seth 101-110),105,19455233,0,6813902,2462,4055,108,108,185,185,2,8,unique_silencieux,1,3,50,55,18588
38228,MOB_SD_SELKION,Temple du Job / désert d'Alexandrie (Seth 101-110),105,41489,0,10826,1882,3190,105,105,182,182,2,0,normal,1,3,20,75,18616
38211,MOB_SD_SELKIS,Temple du Job / désert d'Alexandrie (Seth 101-110),105,57722800,0,24819116,2683,4417,111,114,188,188,2,3,unique_notice,1,3,50,100,18599
3262,MOB_THIEF_NPC_10411041,Evenement caravan/thief,105,41489,0,10826,1937,3099,105,105,182,182,2,0,normal,1,3,20,319,1279
3263,MOB_THIEF_NPC_10421042,Evenement caravan/thief,105,35847,0,10826,1882,3190,105,105,182,182,2,0,normal,1,3,20,63,1280
3265,MOB_THIEF_NPC_10441044,Evenement caravan/thief,105,41489,0,10826,1994,3011,105,105,182,182,2,0,normal,1,3,20,76,1282
3266,MOB_THIEF_NPC_10451045,Evenement caravan/thief,105,35847,0,10826,1937,3099,105,105,182,182,2,0,normal,1,3,20,102,1283
3267,MOB_THIEF_NPC_10461046,Evenement caravan/thief,105,41489,0,10826,1882,3190,105,105,182,182,2,0,normal,1,3,20,63,1284
3268,MOB_THIEF_NPC_10471047,Evenement caravan/thief,105,41489,0,10826,1937,3099,105,105,182,182,2,0,normal,1,3,20,63,1285
3269,MOB_THIEF_NPC_10481048,Evenement caravan/thief,105,35847,0,10826,1994,3011,105,105,182,182,2,0,normal,1,3,20,68,1286
3270,MOB_THIEF_NPC_10491049,Evenement caravan/thief,105,41489,0,10826,1937,3099,105,105,182,182,2,0,normal,1,3,20,76,1287
3264,MOB_THIEF_NPC_11431043,Evenement caravan/thief,105,41489,0,10826,1937,3099,105,105,182,182,2,0,normal,1,3,20,68,1281
24117,MOV_EV_BEAR_B_105,AUTRE,105,61543,0,43304,1715,2745,105,105,182,182,2,0,normal,1,0,50,75,13392
17460,MOB_EU_HUNTER_NPC_10511051,Europe (Constantinople),106,37368,0,11151,2052,3099,106,106,183,183,2,0,normal,1,3,20,85,7095
17461,MOB_EU_HUNTER_NPC_10521052,Europe (Constantinople),106,37368,0,11151,2052,3099,106,106,183,183,2,0,normal,1,3,20,85,7096
17462,MOB_EU_HUNTER_NPC_10531053,Europe (Constantinople),106,37368,0,11151,2052,3099,106,16777322,183,183,2,0,normal,1,3,20,85,7097
17463,MOB_EU_HUNTER_NPC_10541054,Europe (Constantinople),106,37368,0,11151,1994,3190,106,106,183,183,2,0,normal,1,3,20,103,7098
17464,MOB_EU_HUNTER_NPC_10551055,Europe (Constantinople),106,37368,0,11151,1994,3190,106,106,183,183,2,0,normal,1,3,20,68,7099
17465,MOB_EU_HUNTER_NPC_10561056,Europe (Constantinople),106,37368,0,11151,1937,3283,106,106,183,183,2,0,normal,1,3,20,77,7100
17466,MOB_EU_HUNTER_NPC_10571057,Europe (Constantinople),106,37368,0,11151,1937,3283,106,106,183,183,2,0,normal,1,3,20,77,7101
17467,MOB_EU_HUNTER_NPC_10581058,Europe (Constantinople),106,37368,0,11151,1937,3283,106,106,183,183,2,0,normal,1,3,20,77,7102
17468,MOB_EU_HUNTER_NPC_10591059,Europe (Constantinople),106,37368,0,11151,1937,3283,106,106,183,183,2,0,normal,1,3,20,77,7103
17469,MOB_EU_HUNTER_NPC_10601060,Europe (Constantinople),106,37368,0,11151,1937,3283,106,106,183,183,2,0,normal,1,3,20,77,7104
16060,MOB_EU_THIEF_NPC_10511051,Europe (Constantinople),106,37368,0,11151,2052,3099,106,106,183,183,2,0,normal,1,3,20,85,5695
16061,MOB_EU_THIEF_NPC_10521052,Europe (Constantinople),106,37368,0,11151,2052,3099,106,106,183,183,2,0,normal,1,3,20,85,5696
16062,MOB_EU_THIEF_NPC_10531053,Europe (Constantinople),106,37368,0,11151,2052,3099,106,106,183,183,2,0,normal,1,3,20,85,5697
16063,MOB_EU_THIEF_NPC_10541054,Europe (Constantinople),106,37368,0,11151,1994,3190,106,106,183,183,2,0,normal,1,3,20,103,5698
16064,MOB_EU_THIEF_NPC_10551055,Europe (Constantinople),106,37368,0,11151,1994,3190,106,106,183,183,2,0,normal,1,3,20,68,5699
16066,MOB_EU_THIEF_NPC_10571057,Europe (Constantinople),106,37368,0,11151,1937,3283,106,106,183,183,2,0,normal,1,3,20,77,5701
16067,MOB_EU_THIEF_NPC_10581158,Europe (Constantinople),106,37368,0,11151,1937,3283,106,106,183,183,2,0,normal,1,3,20,77,5702
16068,MOB_EU_THIEF_NPC_10591059,Europe (Constantinople),106,37368,0,11151,1937,3283,106,106,183,183,2,0,normal,1,3,20,77,5703
16069,MOB_EU_THIEF_NPC_10601060,Europe (Constantinople),106,37368,0,11151,1937,3283,106,106,183,183,2,0,normal,1,3,20,77,5704
26934,MOB_EVE_STRONG_SD_TELBASTA,Evenement,106,37368,0,11151,1724,3681,106,16777322,183,183,2,7,7,1,3,20,100,13740
22624,MOB_FW_BATTLEGOLEM_106,Forteresse (guerre de forteresse),106,47831085,0,21409189,2112,3011,106,106,183,183,2,3,unique_notice,1,3,42,56,12178
22204,MOB_FW_HYEONGCHEON_106,Forteresse (guerre de forteresse),106,47172845,0,16056892,1994,3190,106,106,183,183,2,3,unique_notice,1,3,23,74,11758
22344,MOB_FW_MUJIGI_106,Forteresse (guerre de forteresse),106,35873314,0,16056892,1994,3190,106,106,183,183,2,3,unique_notice,1,3,38,143,11898
21504,MOB_FW_TAESE_106,Forteresse (guerre de forteresse),106,62897127,0,21409189,2112,3011,106,106,183,183,2,3,unique_notice,1,3,10,34,11058
36294,MOB_GOD_GHOST_BEAST_B2,Forgotten World (pilliers/uniques),106,3114231,0,1605689,2052,3099,106,106,183,183,2,8,unique_silencieux,1,3,30,75,18086
36295,MOB_GOD_GHOST_BEAST_B3,Forgotten World (pilliers/uniques),106,8304616,0,3211378,2052,3099,106,106,183,183,2,8,unique_silencieux,1,3,30,75,18087
36302,MOB_GOD_GHOST_CURSE_B2,Forgotten World (pilliers/uniques),106,26904985,0,16726,1192,4007,106,106,183,183,2,1,champion,1,3,20,100,18094
36303,MOB_GOD_GHOST_CURSE_B3,Forgotten World (pilliers/uniques),106,35873314,0,33452,1192,4007,106,106,183,183,2,6,elite/quest,1,3,20,100,18095
36310,MOB_GOD_GHOST_ENVY_B2,Forgotten World (pilliers/uniques),106,37368,0,16726,1994,3190,106,106,183,183,2,6,elite/quest,1,3,23,100,18102
36311,MOB_GOD_GHOST_ENVY_B3,Forgotten World (pilliers/uniques),106,74736,0,33452,1994,3190,106,106,183,183,2,6,elite/quest,1,3,23,100,18103
36287,MOB_GOD_GHOST_GLUTTONY_B3,Forgotten World (pilliers/uniques),106,8304616,0,3211378,2052,3099,106,106,183,183,2,8,unique_silencieux,1,3,15,75,18079
36270,MOB_GOD_GHOST_SPECTER_B2,Forgotten World (pilliers/uniques),106,49138,0,11151,1937,3283,106,106,183,183,2,1,champion,1,3,10,55,18062
36271,MOB_GOD_GHOST_SPECTER_B3,Forgotten World (pilliers/uniques),106,49138,0,11151,1937,3283,106,106,183,183,2,6,elite/quest,1,3,10,55,18063
36340,MOB_GOD_GHOST_UNDINE_B2,Forgotten World (pilliers/uniques),106,31142310,0,12042669,1937,3283,106,106,183,183,2,3,unique_notice,1,3,30,75,18132
36341,MOB_GOD_GHOST_UNDINE_B3,Forgotten World (pilliers/uniques),106,41523079,0,16056892,1937,3283,106,106,183,183,2,3,unique_notice,1,3,30,75,18133
36279,MOB_GOD_GHOST_WRECK_B3,Forgotten World (pilliers/uniques),106,43253,0,11151,1994,3190,106,106,183,183,2,6,elite/quest,1,3,30,75,18071
8635,MOB_HUNTER_NPC_10511051,AUTRE,106,37368,0,11151,1994,3190,106,106,183,183,2,0,normal,1,3,20,63,3168
8636,MOB_HUNTER_NPC_10521052,AUTRE,106,43253,0,11151,2052,3099,106,106,183,183,2,0,normal,1,3,20,63,3169
8637,MOB_HUNTER_NPC_10531053,AUTRE,106,43253,0,11151,1994,3190,106,106,183,183,2,0,normal,1,3,20,68,3170
8638,MOB_HUNTER_NPC_10541054,AUTRE,106,37368,0,11151,1937,3283,106,106,183,183,2,0,normal,1,3,20,77,3171
8639,MOB_HUNTER_NPC_10551055,AUTRE,106,37368,0,11151,1994,3190,106,106,183,183,2,0,normal,1,3,20,103,3172
8640,MOB_HUNTER_NPC_10561056,AUTRE,106,43253,0,11151,2052,3099,106,106,183,183,2,0,normal,1,3,20,63,3173
8641,MOB_HUNTER_NPC_10571057,AUTRE,106,37368,0,11151,1994,3190,106,106,183,183,2,0,normal,1,3,20,63,3174
8642,MOB_HUNTER_NPC_10581058,AUTRE,106,43253,0,11151,1937,3283,106,106,183,183,2,0,normal,1,3,20,68,3175
8643,MOB_HUNTER_NPC_10591059,AUTRE,106,43253,0,11151,1994,3190,106,106,183,183,2,0,normal,1,3,20,77,3176
8644,MOB_HUNTER_NPC_10601060,AUTRE,106,37368,0,11151,2052,3099,106,106,183,183,2,0,normal,1,3,20,103,3177
38176,MOB_SD_BAST_2,Temple du Job / désert d'Alexandrie (Seth 101-110),106,37368,0,11151,1937,3099,106,106,183,183,2,6,elite/quest,1,3,20,100,18564
38170,MOB_SD_CHIEF_HYENA_2,Temple du Job / désert d'Alexandrie (Seth 101-110),106,37368,0,11151,1937,3190,106,106,183,183,2,6,elite/quest,1,3,30,110,18558
38226,MOB_SD_DEMONBUG_3,Temple du Job / désert d'Alexandrie (Seth 101-110),106,74736,0,22301,1937,3283,106,16777322,183,183,2,6,elite/quest,1,3,50,100,18614
38255,MOB_SD_HERON_2,Temple du Job / désert d'Alexandrie (Seth 101-110),106,43253,0,11151,1937,3283,106,106,183,183,2,6,elite/quest,1,3,25,75,18643
38257,MOB_SD_HIKE,Temple du Job / désert d'Alexandrie (Seth 101-110),106,43253,0,11151,1937,3283,106,106,183,183,2,0,normal,1,3,25,75,18645
38212,MOB_SD_NEITH,Temple du Job / désert d'Alexandrie (Seth 101-110),106,59340839,0,25563690,2761,4544,112,115,189,189,2,3,unique_notice,1,3,60,140,18600
38203,MOB_SD_NEPHTHYS_2,Temple du Job / désert d'Alexandrie (Seth 101-110),106,20244541,0,7018319,2534,4172,109,109,186,186,2,8,unique_silencieux,1,3,40,120,18591
38153,MOB_SD_PRIEST_FEAR,Temple du Job / désert d'Alexandrie (Seth 101-110),106,37368,0,11151,1937,3283,106,106,183,183,2,0,normal,1,3,30,100,18541
38155,MOB_SD_PRIEST_REVENGE,Temple du Job / désert d'Alexandrie (Seth 101-110),106,37368,0,11151,1937,3283,106,106,183,183,2,0,normal,1,3,30,100,18543
38223,MOB_SD_SANDBUG,Temple du Job / désert d'Alexandrie (Seth 101-110),106,37368,0,11151,1937,3099,106,106,183,183,2,0,normal,1,3,50,100,18611
38178,MOB_SD_TELBASTA,Temple du Job / désert d'Alexandrie (Seth 101-110),106,74736,0,22301,1937,3099,106,16777322,183,183,2,0,normal,1,3,20,100,18566
3272,MOB_THIEF_NPC_10511051,Evenement caravan/thief,106,37368,0,11151,1994,3190,106,16777322,183,183,2,0,normal,1,3,20,63,1289
3273,MOB_THIEF_NPC_10521052,Evenement caravan/thief,106,43253,0,11151,2052,3099,106,106,183,183,2,0,normal,1,3,20,63,1290
3274,MOB_THIEF_NPC_10531053,Evenement caravan/thief,106,43253,0,11151,1994,3190,106,106,183,183,2,0,normal,1,3,20,68,1291
3275,MOB_THIEF_NPC_10541054,Evenement caravan/thief,106,37368,0,11151,1937,3283,106,106,183,183,2,0,normal,1,3,20,77,1292
3276,MOB_THIEF_NPC_10551055,Evenement caravan/thief,106,37368,0,11151,1994,3190,106,106,183,183,2,0,normal,1,3,20,103,1293
3277,MOB_THIEF_NPC_10561056,Evenement caravan/thief,106,43253,0,11151,2052,3099,106,106,183,183,2,0,normal,1,3,20,63,1294
3278,MOB_THIEF_NPC_10571057,Evenement caravan/thief,106,37368,0,11151,1994,3190,106,106,183,183,2,0,normal,1,3,20,63,1295
3279,MOB_THIEF_NPC_10581058,Evenement caravan/thief,106,43253,0,11151,1937,3283,106,106,183,183,2,0,normal,1,3,20,324,1296
3280,MOB_THIEF_NPC_10591059,Evenement caravan/thief,106,43253,0,11151,1994,3190,106,106,183,183,2,0,normal,1,3,20,77,1297
3281,MOB_THIEF_NPC_11601060,Evenement caravan/thief,106,37368,0,11151,2052,3099,106,106,183,183,2,0,normal,1,3,20,103,1298
24118,MOV_EV_BEAR_B_106,AUTRE,106,63350,0,44604,1765,2825,106,106,183,183,2,0,normal,1,0,50,75,13393
8648,MMB_HUNTER_NPC_10641064,AUTRE,107,45064,0,11485,2112,3190,107,107,184,184,2,0,normal,1,3,20,77,3181
17470,MOB_EU_HUNTER_NPC_10611061,Europe (Constantinople),107,38929,0,11485,2112,3190,107,107,184,184,2,0,normal,1,3,20,86,7105
17471,MOB_EU_HUNTER_NPC_10621062,Europe (Constantinople),107,38929,0,11485,2112,3190,107,107,184,184,2,0,normal,1,3,20,86,7106
17472,MOB_EU_HUNTER_NPC_10631063,Europe (Constantinople),107,38929,0,11485,2112,3190,107,107,184,184,2,0,normal,1,3,20,86,7107
17473,MOB_EU_HUNTER_NPC_10641064,Europe (Constantinople),107,38929,0,11485,2052,3283,107,107,184,184,2,0,normal,1,3,20,104,7108
17474,MOB_EU_HUNTER_NPC_10651065,Europe (Constantinople),107,38929,0,11485,2052,3283,107,107,184,184,2,0,normal,1,3,20,68,7109
17475,MOB_EU_HUNTER_NPC_10661066,Europe (Constantinople),107,38929,0,11485,1994,3379,107,107,184,184,2,0,normal,1,3,20,77,7110
17476,MOB_EU_HUNTER_NPC_10671067,Europe (Constantinople),107,38929,0,11485,1994,3379,107,107,184,184,2,0,normal,1,3,20,77,7111
17477,MOB_EU_HUNTER_NPC_10681068,Europe (Constantinople),107,38929,0,11485,1994,3379,107,107,184,184,2,0,normal,1,3,20,77,7112
17478,MOB_EU_HUNTER_NPC_10691069,Europe (Constantinople),107,38929,0,11485,1994,3379,107,107,184,184,2,0,normal,1,3,20,77,7113
17479,MOB_EU_HUNTER_NPC_10701070,Europe (Constantinople),107,38929,0,11485,1994,3379,107,107,184,184,2,0,normal,1,3,20,77,7114
16070,MOB_EU_THIEF_NPC_10611061,Europe (Constantinople),107,38929,0,11485,2112,3190,107,16777323,184,184,2,0,normal,1,3,20,86,5705
16071,MOB_EU_THIEF_NPC_10621062,Europe (Constantinople),107,38929,0,11485,2112,3190,107,107,184,184,2,0,normal,1,3,20,86,5706
16072,MOB_EU_THIEF_NPC_10631063,Europe (Constantinople),107,38929,0,11485,2112,3190,107,107,184,184,2,0,normal,1,3,20,86,5707
16073,MOB_EU_THIEF_NPC_10641064,Europe (Constantinople),107,38929,0,11485,2052,3283,107,107,184,184,2,0,normal,1,3,20,104,5708
16074,MOB_EU_THIEF_NPC_10651065,Europe (Constantinople),107,38929,0,11485,2052,3283,107,107,184,184,2,0,normal,1,3,20,68,5709
16075,MOB_EU_THIEF_NPC_10661066,Europe (Constantinople),107,38929,0,11485,1994,3379,107,107,184,184,2,0,normal,1,3,20,77,5710
16076,MOB_EU_THIEF_NPC_10671067,Europe (Constantinople),107,38929,0,11485,1994,3379,107,107,184,184,2,0,normal,1,3,20,77,5711
16077,MOB_EU_THIEF_NPC_10681068,Europe (Constantinople),107,38929,0,11485,1994,3379,107,107,184,184,2,0,normal,1,3,20,77,5712
16078,MOB_EU_THIEF_NPC_10691069,Europe (Constantinople),107,38929,0,11485,1994,3379,107,107,184,184,2,0,normal,1,3,20,77,5713
16079,MOB_EU_THIEF_NPC_10701070,Europe (Constantinople),107,38929,0,11485,1994,3379,107,107,184,184,2,0,normal,1,3,20,77,5714
26935,MOB_EVE_STRONG_SD_EVILBUG,Evenement,107,38929,0,11485,1775,3787,107,107,184,184,2,7,7,1,3,50,100,13741
22625,MOB_FW_BATTLEGOLEM_107,Forteresse (guerre de forteresse),107,49829602,0,22051464,2173,3099,107,107,184,184,2,3,unique_notice,1,3,42,56,12179
22205,MOB_FW_HYEONGCHEON_107,Forteresse (guerre de forteresse),107,49150885,0,16538598,2052,3283,107,107,184,184,2,3,unique_notice,1,3,23,74,11759
22345,MOB_FW_MUJIGI_107,Forteresse (guerre de forteresse),107,37372201,0,16538598,2052,3283,107,107,184,184,2,3,unique_notice,1,3,38,143,11899
21505,MOB_FW_TAESE_107,Forteresse (guerre de forteresse),107,65534514,0,22051464,2173,3099,107,107,184,184,2,3,unique_notice,1,3,10,34,11059
36232,MOB_GOD_GHOST_MARAUDER_B4,Forgotten World (pilliers/uniques),107,102398,0,22970,1994,3379,107,107,184,184,2,6,elite/quest,1,3,15,55,18024
36240,MOB_GOD_GHOST_SEIREN_B4,Forgotten World (pilliers/uniques),107,102398,0,22970,1994,3379,107,107,184,184,2,6,elite/quest,1,3,30,55,18032
36320,MOB_GOD_GHOST_TREASUREBOX_B4,Forgotten World (pilliers/uniques),107,102398,0,22970,2052,3283,107,107,184,184,2,0,normal,1,3,0,0,18112
8645,MOB_HUNTER_NPC_10611061,AUTRE,107,45064,0,11485,2052,3283,107,107,184,184,2,0,normal,1,3,20,63,3178
8646,MOB_HUNTER_NPC_10621062,AUTRE,107,45064,0,11485,1994,3379,107,107,184,184,2,0,normal,1,3,20,63,3179
8647,MOB_HUNTER_NPC_10631063,AUTRE,107,38929,0,11485,2052,3283,107,107,184,184,2,0,normal,1,3,20,68,3180
8649,MOB_HUNTER_NPC_10651065,AUTRE,107,38929,0,11485,2052,3283,107,107,184,184,2,0,normal,1,3,20,104,3182
8650,MOB_HUNTER_NPC_10661066,AUTRE,107,38929,0,11485,1994,3379,107,107,184,184,2,0,normal,1,3,20,63,3183
8651,MOB_HUNTER_NPC_10671067,AUTRE,107,45064,0,11485,2052,3283,107,107,184,184,2,0,normal,1,3,20,63,3184
8652,MOB_HUNTER_NPC_10681068,AUTRE,107,45064,0,11485,2112,3190,107,16777323,184,184,2,0,normal,1,3,20,68,3185
8653,MOB_HUNTER_NPC_10691069,AUTRE,107,38929,0,11485,2052,3283,107,107,184,184,2,0,normal,1,3,20,77,3186
8653,MOB_HUNTER_NPC_10691069,AUTRE,107,38929,0,11485,2052,3283,107,107,184,184,2,0,normal,1,3,20,77,3186
8654,MOB_HUNTER_NPC_10701070,AUTRE,107,38929,0,11485,1994,3379,107,107,184,184,2,0,normal,1,3,20,104,3187
38230,MOB_SD_ACHNISH,Temple du Job / désert d'Alexandrie (Seth 101-110),107,38929,0,11485,1994,3283,107,107,184,184,2,0,normal,1,3,26,100,18618
38213,MOB_SD_ANUBIS,Temple du Job / désert d'Alexandrie (Seth 101-110),107,94054249,0,40680779,2922,4809,114,118,191,191,2,3,unique_notice,1,3,60,120,18601
38244,MOB_SD_COELACANTH,Temple du Job / désert d'Alexandrie (Seth 101-110),107,38929,0,11485,1994,3379,107,107,184,184,2,0,normal,1,3,30,75,18632
38227,MOB_SD_EVILBUG,Temple du Job / désert d'Alexandrie (Seth 101-110),107,38929,0,11485,1994,3379,107,107,184,184,2,0,normal,1,3,50,100,18615
38240,MOB_SD_HARSAPHETH,Temple du Job / désert d'Alexandrie (Seth 101-110),107,38929,0,11485,1994,3379,107,107,184,184,2,0,normal,1,3,50,100,18628
38241,MOB_SD_HARSMESS,Temple du Job / désert d'Alexandrie (Seth 101-110),107,38929,0,11485,1994,3379,107,107,184,184,2,0,normal,1,3,50,100,18629
38206,MOB_SD_HORUS_2,Temple du Job / désert d'Alexandrie (Seth 101-110),107,21054524,0,7228869,2608,4293,110,110,187,187,2,8,unique_silencieux,1,3,40,90,18594
38187,MOB_SD_LLIGHTINGKHEPRI_3,Temple du Job / désert d'Alexandrie (Seth 101-110),107,77859,0,22970,1994,3379,107,107,184,184,2,6,elite/quest,1,3,40,75,18575
38158,MOB_SD_MUMMY_RAGE_2,Temple du Job / désert d'Alexandrie (Seth 101-110),107,38929,0,11485,1994,3190,107,107,184,184,2,6,elite/quest,1,3,20,75,18546
38251,MOB_SD_SANDSCOUT,Temple du Job / désert d'Alexandrie (Seth 101-110),107,38929,0,11485,1994,3283,107,107,184,184,2,0,normal,1,3,16,75,18639
38198,MOB_SD_SPHINX_3,Temple du Job / désert d'Alexandrie (Seth 101-110),107,32469075,0,11168602,2907,4785,111,111,188,188,2,8,unique_silencieux,1,3,40,75,18586
3282,MOB_THIEF_NPC_10611061,Evenement caravan/thief,107,45064,0,11485,2052,3283,107,107,184,184,2,0,normal,1,3,20,63,1299
3283,MOB_THIEF_NPC_10621062,Evenement caravan/thief,107,45064,0,11485,1994,3379,107,107,184,184,2,0,normal,1,3,20,63,1300
3284,MOB_THIEF_NPC_10631063,Evenement caravan/thief,107,38929,0,11485,2052,3283,107,107,184,184,2,0,normal,1,3,20,68,1301
3285,MOB_THIEF_NPC_10641064,Evenement caravan/thief,107,45064,0,11485,2112,3190,107,107,184,184,2,0,normal,1,3,20,77,1302
3286,MOB_THIEF_NPC_10651065,Evenement caravan/thief,107,38929,0,11485,2052,3283,107,107,184,184,2,0,normal,1,3,20,104,1303
3287,MOB_THIEF_NPC_10661066,Evenement caravan/thief,107,38929,0,11485,1994,3379,107,107,184,184,2,0,normal,1,3,20,63,1304
3289,MOB_THIEF_NPC_10681068,Evenement caravan/thief,107,45064,0,11485,2112,3190,107,107,184,184,2,0,normal,1,3,20,68,1306
3290,MOB_THIEF_NPC_10691069,Evenement caravan/thief,107,38929,0,11485,2052,3283,107,107,184,184,2,0,normal,1,3,20,77,1307
3291,MOB_THIEF_NPC_10701070,Evenement caravan/thief,107,38929,0,11485,1994,3379,107,107,184,184,2,0,normal,1,3,20,104,1308
24119,MOV_EV_BEAR_B_107,AUTRE,107,65204,0,45940,1817,2907,107,107,184,184,2,0,normal,1,0,50,75,13394
17482,MOB_EU_HUNTER_NPC,Europe (Constantinople),108,40532,0,11830,2173,3283,108,108,185,185,2,0,normal,1,3,20,86,7117
17481,MOB_EU_HUNTER_NPC_10721072,Europe (Constantinople),108,40532,0,11830,2173,3283,108,108,185,185,2,0,normal,1,3,20,86,7116
17483,MOB_EU_HUNTER_NPC_10741074,Europe (Constantinople),108,40532,0,11830,2112,3379,108,108,185,185,2,0,normal,1,3,20,104,7118
17484,MOB_EU_HUNTER_NPC_10751075,Europe (Constantinople),108,40532,0,11830,2112,3379,108,108,185,185,2,0,normal,1,3,20,68,7119
17485,MOB_EU_HUNTER_NPC_10761076,Europe (Constantinople),108,40532,0,11830,2052,3477,108,108,185,185,2,0,normal,1,3,20,77,7120
17486,MOB_EU_HUNTER_NPC_10771077,Europe (Constantinople),108,40532,0,11830,2052,3477,108,16777324,185,185,2,0,normal,1,3,20,77,7121
17487,MOB_EU_HUNTER_NPC_10781078,Europe (Constantinople),108,40532,0,11830,2052,3477,108,108,185,185,2,0,normal,1,3,20,77,7122
17488,MOB_EU_HUNTER_NPC_10791079,Europe (Constantinople),108,40532,0,11830,2052,3477,108,108,185,185,2,0,normal,1,3,20,77,7123
17489,MOB_EU_HUNTER_NPC_10801080,Europe (Constantinople),108,40532,0,11830,2052,3477,108,108,185,185,2,0,normal,1,3,20,77,7124
16080,MOB_EU_THIEF_NPC_10711071,Europe (Constantinople),108,40532,0,11830,2173,3283,108,108,185,185,2,0,normal,1,3,20,86,5715
16081,MOB_EU_THIEF_NPC_10721072,Europe (Constantinople),108,40532,0,11830,2173,3283,108,108,185,185,2,0,normal,1,3,20,342,5716
16082,MOB_EU_THIEF_NPC_10731073,Europe (Constantinople),108,40532,0,11830,2173,3283,108,108,185,185,2,0,normal,1,3,20,86,5717
16083,MOB_EU_THIEF_NPC_10741074,Europe (Constantinople),108,40532,0,11830,2112,3379,108,108,185,185,2,0,normal,1,3,20,104,5718
16084,MOB_EU_THIEF_NPC_10751075,Europe (Constantinople),108,40532,0,11830,2112,3379,108,108,185,185,2,0,normal,1,3,20,68,5719
16085,MOB_EU_THIEF_NPC_10761076,Europe (Constantinople),108,40532,0,11830,2052,3477,108,108,185,185,2,0,normal,1,3,20,77,5720
16086,MOB_EU_THIEF_NPC_10771077,Europe (Constantinople),108,40532,0,11830,2052,3477,108,108,185,185,2,0,normal,1,3,20,77,5721
16087,MOB_EU_THIEF_NPC_10781078,Europe (Constantinople),108,40532,0,11830,2052,3477,108,108,185,185,2,0,normal,1,3,20,77,5722
16088,MOB_EU_THIEF_NPC_10791079,Europe (Constantinople),108,40532,0,11830,2052,3477,108,108,185,185,2,0,normal,1,3,20,77,5723
16089,MOB_EU_THIEF_NPC_10801080,Europe (Constantinople),108,40532,0,11830,2052,3477,108,108,185,185,2,0,normal,1,3,20,77,5724
26936,MOB_EVE_STRONG_SD_BLOODKHEPRI,Evenement,108,40532,0,11830,1828,3896,108,108,185,185,2,7,7,1,3,40,75,13742
22626,MOB_FW_BATTLEGOLEM_108,Forteresse (guerre de forteresse),108,51880621,0,22713008,2236,3190,108,108,185,185,2,3,unique_notice,1,3,42,56,12180
22206,MOB_FW_HYEONGCHEON_108,Forteresse (guerre de forteresse),108,51181018,0,17034756,2112,3379,108,108,185,185,2,3,unique_notice,1,3,23,74,11760
22346,MOB_FW_MUJIGI_108,Forteresse (guerre de forteresse),108,38910466,0,17034756,2112,3379,108,108,185,185,2,3,unique_notice,1,3,38,143,11900
21506,MOB_FW_TAESE_108,Forteresse (guerre de forteresse),108,68241358,0,22713008,2236,3190,108,108,185,185,2,3,unique_notice,1,3,10,34,11060
36264,MOB_GOD_GHOST_COMMANDER_B4,Forgotten World (pilliers/uniques),108,106627,0,23659,2052,3477,108,108,185,185,2,6,elite/quest,1,3,17,55,18056
36248,MOB_GOD_GHOST_KINGNIPPER_B4,Forgotten World (pilliers/uniques),108,106627,0,23659,2236,3190,108,108,185,185,2,6,elite/quest,1,3,30,55,18040
36256,MOB_GOD_GHOST_PIRATE_B4,Forgotten World (pilliers/uniques),108,106627,0,23659,2112,3379,108,108,185,185,2,6,elite/quest,1,3,12,55,18048
8655,MOB_HUNTER_NPC_10711071,AUTRE,108,46923,0,11830,2112,3379,108,108,185,185,2,0,normal,1,3,20,64,3188
8656,MOB_HUNTER_NPC_10721072,AUTRE,108,40532,0,11830,2173,3283,108,108,185,185,2,0,normal,1,3,20,64,3189
8657,MOB_HUNTER_NPC_10731073,AUTRE,108,46923,0,11830,2112,3379,108,108,185,185,2,0,normal,1,3,20,68,3190
8658,MOB_HUNTER_NPC_10741074,AUTRE,108,46923,0,11830,2052,3477,108,108,185,185,2,0,normal,1,3,20,77,3191
8659,MOB_HUNTER_NPC_10751075,AUTRE,108,40532,0,11830,2112,3379,108,108,185,185,2,0,normal,1,3,20,104,3192
8660,MOB_HUNTER_NPC_10761076,AUTRE,108,46923,0,11830,2173,3283,108,108,185,185,2,0,normal,1,3,20,64,3193
8661,MOB_HUNTER_NPC_10771077,AUTRE,108,46923,0,11830,2112,3379,108,108,185,185,2,0,normal,1,3,20,64,3194
8663,MOB_HUNTER_NPC_10791079,AUTRE,108,46923,0,11830,2112,3379,108,108,185,185,2,0,normal,1,3,20,77,3196
8664,MOB_HUNTER_NPC_10801080,AUTRE,108,40532,0,11830,2173,3283,108,108,185,185,2,0,normal,1,3,20,104,3197
38214,MOB_QD_ISIS,AUTRE,108,96673272,0,41901202,3006,4946,115,119,192,192,2,3,unique_notice,1,3,50,55,18602
38184,MOB_SD_BLOODKHEPRI,Temple du Job / désert d'Alexandrie (Seth 101-110),108,40532,0,11830,2052,3477,108,108,185,185,2,0,normal,1,3,40,75,18572
38259,MOB_SD_EGYPTTOMB_2,Temple du Job / désert d'Alexandrie (Seth 101-110),108,324254,0,23659,2173,3477,108,108,185,185,2,0,normal,1,3,40,100,18647
38238,MOB_SD_KEISAS_3,Temple du Job / désert d'Alexandrie (Seth 101-110),108,93845,0,23659,2052,3283,108,108,185,185,2,6,elite/quest,1,3,30,75,18626
38239,MOB_SD_KEISAS_BERSERK,Temple du Job / désert d'Alexandrie (Seth 101-110),108,46923,0,11830,2052,3283,108,108,185,185,2,0,normal,1,3,30,75,18627
38234,MOB_SD_MONT_3,Temple du Job / désert d'Alexandrie (Seth 101-110),108,93845,0,23659,2052,3283,108,108,185,185,2,6,elite/quest,1,3,23,75,18622
38209,MOB_SD_OSIRIS_2,Temple du Job / désert d'Alexandrie (Seth 101-110),108,28861400,0,9927647,2683,4417,111,111,188,188,2,8,unique_silencieux,1,3,40,100,18597
38156,MOB_SD_PRIEST_CHASTISEMENT,Temple du Job / désert d'Alexandrie (Seth 101-110),108,40532,0,11830,2052,3477,108,108,185,185,2,0,normal,1,3,30,100,18544
38148,MOB_SD_PRIEST_GUARD,Temple du Job / désert d'Alexandrie (Seth 101-110),108,40532,0,11830,2052,3477,108,108,185,185,2,0,normal,1,3,0,0,18536
38150,MOB_SD_PRIEST_HEALING,Temple du Job / désert d'Alexandrie (Seth 101-110),108,40532,0,11830,2052,3477,108,108,185,185,2,0,normal,1,3,0,0,18538
38149,MOB_SD_PRIEST_POWER,Temple du Job / désert d'Alexandrie (Seth 101-110),108,40532,0,11830,2052,3477,108,108,185,185,2,0,normal,1,3,0,0,18537
38229,MOB_SD_SANDSTING,Temple du Job / désert d'Alexandrie (Seth 101-110),108,46923,0,11830,2052,3283,108,108,185,185,2,0,normal,1,3,20,75,18617
38242,MOB_SD_SANDWORM,Temple du Job / désert d'Alexandrie (Seth 101-110),108,40532,0,11830,2052,3477,108,108,185,185,2,0,normal,1,3,40,100,18630
38167,MOB_SD_SAND_HYENA_3,Temple du Job / désert d'Alexandrie (Seth 101-110),108,81063,0,23659,2052,3379,108,108,185,185,2,6,elite/quest,1,3,30,110,18555
38201,MOB_SD_SEKHMET_3,Temple du Job / désert d'Alexandrie (Seth 101-110),108,33379222,0,11503661,2991,4923,112,112,189,189,2,8,unique_silencieux,1,3,50,55,18589
38179,MOB_SD_TELBASTA_2,Temple du Job / désert d'Alexandrie (Seth 101-110),108,40532,0,11830,2052,3283,108,108,185,185,2,6,elite/quest,1,3,20,100,18567
3292,MOB_THIEF_NPC_10711071,Evenement caravan/thief,108,46923,0,11830,2112,3379,108,108,185,185,2,0,normal,1,3,20,64,1309
3293,MOB_THIEF_NPC_10721072,Evenement caravan/thief,108,40532,0,11830,2173,3283,108,108,185,185,2,0,normal,1,3,20,64,1310
3294,MOB_THIEF_NPC_10731073,Evenement caravan/thief,108,46923,0,11830,2112,3379,108,108,185,185,2,0,normal,1,3,20,68,1311
3295,MOB_THIEF_NPC_10741074,Evenement caravan/thief,108,46923,0,11830,2052,3477,108,108,185,185,2,0,normal,1,3,20,333,1312
3296,MOB_THIEF_NPC_10751075,Evenement caravan/thief,108,40532,0,11830,2112,3379,108,16777324,185,185,2,0,normal,1,3,20,104,1313
3298,MOB_THIEF_NPC_10771077,Evenement caravan/thief,108,46923,0,11830,2112,3379,108,108,185,185,2,0,normal,1,3,20,64,1315
3299,MOB_THIEF_NPC_10781078,Evenement caravan/thief,108,40532,0,11830,2052,3477,108,108,185,185,2,0,normal,1,3,20,68,1316
3300,MOB_THIEF_NPC_10791079,Evenement caravan/thief,108,46923,0,11830,2112,3379,108,108,185,185,2,0,normal,1,3,20,77,1317
3301,MOB_THIEF_NPC_10801080,Evenement caravan/thief,108,40532,0,11830,2173,3283,108,108,185,185,2,0,normal,1,3,20,104,1318
3297,MOB_THIEF_NPC_11761076,Evenement caravan/thief,108,46923,0,11830,2173,3283,108,108,185,185,2,0,normal,1,3,20,64,1314
17490,MOB_EU_HUNTER_NPC_10811081,Europe (Constantinople),109,42176,0,12185,2236,3379,109,109,186,186,2,0,normal,1,3,20,86,7125
17491,MOB_EU_HUNTER_NPC_10821082,Europe (Constantinople),109,42176,0,12185,2236,3379,109,109,186,186,2,0,normal,1,3,20,86,7126
17492,MOB_EU_HUNTER_NPC_10831083,Europe (Constantinople),109,42176,0,12185,2236,3379,109,109,186,186,2,0,normal,1,3,20,86,7127
17493,MOB_EU_HUNTER_NPC_10841084,Europe (Constantinople),109,42176,0,12185,2173,3477,109,109,186,186,2,0,normal,1,3,20,105,7128
17494,MOB_EU_HUNTER_NPC_10851085,Europe (Constantinople),109,42176,0,12185,2173,3477,109,109,186,186,2,0,normal,1,3,20,68,7129
17495,MOB_EU_HUNTER_NPC_10861086,Europe (Constantinople),109,42176,0,12185,2112,3578,109,109,186,186,2,0,normal,1,3,20,77,7130
17496,MOB_EU_HUNTER_NPC_10871087,Europe (Constantinople),109,42176,0,12185,2112,3578,109,109,186,186,2,0,normal,1,3,20,77,7131
17497,MOB_EU_HUNTER_NPC_10881088,Europe (Constantinople),109,42176,0,12185,2112,3578,109,109,186,186,2,0,normal,1,3,20,77,7132
17498,MOB_EU_HUNTER_NPC_10891089,Europe (Constantinople),109,42176,0,12185,2112,3578,109,109,186,186,2,0,normal,1,3,20,77,7133
17499,MOB_EU_HUNTER_NPC_10901090,Europe (Constantinople),109,42176,0,12185,2112,3578,109,109,186,186,2,0,normal,1,3,20,77,7134
16090,MOB_EU_THIEF_NPC_10811081,Europe (Constantinople),109,42176,0,12185,2236,3379,109,109,186,186,2,0,normal,1,3,20,86,5725
16091,MOB_EU_THIEF_NPC_10821082,Europe (Constantinople),109,42176,0,12185,2236,3379,109,109,186,186,2,0,normal,1,3,20,86,5726
16092,MOB_EU_THIEF_NPC_10831083,Europe (Constantinople),109,42176,0,12185,2236,3379,109,109,186,186,2,0,normal,1,3,20,86,5727
16093,MOB_EU_THIEF_NPC_10841084,Europe (Constantinople),109,42176,0,12185,2173,3477,109,109,186,186,2,0,normal,1,3,20,105,5728
16094,MOB_EU_THIEF_NPC_10851085,Europe (Constantinople),109,42176,0,12185,2173,3477,109,16777325,186,186,2,0,normal,1,3,20,68,5729
16095,MOB_EU_THIEF_NPC_10861086,Europe (Constantinople),109,42176,0,12185,2112,3578,109,109,186,186,2,0,normal,1,3,20,77,5730
16096,MOB_EU_THIEF_NPC_10871087,Europe (Constantinople),109,42176,0,12185,2112,3578,109,109,186,186,2,0,normal,1,3,20,77,5731
16097,MOB_EU_THIEF_NPC_10881088,Europe (Constantinople),109,42176,0,12185,2112,3578,109,109,186,186,2,0,normal,1,3,20,77,5732
16098,MOB_EU_THIEF_NPC_10891189,Europe (Constantinople),109,42176,0,12185,2112,3578,109,109,186,186,2,0,normal,1,3,20,77,5733
16099,MOB_EU_THIEF_NPC_10901090,Europe (Constantinople),109,42176,0,12185,2112,3578,109,109,186,186,2,0,normal,1,3,20,77,5734
26937,MOB_EVE_STRONG_SD_AKERU,Evenement,109,48830,0,12185,1882,4007,109,109,186,186,2,7,7,1,3,15,75,13743
22627,MOB_FW_BATTLEGOLEM_109,Forteresse (guerre de forteresse),109,53985442,0,23394398,2301,3283,109,109,186,186,2,3,unique_notice,1,3,42,56,12181
22207,MOB_FW_HYEONGCHEON_109,Forteresse (guerre de forteresse),109,53264536,0,17545798,2173,3477,109,109,186,186,2,3,unique_notice,1,3,23,74,11761
22347,MOB_FW_MUJIGI_109,Forteresse (guerre de forteresse),109,40489082,0,17545798,2173,3477,109,109,186,186,2,3,unique_notice,1,3,38,143,11901
21507,MOB_FW_TAESE_109,Forteresse (guerre de forteresse),109,71019381,0,23394398,2301,3283,109,109,186,186,2,3,unique_notice,1,3,10,34,11061
36296,MOB_GOD_GHOST_BEAST_B4,Forgotten World (pilliers/uniques),109,12891122,0,4825094,2236,3379,109,109,186,186,2,8,unique_silencieux,1,3,30,75,18088
36304,MOB_GOD_GHOST_CURSE_B4,Forgotten World (pilliers/uniques),109,53985442,0,48738,1306,4360,109,109,186,186,2,6,elite/quest,1,3,20,100,18096
36288,MOB_GOD_GHOST_GLUTTONY_B4,Forgotten World (pilliers/uniques),109,12891122,0,4825094,2236,3379,109,109,186,186,2,8,unique_silencieux,1,3,15,75,18080
36272,MOB_GOD_GHOST_SPECTER_B4,Forgotten World (pilliers/uniques),109,110968,0,24369,2112,3578,109,109,186,186,2,6,elite/quest,1,3,10,55,18064
36342,MOB_GOD_GHOST_UNDINE_B4,Forgotten World (pilliers/uniques),109,62502412,0,23394398,2112,3578,109,109,186,186,2,3,unique_notice,1,3,30,75,18134
8665,MOB_HUNTER_NPC_10811081,AUTRE,109,42176,0,12185,2173,3477,109,109,186,186,2,0,normal,1,3,20,64,3198
8666,MOB_HUNTER_NPC_10821082,AUTRE,109,48830,0,12185,2112,3578,109,109,186,186,2,0,normal,1,3,20,64,3199
8667,MOB_HUNTER_NPC_10831083,AUTRE,109,48830,0,12185,2173,3477,109,109,186,186,2,0,normal,1,3,20,68,3200
8668,MOB_HUNTER_NPC_10841084,AUTRE,109,42176,0,12185,2236,3379,109,109,186,186,2,0,normal,1,3,20,77,3201
8669,MOB_HUNTER_NPC_10851085,AUTRE,109,42176,0,12185,2173,3477,109,109,186,186,2,0,normal,1,3,20,105,3202
8670,MOB_HUNTER_NPC_10861086,AUTRE,109,48830,0,12185,2112,3578,109,109,186,186,2,0,normal,1,3,20,64,3203
8671,MOB_HUNTER_NPC_10871087,AUTRE,109,42176,0,12185,2173,3477,109,109,186,186,2,0,normal,1,3,20,64,3204
8672,MOB_HUNTER_NPC_10881088,AUTRE,109,48830,0,12185,2236,3379,109,109,186,186,2,0,normal,1,3,20,68,3205
8673,MOB_HUNTER_NPC_10891089,AUTRE,109,48830,0,12185,2173,3477,109,109,186,186,2,0,normal,1,3,20,77,3206
8674,MOB_HUNTER_NPC_10901090,AUTRE,109,42176,0,12185,2112,3578,109,109,186,186,2,0,normal,1,3,20,105,3207
38231,MOB_SD_ACHNISHLAMA,Temple du Job / désert d'Alexandrie (Seth 101-110),109,42176,0,12185,2112,3477,109,109,186,186,2,0,normal,1,3,26,100,18619
38253,MOB_SD_AKERU,Temple du Job / désert d'Alexandrie (Seth 101-110),109,48830,0,12185,2112,3578,109,109,186,186,2,0,normal,1,3,15,75,18641
38174,MOB_SD_BASTET_3,Temple du Job / désert d'Alexandrie (Seth 101-110),109,84352,0,24369,2112,3379,109,109,186,186,2,6,elite/quest,1,3,20,100,18562
38171,MOB_SD_CHIEF_HYENA_3,Temple du Job / désert d'Alexandrie (Seth 101-110),109,84352,0,24369,2112,3477,109,109,186,186,2,6,elite/quest,1,3,30,110,18559
38215,MOB_SD_ERIS,Temple du Job / désert d'Alexandrie (Seth 101-110),109,87783966,0,27120519,2435,4007,114,114,191,191,2,8,unique_silencieux,1,3,100,200,18603
26736,MOB_SD_HAROERIS,Temple du Job / désert d'Alexandrie (Seth 101-110),109,244859450,0,76310958,3543,5829,118,123,195,195,2,3,unique_notice,1,3,0,0,13542
38261,MOB_SD_HAROERIS_DROP,Temple du Job / désert d'Alexandrie (Seth 101-110),109,1,0,0,0,0,0,0,0,0,0,8,unique_silencieux,1,3,0,0,18649
38162,MOB_SD_MUMMY_HUBRIS_3,Temple du Job / désert d'Alexandrie (Seth 101-110),109,84352,0,24369,2112,3379,109,109,186,186,2,6,elite/quest,1,3,20,75,18550
38152,MOB_SD_PRIEST_FLAME,Temple du Job / désert d'Alexandrie (Seth 101-110),109,42176,0,12185,2112,3578,109,109,186,186,2,0,normal,1,3,30,100,18540
38151,MOB_SD_PRIEST_GALE,Temple du Job / désert d'Alexandrie (Seth 101-110),109,42176,0,12185,2112,3578,109,109,186,186,2,0,normal,1,3,30,100,18539
38192,MOB_SD_SEPTU,Temple du Job / désert d'Alexandrie (Seth 101-110),109,42176,0,12185,2112,3379,109,109,186,186,2,0,normal,1,3,30,75,18580
38256,MOB_SE_HERON_3,AUTRE,109,97660,0,24369,2112,3578,109,109,186,186,2,6,elite/quest,1,3,25,75,18644
3302,MOB_THIEF_NPC_10811081,Evenement caravan/thief,109,42176,0,12185,2173,3477,109,109,186,186,2,0,normal,1,3,20,64,1319
3303,MOB_THIEF_NPC_10821082,Evenement caravan/thief,109,48830,0,12185,2112,3578,109,109,186,186,2,0,normal,1,3,20,64,1320
3305,MOB_THIEF_NPC_10841084,Evenement caravan/thief,109,42176,0,12185,2236,3379,109,109,186,186,2,0,normal,1,3,20,77,1322
3306,MOB_THIEF_NPC_10851085,Evenement caravan/thief,109,42176,0,12185,2173,3477,109,109,186,186,2,0,normal,1,3,20,105,1323
3307,MOB_THIEF_NPC_10861086,Evenement caravan/thief,109,48830,0,12185,2112,3578,109,109,186,186,2,0,normal,1,3,20,64,1324
3308,MOB_THIEF_NPC_10871087,Evenement caravan/thief,109,42176,0,12185,2173,3477,109,109,186,186,2,0,normal,1,3,20,64,1325
3309,MOB_THIEF_NPC_10881088,Evenement caravan/thief,109,48830,0,12185,2236,3379,109,109,186,186,2,0,normal,1,3,20,68,1326
3310,MOB_THIEF_NPC_10891089,Evenement caravan/thief,109,48830,0,12185,2173,3477,109,109,186,186,2,0,normal,1,3,20,77,1327
3311,MOB_THIEF_NPC_10901090,Evenement caravan/thief,109,42176,0,12185,2112,3578,109,109,186,186,2,0,normal,1,3,20,105,1328
24121,MOV_EV_BEAR_B_109,AUTRE,109,69060,0,48740,1923,3077,109,109,186,186,2,0,normal,1,0,50,75,13396
8680,MMB_HUNTER_NPC_10961096,AUTRE,110,43864,0,12550,2301,3477,110,110,187,187,2,0,normal,1,3,20,64,3213
17500,MOB_EU_HUNTER_NPC_10911091,Europe (Constantinople),110,43864,0,12550,2301,3477,110,110,187,187,2,0,normal,1,3,20,87,7135
17501,MOB_EU_HUNTER_NPC_10921092,Europe (Constantinople),110,43864,0,12550,2301,3477,110,110,187,187,2,0,normal,1,3,20,87,7136
17502,MOB_EU_HUNTER_NPC_10931093,Europe (Constantinople),110,43864,0,12550,2301,3477,110,110,187,187,2,0,normal,1,3,20,87,7137
17503,MOB_EU_HUNTER_NPC_10941094,Europe (Constantinople),110,43864,0,12550,2236,3578,110,110,187,187,2,0,normal,1,3,20,105,7138
17504,MOB_EU_HUNTER_NPC_10951095,Europe (Constantinople),110,43864,0,12550,2236,3578,110,110,187,187,2,0,normal,1,3,20,68,7139
17505,MOB_EU_HUNTER_NPC_10961096,Europe (Constantinople),110,43864,0,12550,2173,3681,110,110,187,187,2,0,normal,1,3,20,78,7140
17506,MOB_EU_HUNTER_NPC_10971097,Europe (Constantinople),110,43864,0,12550,2173,3681,110,110,187,187,2,0,normal,1,3,20,78,7141
17507,MOB_EU_HUNTER_NPC_10981098,Europe (Constantinople),110,43864,0,12550,2173,3681,110,110,187,187,2,0,normal,1,3,20,78,7142
17508,MOB_EU_HUNTER_NPC_10991099,Europe (Constantinople),110,43864,0,12550,2173,3681,110,110,187,187,2,0,normal,1,3,20,78,7143
17509,MOB_EU_HUNTER_NPC_11001100,Europe (Constantinople),110,43864,0,12550,2173,3681,110,110,187,187,2,0,normal,1,3,20,78,7144
16100,MOB_EU_THIEF_NPC_10911091,Europe (Constantinople),110,43864,0,12550,2301,3477,110,110,187,187,2,0,normal,1,3,20,87,5735
16101,MOB_EU_THIEF_NPC_10921092,Europe (Constantinople),110,43864,0,12550,2301,3477,110,110,187,187,2,0,normal,1,3,20,87,5736
16102,MOB_EU_THIEF_NPC_10931093,Europe (Constantinople),110,43864,0,12550,2301,3477,110,110,187,187,2,0,normal,1,3,20,87,5737
16103,MOB_EU_THIEF_NPC_10941094,Europe (Constantinople),110,43864,0,12550,2236,3578,110,110,187,187,2,0,normal,1,3,20,105,5738
16104,MOB_EU_THIEF_NPC_10951095,Europe (Constantinople),110,43864,0,12550,2236,3578,110,110,187,187,2,0,normal,1,3,20,68,5739
16105,MOB_EU_THIEF_NPC_10961096,Europe (Constantinople),110,43864,0,12550,2173,3681,110,110,187,187,2,0,normal,1,3,20,78,5740
16106,MOB_EU_THIEF_NPC_10971097,Europe (Constantinople),110,43864,0,12550,2173,3681,110,110,187,187,2,0,normal,1,3,20,78,5741
16107,MOB_EU_THIEF_NPC_10981098,Europe (Constantinople),110,43864,0,12550,2173,3681,110,110,187,187,2,0,normal,1,3,20,78,5742
16108,MOB_EU_THIEF_NPC_10991099,Europe (Constantinople),110,43864,0,12550,2173,3681,110,110,187,187,2,0,normal,1,3,20,78,5743
16109,MOB_EU_THIEF_NPC_11001100,Europe (Constantinople),110,43864,0,12550,2173,3681,110,110,187,187,2,0,normal,1,3,20,78,5744
26938,MOB_EVE_STRONG_SD_SOPEDU,Evenement,110,43864,0,12550,1937,4122,110,110,187,187,2,7,7,1,3,30,75,13744
22628,MOB_FW_BATTLEGOLEM_110,Forteresse (guerre de forteresse),110,56145398,0,24096229,2367,3379,110,110,187,187,2,3,unique_notice,1,3,42,56,12182
22208,MOB_FW_HYEONGCHEON_110,Forteresse (guerre de forteresse),110,55402762,0,18072172,2236,3578,110,110,187,187,2,3,unique_notice,1,3,23,74,11762
22348,MOB_FW_MUJIGI_110,Forteresse (guerre de forteresse),110,42109049,0,18072172,2236,3578,110,110,187,187,2,3,unique_notice,1,3,38,143,11902
21508,MOB_FW_TAESE_110,Forteresse (guerre de forteresse),110,73870349,0,24096229,2367,3379,110,110,187,187,2,3,unique_notice,1,3,10,34,11062
8675,MOB_HUNTER_NPC_10911091,AUTRE,110,50787,0,12550,2236,3578,110,110,187,187,2,0,normal,1,3,20,64,3208
8676,MOB_HUNTER_NPC_10921092,AUTRE,110,50787,0,12550,2301,3477,110,16777326,187,187,2,0,normal,1,3,20,64,3209
8677,MOB_HUNTER_NPC_10931093,AUTRE,110,43864,0,12550,2236,3578,110,110,187,187,2,0,normal,1,3,20,68,3210
8678,MOB_HUNTER_NPC_10941094,AUTRE,110,50787,0,12550,2173,3681,110,110,187,187,2,0,normal,1,3,20,78,3211
8679,MOB_HUNTER_NPC_10951095,AUTRE,110,43864,0,12550,2236,3578,110,110,187,187,2,0,normal,1,3,20,105,3212
8681,MOB_HUNTER_NPC_10971097,AUTRE,110,50787,0,12550,2236,3578,110,110,187,187,2,0,normal,1,3,20,64,3214
8682,MOB_HUNTER_NPC_10981098,AUTRE,110,50787,0,12550,2173,3681,110,110,187,187,2,0,normal,1,3,20,68,3215
8683,MOB_HUNTER_NPC_10991099,AUTRE,110,43864,0,12550,2236,3578,110,110,187,187,2,0,normal,1,3,20,78,3216
8684,MOB_HUNTER_NPC_11001100,AUTRE,110,43864,0,12550,2301,3477,110,110,187,187,2,0,normal,1,3,20,105,3217
38177,MOB_SD_BAST_3,Temple du Job / désert d'Alexandrie (Seth 101-110),110,87727,0,25100,2173,3477,110,110,187,187,2,6,elite/quest,1,3,20,100,18565
38243,MOB_SD_DEVILWORM,Temple du Job / désert d'Alexandrie (Seth 101-110),110,43864,0,12550,2173,3681,110,110,187,187,2,0,normal,1,3,40,100,18631
38260,MOB_SD_EGYPTTOMB_3,Temple du Job / désert d'Alexandrie (Seth 101-110),110,175454,0,12550,2531,4049,110,110,187,187,2,0,normal,1,3,40,100,18648
38207,MOB_SD_HORUS_3,Temple du Job / désert d'Alexandrie (Seth 101-110),110,35270343,0,12204234,3165,5210,114,114,191,191,2,8,unique_silencieux,1,3,40,90,18595
38154,MOB_SD_IMOUTHES,Temple du Job / désert d'Alexandrie (Seth 101-110),110,43864,0,12550,2173,3578,110,16777326,187,187,2,0,normal,1,3,30,100,18542
38159,MOB_SD_MUMMY_RAGE_3,Temple du Job / désert d'Alexandrie (Seth 101-110),110,87727,0,25100,2173,3477,110,110,187,187,2,6,elite/quest,1,3,20,75,18547
38210,MOB_SD_OSIRIS_3,Temple du Job / désert d'Alexandrie (Seth 101-110),110,48336636,0,16760481,3256,5359,115,115,192,192,2,8,unique_silencieux,1,3,40,100,18598
38194,MOB_SD_PETBE,Temple du Job / désert d'Alexandrie (Seth 101-110),110,43864,0,12550,2173,3477,110,110,187,187,2,0,normal,1,3,30,75,18582
26738,MOB_SD_SETH,Temple du Job / désert d'Alexandrie (Seth 101-110),110,236392140,0,77719959,3746,6163,120,125,197,197,2,3,unique_notice,1,3,0,0,13544
38262,MOB_SD_SETH_DROP,Temple du Job / désert d'Alexandrie (Seth 101-110),110,1,0,0,0,0,0,0,0,0,0,8,unique_silencieux,1,3,0,0,18650
38193,MOB_SD_SOPEDU,Temple du Job / désert d'Alexandrie (Seth 101-110),110,43864,0,12550,2173,3477,110,110,187,187,2,0,normal,1,3,30,75,18581
38164,MOB_SD_SPECTOR_DEMOLITION,Temple du Job / désert d'Alexandrie (Seth 101-110),110,43864,0,12550,2173,3477,110,110,187,187,2,0,normal,1,3,20,75,18552
38163,MOB_SD_SPECTOR_GREED,Temple du Job / désert d'Alexandrie (Seth 101-110),110,43864,0,12550,2173,3477,110,110,187,187,2,0,normal,1,3,20,75,18551
38180,MOB_SD_TELBASTA_3,Temple du Job / désert d'Alexandrie (Seth 101-110),110,87727,0,25100,2173,3477,110,110,187,187,2,6,elite/quest,1,3,20,100,18568
3312,MOB_THIEF_NPC_10911091,Evenement caravan/thief,110,50787,0,12550,2236,3578,110,110,187,187,2,0,normal,1,3,20,320,1329
3313,MOB_THIEF_NPC_10921092,Evenement caravan/thief,110,50787,0,12550,2301,3477,110,110,187,187,2,0,normal,1,3,20,64,1330
3315,MOB_THIEF_NPC_10941094,Evenement caravan/thief,110,50787,0,12550,2173,3681,110,110,187,187,2,0,normal,1,3,20,78,1332
3316,MOB_THIEF_NPC_10951095,Evenement caravan/thief,110,43864,0,12550,2236,3578,110,110,187,187,2,0,normal,1,3,20,105,1333
3317,MOB_THIEF_NPC_10961096,Evenement caravan/thief,110,43864,0,12550,2301,3477,110,110,187,187,2,0,normal,1,3,20,64,1334
3318,MOB_THIEF_NPC_10971097,Evenement caravan/thief,110,50787,0,12550,2236,3578,110,110,187,187,2,0,normal,1,3,20,64,1335
3319,MOB_THIEF_NPC_10981098,Evenement caravan/thief,110,50787,0,12550,2173,3681,110,110,187,187,2,0,normal,1,3,20,68,1336
3320,MOB_THIEF_NPC_10991099,Evenement caravan/thief,110,43864,0,12550,2236,3578,110,16777326,187,187,2,0,normal,1,3,20,78,1337
3314,MOB_THIEF_NPC_11931093,Evenement caravan/thief,110,43864,0,12550,2236,3578,110,110,187,187,2,0,normal,1,3,20,68,1331
24122,MOV_EV_BEAR_B_110,AUTRE,110,71065,0,50200,1978,3166,110,110,187,187,2,0,normal,1,0,50,75,13397
17513,MOB_EU_HUNTER_NPA_11041104,Europe (Constantinople),111,45096,0,12927,2301,3681,111,111,188,188,2,0,normal,1,3,20,106,7148
17510,MOB_EU_HUNTER_NPC_11011101,Europe (Constantinople),111,45096,0,12927,2367,3578,111,16777327,188,188,2,0,normal,1,3,20,87,7145
17512,MOB_EU_HUNTER_NPC_11031103,Europe (Constantinople),111,45096,0,12927,2367,3578,111,111,188,188,2,0,normal,1,3,20,87,7147
17514,MOB_EU_HUNTER_NPC_11051105,Europe (Constantinople),111,45096,0,12927,2301,3681,111,111,188,188,2,0,normal,1,3,20,69,7149
17515,MOB_EU_HUNTER_NPC_11061106,Europe (Constantinople),111,45096,0,12927,2236,3787,111,111,188,188,2,0,normal,1,3,20,78,7150
17516,MOB_EU_HUNTER_NPC_11071107,Europe (Constantinople),111,45096,0,12927,2236,3787,111,111,188,188,2,0,normal,1,3,20,78,7151
17517,MOB_EU_HUNTER_NPC_11081108,Europe (Constantinople),111,45096,0,12927,2236,3787,111,111,188,188,2,0,normal,1,3,20,78,7152
17518,MOB_EU_HUNTER_NPC_11091109,Europe (Constantinople),111,45096,0,12927,2236,3787,111,111,188,188,2,0,normal,1,3,20,78,7153
17519,MOB_EU_HUNTER_NPC_11101110,Europe (Constantinople),111,45096,0,12927,2236,3787,111,111,188,188,2,0,normal,1,3,20,78,7154
16110,MOB_EU_THIEF_NPC_11011101,Europe (Constantinople),111,45096,0,12927,2367,3578,111,111,188,188,2,0,normal,1,3,20,87,5745
16111,MOB_EU_THIEF_NPC_11021102,Europe (Constantinople),111,45096,0,12927,2367,3578,111,111,188,188,2,0,normal,1,3,20,87,5746
16112,MOB_EU_THIEF_NPC_11031103,Europe (Constantinople),111,45096,0,12927,2367,3578,111,111,188,188,2,0,normal,1,3,20,343,5747
16113,MOB_EU_THIEF_NPC_11041104,Europe (Constantinople),111,45096,0,12927,2301,3681,111,111,188,188,2,0,normal,1,3,20,106,5748
16115,MOB_EU_THIEF_NPC_11061106,Europe (Constantinople),111,45096,0,12927,2236,3787,111,111,188,188,2,0,normal,1,3,20,78,5750
16116,MOB_EU_THIEF_NPC_11071107,Europe (Constantinople),111,45096,0,12927,2236,3787,111,111,188,188,2,0,normal,1,3,20,78,5751
16117,MOB_EU_THIEF_NPC_11081108,Europe (Constantinople),111,45096,0,12927,2236,3787,111,111,188,188,2,0,normal,1,3,20,78,5752
16118,MOB_EU_THIEF_NPC_11091109,Europe (Constantinople),111,45096,0,12927,2236,3787,111,16777327,188,188,2,0,normal,1,3,20,78,5753
16119,MOB_EU_THIEF_NPC_11101110,Europe (Constantinople),111,45096,0,12927,2236,3787,111,111,188,188,2,0,normal,1,3,20,78,5754
22629,MOB_FW_BATTLEGOLEM_111,Forteresse (guerre de forteresse),111,57722800,0,24819116,2435,3477,111,111,188,188,2,3,unique_notice,1,3,42,56,12183
22209,MOB_FW_HYEONGCHEON_111,Forteresse (guerre de forteresse),111,56965311,0,18614337,2301,3681,111,111,188,188,2,3,unique_notice,1,3,23,74,11763
22349,MOB_FW_MUJIGI_111,Forteresse (guerre de forteresse),111,43292100,0,18614337,2301,3681,111,111,188,188,2,3,unique_notice,1,3,38,143,11903
21509,MOB_FW_TAESE_111,Forteresse (guerre de forteresse),111,75953747,0,24819116,2435,3477,111,111,188,188,2,3,unique_notice,1,3,10,34,11063
8685,MOB_HUNTER_NPC_11011101,AUTRE,111,52217,0,12927,2301,3681,111,111,188,188,2,0,normal,1,3,20,64,3218
8685,MOB_HUNTER_NPC_11011101,AUTRE,111,52217,0,12927,2301,3681,111,111,188,188,2,0,normal,1,3,20,64,3218
8686,MOB_HUNTER_NPC_11021102,AUTRE,111,45096,0,12927,2236,3787,111,111,188,188,2,0,normal,1,3,20,64,3219
8687,MOB_HUNTER_NPC_11031103,AUTRE,111,52217,0,12927,2301,3681,111,111,188,188,2,0,normal,1,3,20,69,3220
8688,MOB_HUNTER_NPC_11041104,AUTRE,111,52217,0,12927,2367,3578,111,111,188,188,2,0,normal,1,3,20,78,3221
8689,MOB_HUNTER_NPC_11051105,AUTRE,111,45096,0,12927,2301,3681,111,111,188,188,2,0,normal,1,3,20,106,3222
8690,MOB_HUNTER_NPC_11061106,AUTRE,111,52217,0,12927,2236,3787,111,111,188,188,2,0,normal,1,3,20,64,3223
8691,MOB_HUNTER_NPC_11071107,AUTRE,111,52217,0,12927,2301,3681,111,111,188,188,2,0,normal,1,3,20,64,3224
8692,MOB_HUNTER_NPC_11081108,AUTRE,111,45096,0,12927,2367,3578,111,111,188,188,2,0,normal,1,3,20,69,3225
8693,MOB_HUNTER_NPC_11091109,AUTRE,111,52217,0,12927,2301,3681,111,111,188,188,2,0,normal,1,3,20,78,3226
41353,MOB_JUPITER_NIKE_LION,"Temple de Jupiter (101-120, retrofit D12)",111,59339,0,12927,2367,3578,111,111,188,188,2,1,champion,0,3,10,40,18730
41341,MOB_JUPITER_TEMPLE_PROTECTION,"Temple de Jupiter (101-120, retrofit D12)",111,45096,0,12927,2367,3578,111,111,188,188,2,0,normal,0,3,30,100,18718
41737,MOB_JUPITER_TEMPLE_PROTECTION_CLONE,"Temple de Jupiter (101-120, retrofit D12)",111,45096,0,12927,2367,3578,111,111,188,188,2,0,normal,0,3,40,100,18848
41738,MOB_JUPITER_TEMPLE_WATCH,"Temple de Jupiter (101-120, retrofit D12)",111,52217,0,12927,2367,3578,111,111,188,188,2,0,normal,0,3,20,75,18849
3322,MOB_THIEF_NPC_11011101,Evenement caravan/thief,111,52217,0,12927,2301,3681,111,111,188,188,2,0,normal,1,3,20,64,1339
3323,MOB_THIEF_NPC_11021102,Evenement caravan/thief,111,45096,0,12927,2236,3787,111,111,188,188,2,0,normal,1,3,20,64,1340
3324,MOB_THIEF_NPC_11031103,Evenement caravan/thief,111,52217,0,12927,2301,3681,111,111,188,188,2,0,normal,1,3,20,69,1341
3325,MOB_THIEF_NPC_11041104,Evenement caravan/thief,111,52217,0,12927,2367,3578,111,111,188,188,2,0,normal,1,3,20,78,1342
3326,MOB_THIEF_NPC_11051105,Evenement caravan/thief,111,45096,0,12927,2301,3681,111,111,188,188,2,0,normal,1,3,20,106,1343
3327,MOB_THIEF_NPC_11061106,Evenement caravan/thief,111,52217,0,12927,2236,3787,111,111,188,188,2,0,normal,1,3,20,64,1344
3328,MOB_THIEF_NPC_11071107,Evenement caravan/thief,111,52217,0,12927,2301,3681,111,111,188,188,2,0,normal,1,3,20,320,1345
3329,MOB_THIEF_NPC_11081108,Evenement caravan/thief,111,45096,0,12927,2367,3578,111,111,188,188,2,0,normal,1,3,20,69,1346
3330,MOB_THIEF_NPC_11091109,Evenement caravan/thief,111,52217,0,12927,2301,3681,111,111,188,188,2,0,normal,1,3,20,78,1347
3331,MOB_THIEF_NPC_11101110,Evenement caravan/thief,111,45096,0,12927,2236,3787,111,111,188,188,2,0,normal,1,3,20,106,1348
24123,MOV_EV_BEAR_B_111,AUTRE,111,73122,0,51708,2035,3256,111,111,188,188,2,0,normal,1,0,50,75,13398
17520,MOB_EU_HUNTER_NPC_11111111,Europe (Constantinople),112,46360,0,13314,2435,3681,112,112,189,189,2,0,normal,1,3,20,87,7155
17521,MOB_EU_HUNTER_NPC_11121112,Europe (Constantinople),112,46360,0,13314,2435,3681,112,112,189,189,2,0,normal,1,3,20,87,7156
17522,MOB_EU_HUNTER_NPC_11131113,Europe (Constantinople),112,46360,0,13314,2435,3681,112,112,189,189,2,0,normal,1,3,20,87,7157
17523,MOB_EU_HUNTER_NPC_11141114,Europe (Constantinople),112,46360,0,13314,2367,3787,112,112,189,189,2,0,normal,1,3,20,106,7158
17524,MOB_EU_HUNTER_NPC_11151115,Europe (Constantinople),112,46360,0,13314,2367,3787,112,112,189,189,2,0,normal,1,3,20,69,7159
17525,MOB_EU_HUNTER_NPC_11161116,Europe (Constantinople),112,46360,0,13314,2301,3896,112,112,189,189,2,0,normal,1,3,20,78,7160
17526,MOB_EU_HUNTER_NPC_11171117,Europe (Constantinople),112,46360,0,13314,2301,3896,112,112,189,189,2,0,normal,1,3,20,78,7161
17527,MOB_EU_HUNTER_NPC_11181118,Europe (Constantinople),112,46360,0,13314,2301,3896,112,112,189,189,2,0,normal,1,3,20,78,7162
17528,MOB_EU_HUNTER_NPC_11191119,Europe (Constantinople),112,46360,0,13314,2301,3896,112,112,189,189,2,0,normal,1,3,20,78,7163
17529,MOB_EU_HUNTER_NPC_11201120,Europe (Constantinople),112,46360,0,13314,2301,3896,112,112,189,189,2,0,normal,1,3,20,78,7164
16120,MOB_EU_THIEF_NPC_11111111,Europe (Constantinople),112,46360,0,13314,2435,3681,112,112,189,189,2,0,normal,1,3,20,87,5755
16121,MOB_EU_THIEF_NPC_11121112,Europe (Constantinople),112,46360,0,13314,2435,3681,112,112,189,189,2,0,normal,1,3,20,87,5756
16122,MOB_EU_THIEF_NPC_11131113,Europe (Constantinople),112,46360,0,13314,2435,3681,112,112,189,189,2,0,normal,1,3,20,87,5757
16123,MOB_EU_THIEF_NPC_11141114,Europe (Constantinople),112,46360,0,13314,2367,3787,112,112,189,189,2,0,normal,1,3,20,106,5758
16124,MOB_EU_THIEF_NPC_11151115,Europe (Constantinople),112,46360,0,13314,2367,3787,112,112,189,189,2,0,normal,1,3,20,69,5759
16125,MOB_EU_THIEF_NPC_11161116,Europe (Constantinople),112,46360,0,13314,2301,3896,112,112,189,189,2,0,normal,1,3,20,78,5760
16126,MOB_EU_THIEF_NPC_11171117,Europe (Constantinople),112,46360,0,13314,2301,3896,112,112,189,189,2,0,normal,1,3,20,78,5761
16127,MOB_EU_THIEF_NPC_11181118,Europe (Constantinople),112,46360,0,13314,2301,3896,112,112,189,189,2,0,normal,1,3,20,78,5762
16128,MOB_EU_THIEF_NPC_11191119,Europe (Constantinople),112,46360,0,13314,2301,3896,112,112,189,189,2,0,normal,1,3,20,78,5763
16129,MOB_EU_THIEF_NPC_11201120,Europe (Constantinople),112,46360,0,13314,2301,3896,112,112,189,189,2,0,normal,1,3,20,78,5764
22630,MOB_FW_BATTLEGOLEM_112,Forteresse (guerre de forteresse),112,59340839,0,25563690,2505,3578,112,112,189,189,2,3,unique_notice,1,3,42,56,12184
22210,MOB_FW_HYEONGCHEON_112,Forteresse (guerre de forteresse),112,58568200,0,19172768,2367,3787,112,112,189,189,2,3,unique_notice,1,3,23,74,11764
21510,MOB_FW_TAESE_112,Forteresse (guerre de forteresse),112,78090933,0,25563690,2505,3578,112,112,189,189,2,3,unique_notice,1,3,10,34,11064
8695,MOB_HUNTER_NPC_11111111,AUTRE,112,46360,0,13314,2367,3787,112,112,189,189,2,0,normal,1,3,20,64,3228
8696,MOB_HUNTER_NPC_11121112,AUTRE,112,53684,0,13314,2435,3681,112,112,189,189,2,0,normal,1,3,20,64,3229
8697,MOB_HUNTER_NPC_11131113,AUTRE,112,53684,0,13314,2367,3787,112,112,189,189,2,0,normal,1,3,20,69,3230
8698,MOB_HUNTER_NPC_11141114,AUTRE,112,46360,0,13314,2301,3896,112,112,189,189,2,0,normal,1,3,20,78,3231
8699,MOB_HUNTER_NPC_11151115,AUTRE,112,46360,0,13314,2367,3787,112,112,189,189,2,0,normal,1,3,20,106,3232
8700,MOB_HUNTER_NPC_11161116,AUTRE,112,53684,0,13314,2435,3681,112,16777328,189,189,2,0,normal,1,3,20,64,3233
8701,MOB_HUNTER_NPC_11171117,AUTRE,112,46360,0,13314,2367,3787,112,112,189,189,2,0,normal,1,3,20,64,3234
8702,MOB_HUNTER_NPC_11181118,AUTRE,112,53684,0,13314,2301,3896,112,112,189,189,2,0,normal,1,3,20,69,3235
8703,MOB_HUNTER_NPC_11191119,AUTRE,112,53684,0,13314,2367,3787,112,112,189,189,2,0,normal,1,3,20,78,3236
8704,MOB_HUNTER_NPC_11201120,AUTRE,112,46360,0,13314,2435,3681,112,112,189,189,2,0,normal,1,3,20,106,3237
41354,MOB_JUPITER_APOLLO_LION,"Temple de Jupiter (101-120, retrofit D12)",112,61009,0,19972,2435,3681,112,112,189,189,2,6,elite/quest,0,3,10,40,18731
41365,MOB_JUPITER_GRIFFIN_GUARD,"Temple de Jupiter (101-120, retrofit D12)",112,46360,0,13314,2301,3896,112,112,189,189,2,1,champion,0,3,40,90,18742
41346,MOB_JUPITER_SOUL_BREAKER,"Temple de Jupiter (101-120, retrofit D12)",112,53684,0,13314,2435,3681,112,112,189,189,2,1,champion,0,3,20,75,18723
41739,MOB_JUPITER_TEMPLE_GUARD_CLONE,"Temple de Jupiter (101-120, retrofit D12)",112,53684,0,13314,2435,3681,112,112,189,189,2,0,normal,0,3,20,75,18850
41344,MOB_JUPITER_TEMPLE_WATCH,"Temple de Jupiter (101-120, retrofit D12)",112,53684,0,13314,2435,3681,112,112,189,189,2,0,normal,0,3,20,75,18721
3332,MOB_THIEF_NPC_11111111,Evenement caravan/thief,112,46360,0,13314,2367,3787,112,112,189,189,2,0,normal,1,3,20,64,1349
3333,MOB_THIEF_NPC_11121112,Evenement caravan/thief,112,53684,0,13314,2435,3681,112,112,189,189,2,0,normal,1,3,20,64,1350
3334,MOB_THIEF_NPC_11131113,Evenement caravan/thief,112,53684,0,13314,2367,3787,112,112,189,189,2,0,normal,1,3,20,69,1351
3335,MOB_THIEF_NPC_11141114,Evenement caravan/thief,112,46360,0,13314,2301,3896,112,112,189,189,2,0,normal,1,3,20,78,1352
3336,MOB_THIEF_NPC_11151115,Evenement caravan/thief,112,46360,0,13314,2367,3787,112,112,189,189,2,0,normal,1,3,20,106,1353
3338,MOB_THIEF_NPC_11171117,Evenement caravan/thief,112,46360,0,13314,2367,3787,112,112,189,189,2,0,normal,1,3,20,64,1355
3339,MOB_THIEF_NPC_11181118,Evenement caravan/thief,112,53684,0,13314,2301,3896,112,112,189,189,2,0,normal,1,3,20,69,1356
3340,MOB_THIEF_NPC_11191119,Evenement caravan/thief,112,53684,0,13314,2367,3787,112,112,189,189,2,0,normal,1,3,20,78,1357
3341,MOB_THIEF_NPC_11201120,Evenement caravan/thief,112,46360,0,13314,2435,3681,112,112,189,189,2,0,normal,1,3,20,106,1358
24124,MOV_EV_BEAR_B_112,AUTRE,112,75233,0,53256,2094,3350,112,112,189,189,2,0,normal,1,0,50,75,13399
8712,MMB_HUNTER_NPC_11281128,AUTRE,113,55189,0,13714,2505,3787,113,113,190,190,2,0,normal,1,3,20,69,3245
17530,MOB_EU_HUNTER_NPC_11211121,Europe (Constantinople),113,47657,0,13714,2505,3787,113,113,190,190,2,0,normal,1,3,20,88,7165
17531,MOB_EU_HUNTER_NPC_11221122,Europe (Constantinople),113,47657,0,13714,2505,3787,113,113,190,190,2,0,normal,1,3,20,88,7166
17532,MOB_EU_HUNTER_NPC_11231123,Europe (Constantinople),113,47657,0,13714,2505,3787,113,113,190,190,2,0,normal,1,3,20,88,7167
17533,MOB_EU_HUNTER_NPC_11241124,Europe (Constantinople),113,47657,0,13714,2435,3896,113,113,190,190,2,0,normal,1,3,20,107,7168
17534,MOB_EU_HUNTER_NPC_11251125,Europe (Constantinople),113,47657,0,13714,2435,3896,113,16777329,190,190,2,0,normal,1,3,20,69,7169
17535,MOB_EU_HUNTER_NPC_11261126,Europe (Constantinople),113,47657,0,13714,2367,4007,113,113,190,190,2,0,normal,1,3,20,78,7170
17536,MOB_EU_HUNTER_NPC_11271127,Europe (Constantinople),113,47657,0,13714,2367,4007,113,113,190,190,2,0,normal,1,3,20,78,7171
17537,MOB_EU_HUNTER_NPC_11281128,Europe (Constantinople),113,47657,0,13714,2367,4007,113,113,190,190,2,0,normal,1,3,20,78,7172
17538,MOB_EU_HUNTER_NPC_11291129,Europe (Constantinople),113,47657,0,13714,2367,4007,113,113,190,190,2,0,normal,1,3,20,78,7173
17539,MOB_EU_HUNTER_NPC_11301130,Europe (Constantinople),113,47657,0,13714,2367,4007,113,113,190,190,2,0,normal,1,3,20,78,7174
16130,MOB_EU_THIEF_NPC_11211121,Europe (Constantinople),113,47657,0,13714,2505,3787,113,113,190,190,2,0,normal,1,3,20,88,5765
16131,MOB_EU_THIEF_NPC_11221122,Europe (Constantinople),113,47657,0,13714,2505,3787,113,113,190,190,2,0,normal,1,3,20,88,5766
16132,MOB_EU_THIEF_NPC_11231123,Europe (Constantinople),113,47657,0,13714,2505,3787,113,113,190,190,2,0,normal,1,3,20,88,5767
16133,MOB_EU_THIEF_NPC_11241124,Europe (Constantinople),113,47657,0,13714,2435,3896,113,113,190,190,2,0,normal,1,3,20,107,5768
16134,MOB_EU_THIEF_NPC_11251125,Europe (Constantinople),113,47657,0,13714,2435,3896,113,113,190,190,2,0,normal,1,3,20,69,5769
16135,MOB_EU_THIEF_NPC_11261126,Europe (Constantinople),113,47657,0,13714,2367,4007,113,113,190,190,2,0,normal,1,3,20,78,5770
16136,MOB_EU_THIEF_NPC_11271127,Europe (Constantinople),113,47657,0,13714,2367,4007,113,113,190,190,2,0,normal,1,3,20,78,5771
16137,MOB_EU_THIEF_NPC_11281128,Europe (Constantinople),113,47657,0,13714,2367,4007,113,113,190,190,2,0,normal,1,3,20,78,5772
16138,MOB_EU_THIEF_NPC_11291129,Europe (Constantinople),113,47657,0,13714,2367,4007,113,113,190,190,2,0,normal,1,3,20,78,5773
16139,MOB_EU_THIEF_NPC_11301130,Europe (Constantinople),113,47657,0,13714,2367,4007,113,113,190,190,2,0,normal,1,3,20,78,5774
22631,MOB_FW_BATTLEGOLEM_113,Forteresse (guerre de forteresse),113,61000511,0,26330601,2576,3681,113,16777329,190,190,2,3,unique_notice,1,3,42,56,12185
22211,MOB_FW_HYEONGCHEON_113,Forteresse (guerre de forteresse),113,60212419,0,19747950,2435,3896,113,113,190,190,2,3,unique_notice,1,3,23,74,11765
22351,MOB_FW_MUJIGI_113,Forteresse (guerre de forteresse),113,45750383,0,19747950,2435,3896,113,113,190,190,2,3,unique_notice,1,3,38,143,11905
21511,MOB_FW_TAESE_113,Forteresse (guerre de forteresse),113,80283225,0,26330601,2576,3681,113,113,190,190,2,3,unique_notice,1,3,10,34,11065
8705,MOB_HUNTER_NPC_11211121,AUTRE,113,55189,0,13714,2435,3896,113,113,190,190,2,0,normal,1,3,20,64,3238
8706,MOB_HUNTER_NPC_11221122,AUTRE,113,55189,0,13714,2367,4007,113,113,190,190,2,0,normal,1,3,20,64,3239
8707,MOB_HUNTER_NPC_11231123,AUTRE,113,47657,0,13714,2435,3896,113,113,190,190,2,0,normal,1,3,20,69,3240
8708,MOB_HUNTER_NPC_11241124,AUTRE,113,55189,0,13714,2505,3787,113,113,190,190,2,0,normal,1,3,20,78,3241
8709,MOB_HUNTER_NPC_11251125,AUTRE,113,47657,0,13714,2435,3896,113,113,190,190,2,0,normal,1,3,20,107,3242
8710,MOB_HUNTER_NPC_11261126,AUTRE,113,47657,0,13714,2367,4007,113,113,190,190,2,0,normal,1,3,20,64,3243
8711,MOB_HUNTER_NPC_11271127,AUTRE,113,55189,0,13714,2435,3896,113,113,190,190,2,0,normal,1,3,20,64,3244
8713,MOB_HUNTER_NPC_11291129,AUTRE,113,47657,0,13714,2435,3896,113,113,190,190,2,0,normal,1,3,20,78,3246
8714,MOB_HUNTER_NPC_11301130,AUTRE,113,47657,0,13714,2367,4007,113,113,190,190,2,0,normal,1,3,20,107,3247
41355,MOB_JUPITER_ASHERAH_LION,"Temple de Jupiter (101-120, retrofit D12)",113,62721,0,13714,2505,3787,113,113,190,190,2,1,champion,0,3,10,40,18732
41367,MOB_JUPITER_GRIFFIN,"Temple de Jupiter (101-120, retrofit D12)",113,47657,0,20571,2367,4007,113,113,190,190,2,6,elite/quest,0,3,40,90,18744
41359,MOB_JUPITER_MINO,"Temple de Jupiter (101-120, retrofit D12)",113,47657,0,20571,2367,4007,113,113,190,190,2,6,elite/quest,0,3,40,100,18736
41342,MOB_JUPITER_SOUL_CUTER,"Temple de Jupiter (101-120, retrofit D12)",113,47657,0,20571,2505,3787,113,113,190,190,2,6,elite/quest,0,3,40,100,18719
41347,MOB_JUPITER_SOUL_WATCHER,"Temple de Jupiter (101-120, retrofit D12)",113,55189,0,13714,2505,3787,113,113,190,190,2,1,champion,0,3,20,75,18724
41345,MOB_JUPITER_TEMPLE_GUARD,"Temple de Jupiter (101-120, retrofit D12)",113,55189,0,13714,2505,3787,113,113,190,190,2,0,normal,0,3,0,0,18722
41351,MOB_JUPITER_TEMPLE_LION,"Temple de Jupiter (101-120, retrofit D12)",113,62721,0,13714,2505,3787,113,113,190,190,2,0,normal,0,3,10,40,18728
41740,MOB_JUPITER_TEMPLE_LION_CLONE,"Temple de Jupiter (101-120, retrofit D12)",113,62721,0,13714,2505,3787,113,113,190,190,2,0,normal,0,3,10,40,18851
41352,MOB_JUPITER_TEMPLE_WILDLION,"Temple de Jupiter (101-120, retrofit D12)",113,62721,0,13714,2505,3787,113,113,190,190,2,0,normal,0,3,10,40,18729
41741,MOB_JUPITER_TEMPLE_WILDLION_CLONE,"Temple de Jupiter (101-120, retrofit D12)",113,62721,0,13714,2505,3787,113,113,190,190,2,0,normal,0,3,10,40,18852
3342,MOB_THIEF_NPC_11211121,Evenement caravan/thief,113,55189,0,13714,2435,3896,113,113,190,190,2,0,normal,1,3,20,64,1359
3343,MOB_THIEF_NPC_11221122,Evenement caravan/thief,113,55189,0,13714,2367,4007,113,113,190,190,2,0,normal,1,3,20,64,1360
3344,MOB_THIEF_NPC_11231123,Evenement caravan/thief,113,47657,0,13714,2435,3896,113,16777329,190,190,2,0,normal,1,3,20,69,1361
3345,MOB_THIEF_NPC_11241124,Evenement caravan/thief,113,55189,0,13714,2505,3787,113,113,190,190,2,0,normal,1,3,20,334,1362
3346,MOB_THIEF_NPC_11251125,Evenement caravan/thief,113,47657,0,13714,2435,3896,113,113,190,190,2,0,normal,1,3,20,107,1363
3347,MOB_THIEF_NPC_11261126,Evenement caravan/thief,113,47657,0,13714,2367,4007,113,113,190,190,2,0,normal,1,3,20,64,1364
3348,MOB_THIEF_NPC_11271127,Evenement caravan/thief,113,55189,0,13714,2435,3896,113,113,190,190,2,0,normal,1,3,20,64,1365
3349,MOB_THIEF_NPC_11281128,Evenement caravan/thief,113,55189,0,13714,2505,3787,113,113,190,190,2,0,normal,1,3,20,69,1366
3350,MOB_THIEF_NPC_11291129,Evenement caravan/thief,113,47657,0,13714,2435,3896,113,113,190,190,2,0,normal,1,3,20,78,1367
3351,MOB_THIEF_NPC_11301130,Evenement caravan/thief,113,47657,0,13714,2367,4007,113,113,190,190,2,0,normal,1,3,20,107,1368
24125,MOV_EV_BEAR_B_113,AUTRE,113,77399,0,54856,2153,3445,113,113,190,190,2,0,normal,1,0,50,75,13400
17544,MOB_EU_HUNTER_NPC,Europe (Constantinople),114,48987,0,14125,2505,4007,114,114,191,191,2,0,normal,1,3,20,69,7179
17540,MOB_EU_HUNTER_NPC_11311131,Europe (Constantinople),114,48987,0,14125,2576,3896,114,114,191,191,2,0,normal,1,3,20,88,7175
17541,MOB_EU_HUNTER_NPC_11321132,Europe (Constantinople),114,48987,0,14125,2576,3896,114,114,191,191,2,0,normal,1,3,20,88,7176
17543,MOB_EU_HUNTER_NPC_11341134,Europe (Constantinople),114,48987,0,14125,2505,4007,114,114,191,191,2,0,normal,1,3,20,107,7178
17545,MOB_EU_HUNTER_NPC_11361136,Europe (Constantinople),114,48987,0,14125,2435,4122,114,114,191,191,2,0,normal,1,3,20,78,7180
17546,MOB_EU_HUNTER_NPC_11371137,Europe (Constantinople),114,48987,0,14125,2435,4122,114,114,191,191,2,0,normal,1,3,20,78,7181
17547,MOB_EU_HUNTER_NPC_11381138,Europe (Constantinople),114,48987,0,14125,2435,4122,114,114,191,191,2,0,normal,1,3,20,78,7182
17548,MOB_EU_HUNTER_NPC_11391139,Europe (Constantinople),114,48987,0,14125,2435,4122,114,114,191,191,2,0,normal,1,3,20,78,7183
17549,MOB_EU_HUNTER_NPC_11401140,Europe (Constantinople),114,48987,0,14125,2435,4122,114,114,191,191,2,0,normal,1,3,20,78,7184
16140,MOB_EU_THIEF_NPC_11311131,Europe (Constantinople),114,48987,0,14125,2576,3896,114,114,191,191,2,0,normal,1,3,20,88,5775
16141,MOB_EU_THIEF_NPC_11321132,Europe (Constantinople),114,48987,0,14125,2576,3896,114,114,191,191,2,0,normal,1,3,20,88,5776
16142,MOB_EU_THIEF_NPC_11331133,Europe (Constantinople),114,48987,0,14125,2576,3896,114,16777330,191,191,2,0,normal,1,3,20,88,5777
16143,MOB_EU_THIEF_NPC_11341134,Europe (Constantinople),114,48987,0,14125,2505,4007,114,114,191,191,2,0,normal,1,3,20,363,5778
16144,MOB_EU_THIEF_NPC_11351135,Europe (Constantinople),114,48987,0,14125,2505,4007,114,114,191,191,2,0,normal,1,3,20,69,5779
16146,MOB_EU_THIEF_NPC_11371137,Europe (Constantinople),114,48987,0,14125,2435,4122,114,114,191,191,2,0,normal,1,3,20,78,5781
16147,MOB_EU_THIEF_NPC_11381138,Europe (Constantinople),114,48987,0,14125,2435,4122,114,114,191,191,2,0,normal,1,3,20,78,5782
16148,MOB_EU_THIEF_NPC_11391139,Europe (Constantinople),114,48987,0,14125,2435,4122,114,114,191,191,2,0,normal,1,3,20,78,5783
16149,MOB_EU_THIEF_NPC_11401140,Europe (Constantinople),114,48987,0,14125,2435,4122,114,114,191,191,2,0,normal,1,3,20,78,5784
22632,MOB_FW_BATTLEGOLEM_114,Forteresse (guerre de forteresse),114,62702833,0,27120519,2650,3787,114,114,191,191,2,3,unique_notice,1,3,42,56,12186
22212,MOB_FW_HYEONGCHEON_114,Forteresse (guerre de forteresse),114,61898979,0,20340390,2505,4007,114,114,191,191,2,3,unique_notice,1,3,23,74,11766
22352,MOB_FW_MUJIGI_114,Forteresse (guerre de forteresse),114,47027125,0,20340390,2505,4007,114,114,191,191,2,3,unique_notice,1,3,38,143,11906
21512,MOB_FW_TAESE_114,Forteresse (guerre de forteresse),114,82531973,0,27120519,2650,3787,114,114,191,191,2,3,unique_notice,1,3,10,34,11066
8715,MOB_HUNTER_NPC_11311131,AUTRE,114,56732,0,14125,2505,4007,114,114,191,191,2,0,normal,1,3,20,64,3248
8716,MOB_HUNTER_NPC_11321132,AUTRE,114,48987,0,14125,2576,3896,114,114,191,191,2,0,normal,1,3,20,64,3249
8717,MOB_HUNTER_NPC_11331133,AUTRE,114,56732,0,14125,2505,4007,114,114,191,191,2,0,normal,1,3,20,69,3250
8717,MOB_HUNTER_NPC_11331133,AUTRE,114,56732,0,14125,2505,4007,114,114,191,191,2,0,normal,1,3,20,69,3250
8718,MOB_HUNTER_NPC_11341134,AUTRE,114,56732,0,14125,2435,4122,114,114,191,191,2,0,normal,1,3,20,78,3251
8719,MOB_HUNTER_NPC_11351135,AUTRE,114,48987,0,14125,2505,4007,114,114,191,191,2,0,normal,1,3,20,107,3252
8720,MOB_HUNTER_NPC_11361136,AUTRE,114,56732,0,14125,2576,3896,114,114,191,191,2,0,normal,1,3,20,64,3253
8721,MOB_HUNTER_NPC_11371137,AUTRE,114,56732,0,14125,2505,4007,114,114,191,191,2,0,normal,1,3,20,64,3254
8722,MOB_HUNTER_NPC_11381138,AUTRE,114,48987,0,14125,2435,4122,114,114,191,191,2,0,normal,1,3,20,69,3255
8723,MOB_HUNTER_NPC_11391139,AUTRE,114,56732,0,14125,2505,4007,114,114,191,191,2,0,normal,1,3,20,78,3256
8724,MOB_HUNTER_NPC_11401140,AUTRE,114,48987,0,14125,2576,3896,114,16777330,191,191,2,0,normal,1,3,20,107,3257
41356,MOB_JUPITER_ANATU_LION,"Temple de Jupiter (101-120, retrofit D12)",114,64478,0,21188,2576,3896,114,114,191,191,2,6,elite/quest,0,3,10,40,18733
41361,MOB_JUPITER_FIRE_PROTECTION,"Temple de Jupiter (101-120, retrofit D12)",114,48987,0,14125,2435,4122,114,114,191,191,2,0,normal,0,3,40,90,18738
41743,MOB_JUPITER_FIRE_PROTECTION_CLONE,"Temple de Jupiter (101-120, retrofit D12)",114,48987,0,14125,2435,4122,114,16777330,191,191,2,0,normal,0,3,40,90,18854
41369,MOB_JUPITER_IMMOTAL_GRIFFIN_CONQUEROR,"Temple de Jupiter (101-120, retrofit D12)",114,48987,0,14125,2435,4122,114,114,191,191,2,1,champion,0,3,40,90,18746
41368,MOB_JUPITER_IMMOTAL_GRIFFIN_GUARD,"Temple de Jupiter (101-120, retrofit D12)",114,48987,0,14125,2435,4122,114,114,191,191,2,1,champion,0,3,40,90,18745
41362,MOB_JUPITER_WATER_PROTECTION,"Temple de Jupiter (101-120, retrofit D12)",114,48987,0,14125,2435,4122,114,114,191,191,2,0,normal,0,3,40,90,18739
41744,MOB_JUPITER_WATER_PROTECTION_CLONE,"Temple de Jupiter (101-120, retrofit D12)",114,48987,0,14125,2435,4122,114,114,191,191,2,0,normal,0,3,40,90,18855
3352,MOB_THIEF_NPC_11311131,Evenement caravan/thief,114,56732,0,14125,2505,4007,114,114,191,191,2,0,normal,1,3,20,64,1369
3353,MOB_THIEF_NPC_11321132,Evenement caravan/thief,114,48987,0,14125,2576,3896,114,114,191,191,2,0,normal,1,3,20,64,1370
3355,MOB_THIEF_NPC_11341134,Evenement caravan/thief,114,56732,0,14125,2435,4122,114,114,191,191,2,0,normal,1,3,20,78,1372
3356,MOB_THIEF_NPC_11351135,Evenement caravan/thief,114,48987,0,14125,2505,4007,114,114,191,191,2,0,normal,1,3,20,107,1373
3357,MOB_THIEF_NPC_11361136,Evenement caravan/thief,114,56732,0,14125,2576,3896,114,114,191,191,2,0,normal,1,3,20,64,1374
3358,MOB_THIEF_NPC_11371137,Evenement caravan/thief,114,56732,0,14125,2505,4007,114,114,191,191,2,0,normal,1,3,20,64,1375
3359,MOB_THIEF_NPC_11381138,Evenement caravan/thief,114,48987,0,14125,2435,4122,114,114,191,191,2,0,normal,1,3,20,69,1376
3360,MOB_THIEF_NPC_11391139,Evenement caravan/thief,114,56732,0,14125,2505,4007,114,114,191,191,2,0,normal,1,3,20,78,1377
3361,MOB_THIEF_NPC_11401140,Evenement caravan/thief,114,48987,0,14125,2576,3896,114,114,191,191,2,0,normal,1,3,20,363,1378
24126,MOV_EV_BEAR_B_114,AUTRE,114,79622,0,56500,2215,3544,114,114,191,191,2,0,normal,1,0,50,75,13401
17550,MOB_EU_HUNTER_NPC_11411141,Europe (Constantinople),115,50351,0,14549,2650,4007,115,115,192,192,2,0,normal,1,3,20,88,7185
17551,MOB_EU_HUNTER_NPC_11421142,Europe (Constantinople),115,50351,0,14549,2650,4007,115,115,192,192,2,0,normal,1,3,20,88,7186
17552,MOB_EU_HUNTER_NPC_11431143,Europe (Constantinople),115,50351,0,14549,2650,4007,115,115,192,192,2,0,normal,1,3,20,88,7187
17553,MOB_EU_HUNTER_NPC_11441144,Europe (Constantinople),115,50351,0,14549,2576,4122,115,115,192,192,2,0,normal,1,3,20,108,7188
17554,MOB_EU_HUNTER_NPC_11451145,Europe (Constantinople),115,50351,0,14549,2576,4122,115,115,192,192,2,0,normal,1,3,20,69,7189
17555,MOB_EU_HUNTER_NPC_11461146,Europe (Constantinople),115,50351,0,14549,2505,4240,115,115,192,192,2,0,normal,1,3,20,79,7190
17556,MOB_EU_HUNTER_NPC_11471147,Europe (Constantinople),115,50351,0,14549,2505,4240,115,115,192,192,2,0,normal,1,3,20,79,7191
17557,MOB_EU_HUNTER_NPC_11481148,Europe (Constantinople),115,50351,0,14549,2505,4240,115,115,192,192,2,0,normal,1,3,20,79,7192
17558,MOB_EU_HUNTER_NPC_11491149,Europe (Constantinople),115,50351,0,14549,2505,4240,115,16777331,192,192,2,0,normal,1,3,20,79,7193
17559,MOB_EU_HUNTER_NPC_11501150,Europe (Constantinople),115,50351,0,14549,2505,4240,115,115,192,192,2,0,normal,1,3,20,79,7194
16150,MOB_EU_THIEF_NPC_11411141,Europe (Constantinople),115,50351,0,14549,2650,4007,115,115,192,192,2,0,normal,1,3,20,88,5785
16151,MOB_EU_THIEF_NPC_11421142,Europe (Constantinople),115,50351,0,14549,2650,4007,115,115,192,192,2,0,normal,1,3,20,88,5786
16152,MOB_EU_THIEF_NPC_11431143,Europe (Constantinople),115,50351,0,14549,2650,4007,115,115,192,192,2,0,normal,1,3,20,88,5787
16153,MOB_EU_THIEF_NPC_11441144,Europe (Constantinople),115,50351,0,14549,2576,4122,115,115,192,192,2,0,normal,1,3,20,108,5788
16154,MOB_EU_THIEF_NPC_11451145,Europe (Constantinople),115,50351,0,14549,2576,4122,115,115,192,192,2,0,normal,1,3,20,69,5789
16155,MOB_EU_THIEF_NPC_11461146,Europe (Constantinople),115,50351,0,14549,2505,4240,115,115,192,192,2,0,normal,1,3,20,79,5790
16156,MOB_EU_THIEF_NPC_11471147,Europe (Constantinople),115,50351,0,14549,2505,4240,115,115,192,192,2,0,normal,1,3,20,79,5791
16157,MOB_EU_THIEF_NPC_11481148,Europe (Constantinople),115,50351,0,14549,2505,4240,115,115,192,192,2,0,normal,1,3,20,79,5792
16159,MOB_EU_THIEF_NPC_11501150,Europe (Constantinople),115,50351,0,14549,2505,4240,115,115,192,192,2,0,normal,1,3,20,79,5794
22213,MOB_FW_HYEONGCHEON_115,Forteresse (guerre de forteresse),115,63628917,0,20950601,2576,4122,115,115,192,192,2,3,unique_notice,1,3,23,74,11767
22353,MOB_FW_MUJIGI_115,Forteresse (guerre de forteresse),115,48336636,0,20950601,2576,4122,115,115,192,192,2,3,unique_notice,1,3,38,143,11907
21513,MOB_FW_TAESE_115,Forteresse (guerre de forteresse),115,84838556,0,27934134,2725,3896,115,115,192,192,2,3,unique_notice,1,3,10,34,11067
8725,MOB_HUNTER_NPC_11411141,AUTRE,115,50351,0,14549,2576,4122,115,115,192,192,2,0,normal,1,3,20,64,3258
8727,MOB_HUNTER_NPC_11431143,AUTRE,115,58315,0,14549,2576,4122,115,115,192,192,2,0,normal,1,3,20,69,3260
8728,MOB_HUNTER_NPC_11441144,AUTRE,115,50351,0,14549,2650,4007,115,115,192,192,2,0,normal,1,3,20,79,3261
8729,MOB_HUNTER_NPC_11451145,AUTRE,115,50351,0,14549,2576,4122,115,115,192,192,2,0,normal,1,3,20,108,3262
8730,MOB_HUNTER_NPC_11461146,AUTRE,115,58315,0,14549,2505,4240,115,115,192,192,2,0,normal,1,3,20,64,3263
8731,MOB_HUNTER_NPC_11471147,AUTRE,115,50351,0,14549,2576,4122,115,115,192,192,2,0,normal,1,3,20,64,3264
8732,MOB_HUNTER_NPC_11481148,AUTRE,115,58315,0,14549,2650,4007,115,115,192,192,2,0,normal,1,3,20,69,3265
8733,MOB_HUNTER_NPC_11491149,AUTRE,115,58315,0,14549,2576,4122,115,115,192,192,2,0,normal,1,3,20,79,3266
8734,MOB_HUNTER_NPC_11501150,AUTRE,115,50351,0,14549,2505,4240,115,115,192,192,2,0,normal,1,3,20,108,3267
41411,MOB_JUPITER_AUTHORITY_CROWN,"Temple de Jupiter (101-120, retrofit D12)",115,66280,0,14549,2505,4240,115,115,192,192,2,6,elite/quest,0,3,0,0,18788
41414,MOB_JUPITER_BABILION_CLON,"Temple de Jupiter (101-120, retrofit D12)",115,66280,0,14549,2505,4240,115,115,192,192,2,6,elite/quest,0,3,20,40,18791
41360,MOB_JUPITER_DESPAIR_MINO,"Temple de Jupiter (101-120, retrofit D12)",115,50351,0,21824,2505,4240,115,115,192,192,2,6,elite/quest,0,3,40,100,18737
41412,MOB_JUPITER_HEAVENLY_GODS,"Temple de Jupiter (101-120, retrofit D12)",115,66280,0,14549,2505,4240,115,115,192,192,2,6,elite/quest,0,3,0,0,18789
41370,MOB_JUPITER_IMMOTAL_GRIFFIN,"Temple de Jupiter (101-120, retrofit D12)",115,50351,0,21824,2505,4240,115,115,192,192,2,6,elite/quest,0,3,40,90,18747
41364,MOB_JUPITER_IMMOTAL_SHARPBEAK,"Temple de Jupiter (101-120, retrofit D12)",115,50351,0,14549,2505,4240,115,115,192,192,2,0,normal,0,3,40,90,18741
41349,MOB_JUPITER_IMMOTAL_WATCH,"Temple de Jupiter (101-120, retrofit D12)",115,58315,0,14549,2650,4007,115,115,192,192,2,1,champion,0,3,20,75,18726
41410,MOB_JUPITER_LIFE_SEED,"Temple de Jupiter (101-120, retrofit D12)",115,66280,0,14549,2505,4240,115,115,192,192,2,6,elite/quest,0,3,0,0,18787
41415,MOB_JUPITER_PROHIBITION,"Temple de Jupiter (101-120, retrofit D12)",115,66280,0,14549,2505,4240,115,115,192,192,2,6,elite/quest,0,3,0,0,18792
41413,MOB_JUPITER_REFLECTION_SHIELD,"Temple de Jupiter (101-120, retrofit D12)",115,66280,0,14549,2505,4240,115,115,192,192,2,6,elite/quest,0,3,0,0,18790
41742,MOB_JUPITER_RUIN_WATCHER_CLONE,"Temple de Jupiter (101-120, retrofit D12)",115,50351,0,14549,2505,4240,115,115,192,192,2,0,normal,0,3,40,100,18853
41363,MOB_JUPITER_SOUL_PROTECTION,"Temple de Jupiter (101-120, retrofit D12)",115,50351,0,14549,2505,4240,115,115,192,192,2,0,normal,0,3,40,90,18740
41745,MOB_JUPITER_SOUL_PROTECTION_CLONE,"Temple de Jupiter (101-120, retrofit D12)",115,50351,0,14549,2505,4240,115,115,192,192,2,0,normal,0,3,40,90,18856
41416,MOB_JUPITER_THE_EARTH1,"Temple de Jupiter (101-120, retrofit D12)",115,15907229,0,5237650,2650,4007,120,120,197,197,2,8,unique_silencieux,0,3,30,40,18793
41417,MOB_JUPITER_THE_EARTH2,"Temple de Jupiter (101-120, retrofit D12)",115,18028193,0,5936004,2650,4007,121,121,198,198,2,8,unique_silencieux,0,3,32,45,18794
41418,MOB_JUPITER_YUNO,"Temple de Jupiter (101-120, retrofit D12)",115,24168318,0,9078594,2505,4240,123,123,200,200,2,3,unique_notice,0,3,60,100,18795
3362,MOB_THIEF_NPC_11411141,Evenement caravan/thief,115,50351,0,14549,2576,4122,115,115,192,192,2,0,normal,1,3,20,64,1379
3363,MOB_THIEF_NPC_11421142,Evenement caravan/thief,115,58315,0,14549,2505,4240,115,115,192,192,2,0,normal,1,3,20,64,1380
3364,MOB_THIEF_NPC_11431143,Evenement caravan/thief,115,58315,0,14549,2576,4122,115,115,192,192,2,0,normal,1,3,20,69,1381
3365,MOB_THIEF_NPC_11441144,Evenement caravan/thief,115,50351,0,14549,2650,4007,115,115,192,192,2,0,normal,1,3,20,79,1382
3366,MOB_THIEF_NPC_11451145,Evenement caravan/thief,115,50351,0,14549,2576,4122,115,115,192,192,2,0,normal,1,3,20,108,1383
3367,MOB_THIEF_NPC_11461146,Evenement caravan/thief,115,58315,0,14549,2505,4240,115,115,192,192,2,0,normal,1,3,20,64,1384
3368,MOB_THIEF_NPC_11471147,Evenement caravan/thief,115,50351,0,14549,2576,4122,115,16777331,192,192,2,0,normal,1,3,20,64,1385
3369,MOB_THIEF_NPC_11481148,Evenement caravan/thief,115,58315,0,14549,2650,4007,115,115,192,192,2,0,normal,1,3,20,69,1386
3371,MOB_THIEF_NPC_11501150,Evenement caravan/thief,115,50351,0,14549,2505,4240,115,115,192,192,2,0,normal,1,3,20,108,1388
24127,MOV_EV_BEAR_B_115,AUTRE,115,81903,0,58196,2278,3644,115,115,192,192,2,0,normal,1,0,50,75,13402
23063,COS_P_PENGUIN_116,COS (pets/vehicules),116,84243,0,14985,2342,3748,116,116,193,193,2,0,normal,1,3,50,75,12549
8744,MMB_HUNTER_NPC_11601160,AUTRE,116,51750,0,14985,2725,4122,116,116,193,193,2,0,normal,1,3,20,108,3277
17560,MOB_EU_HUNTER_NPC_11511151,Europe (Constantinople),116,51750,0,14985,2725,4122,116,116,193,193,2,0,normal,1,3,20,89,7195
17561,MOB_EU_HUNTER_NPC_11521152,Europe (Constantinople),116,51750,0,14985,2725,4122,116,116,193,193,2,0,normal,1,3,20,89,7196
17562,MOB_EU_HUNTER_NPC_11531153,Europe (Constantinople),116,51750,0,14985,2725,4122,116,116,193,193,2,0,normal,1,3,20,89,7197
17563,MOB_EU_HUNTER_NPC_11541154,Europe (Constantinople),116,51750,0,14985,2650,4240,116,116,193,193,2,0,normal,1,3,20,108,7198
17564,MOB_EU_HUNTER_NPC_11551155,Europe (Constantinople),116,51750,0,14985,2650,4240,116,116,193,193,2,0,normal,1,3,20,69,7199
17566,MOB_EU_HUNTER_NPC_11571157,Europe (Constantinople),116,51750,0,14985,2576,4360,116,116,193,193,2,0,normal,1,3,20,79,7201
17567,MOB_EU_HUNTER_NPC_11581158,Europe (Constantinople),116,51750,0,14985,2576,4360,116,116,193,193,2,0,normal,1,3,20,79,7202
17568,MOB_EU_HUNTER_NPC_11591159,Europe (Constantinople),116,51750,0,14985,2576,4360,116,116,193,193,2,0,normal,1,3,20,79,7203
17569,MOB_EU_HUNTER_NPC_11601160,Europe (Constantinople),116,51750,0,14985,2576,4360,116,116,193,193,2,0,normal,1,3,20,79,7204
16160,MOB_EU_THIEF_NPC_11511151,Europe (Constantinople),116,51750,0,14985,2725,4122,116,116,193,193,2,0,normal,1,3,20,89,5795
16161,MOB_EU_THIEF_NPC_11521152,Europe (Constantinople),116,51750,0,14985,2725,4122,116,116,193,193,2,0,normal,1,3,20,89,5796
16162,MOB_EU_THIEF_NPC_11531153,Europe (Constantinople),116,51750,0,14985,2725,4122,116,116,193,193,2,0,normal,1,3,20,89,5797
16163,MOB_EU_THIEF_NPC_11541154,Europe (Constantinople),116,51750,0,14985,2650,4240,116,116,193,193,2,0,normal,1,3,20,108,5798
16164,MOB_EU_THIEF_NPC_11551155,Europe (Constantinople),116,51750,0,14985,2650,4240,116,116,193,193,2,0,normal,1,3,20,69,5799
16165,MOB_EU_THIEF_NPC_11561156,Europe (Constantinople),116,51750,0,14985,2576,4360,116,116,193,193,2,0,normal,1,3,20,79,5800
16166,MOB_EU_THIEF_NPC_11571157,Europe (Constantinople),116,51750,0,14985,2576,4360,116,16777332,193,193,2,0,normal,1,3,20,79,5801
16167,MOB_EU_THIEF_NPC_11581158,Europe (Constantinople),116,51750,0,14985,2576,4360,116,116,193,193,2,0,normal,1,3,20,79,5802
16168,MOB_EU_THIEF_NPC_11591159,Europe (Constantinople),116,51750,0,14985,2576,4360,116,116,193,193,2,0,normal,1,3,20,79,5803
16169,MOB_EU_THIEF_NPC_11601160,Europe (Constantinople),116,51750,0,14985,2576,4360,116,116,193,193,2,0,normal,1,3,20,79,5804
22634,MOB_FW_BATTLEGOLEM_116,Forteresse (guerre de forteresse),116,66239622,0,28772158,2802,4007,116,116,193,193,2,3,unique_notice,1,3,42,56,12188
22214,MOB_FW_HYEONGCHEON_116,Forteresse (guerre de forteresse),116,65403293,0,21579119,2650,4240,116,116,193,193,2,3,unique_notice,1,3,23,330,11768
22354,MOB_FW_MUJIGI_116,Forteresse (guerre de forteresse),116,49679717,0,21579119,2650,4240,116,116,193,193,2,3,unique_notice,1,3,38,143,11908
21514,MOB_FW_TAESE_116,Forteresse (guerre de forteresse),116,87204391,0,28772158,2802,4007,116,116,193,193,2,3,unique_notice,1,3,10,34,11068
8735,MOB_HUNTER_NPC_11511151,AUTRE,116,59939,0,14985,2650,4240,116,116,193,193,2,0,normal,1,3,20,65,3268
8736,MOB_HUNTER_NPC_11521152,AUTRE,116,59939,0,14985,2725,4122,116,116,193,193,2,0,normal,1,3,20,65,3269
8737,MOB_HUNTER_NPC_11531153,AUTRE,116,51750,0,14985,2650,4240,116,116,193,193,2,0,normal,1,3,20,69,3270
8738,MOB_HUNTER_NPC_11541154,AUTRE,116,59939,0,14985,2576,4360,116,116,193,193,2,0,normal,1,3,20,79,3271
8739,MOB_HUNTER_NPC_11551155,AUTRE,116,51750,0,14985,2650,4240,116,116,193,193,2,0,normal,1,3,20,108,3272
8740,MOB_HUNTER_NPC_11561156,AUTRE,116,51750,0,14985,2725,4122,116,116,193,193,2,0,normal,1,3,20,65,3273
8741,MOB_HUNTER_NPC_11571157,AUTRE,116,59939,0,14985,2650,4240,116,116,193,193,2,0,normal,1,3,20,65,3274
8742,MOB_HUNTER_NPC_11581158,AUTRE,116,59939,0,14985,2576,4360,116,116,193,193,2,0,normal,1,3,20,69,3275
8743,MOB_HUNTER_NPC_11591159,AUTRE,116,51750,0,14985,2650,4240,116,116,193,193,2,0,normal,1,3,20,79,3276
41748,MOB_JUPITER_ANGER_FANATICISM_CLONE,"Temple de Jupiter (101-120, retrofit D12)",116,59939,0,14985,2576,4360,116,116,193,193,2,0,normal,0,3,30,75,18859
41393,MOB_JUPITER_BAAL_CURSING_FANATICISM,"Temple de Jupiter (101-120, retrofit D12)",116,59939,0,14985,2576,4360,116,116,193,193,2,0,normal,0,3,10,75,18770
41371,MOB_JUPITER_BAAL_FANATICISM,"Temple de Jupiter (101-120, retrofit D12)",116,59939,0,14985,2576,4360,116,116,193,193,2,0,normal,0,3,30,75,18748
41746,MOB_JUPITER_BAAL_FANATICISM_CLONE,"Temple de Jupiter (101-120, retrofit D12)",116,59939,0,14985,2576,4360,116,116,193,193,2,0,normal,0,3,30,75,18857
41389,MOB_JUPITER_CHARM_WITCH2,"Temple de Jupiter (101-120, retrofit D12)",116,51750,0,14985,2576,4360,116,116,193,193,2,1,champion,0,3,50,120,18766
41372,MOB_JUPITER_CRUEL_FANATICISM,"Temple de Jupiter (101-120, retrofit D12)",116,59939,0,14985,2576,4360,116,116,193,193,2,0,normal,0,3,30,75,18749
41747,MOB_JUPITER_CRUEL_FANATICISM_CLONE,"Temple de Jupiter (101-120, retrofit D12)",116,59939,0,14985,2576,4360,116,116,193,193,2,0,normal,0,3,30,75,18858
41386,MOB_JUPITER_DEVIL_DARK,"Temple de Jupiter (101-120, retrofit D12)",116,51750,0,22478,2725,4122,116,116,193,193,2,6,elite/quest,0,3,30,100,18763
41405,MOB_JUPITER_HELL_SERPENT,"Temple de Jupiter (101-120, retrofit D12)",116,59939,0,14985,2576,4360,116,16777332,193,193,2,0,normal,0,3,20,75,18782
41374,MOB_JUPITER_MEANNESS_FANATICISM,"Temple de Jupiter (101-120, retrofit D12)",116,59939,0,14985,2576,4360,116,116,193,193,2,1,champion,0,3,30,75,18751
41373,MOB_JUPITER_WILD_FANATICISM,"Temple de Jupiter (101-120, retrofit D12)",116,59939,0,14985,2576,4360,116,116,193,193,2,0,normal,0,3,30,75,18750
3372,MOB_THIEF_NPC_11511151,Evenement caravan/thief,116,59939,0,14985,2650,4240,116,116,193,193,2,0,normal,1,3,20,65,1389
3373,MOB_THIEF_NPC_11521152,Evenement caravan/thief,116,59939,0,14985,2725,4122,116,116,193,193,2,0,normal,1,3,20,65,1390
3374,MOB_THIEF_NPC_11531153,Evenement caravan/thief,116,51750,0,14985,2650,4240,116,116,193,193,2,0,normal,1,3,20,69,1391
3375,MOB_THIEF_NPC_11541154,Evenement caravan/thief,116,59939,0,14985,2576,4360,116,116,193,193,2,0,normal,1,3,20,79,1392
3376,MOB_THIEF_NPC_11551155,Evenement caravan/thief,116,51750,0,14985,2650,4240,116,116,193,193,2,0,normal,1,3,20,108,1393
3377,MOB_THIEF_NPC_11561156,Evenement caravan/thief,116,51750,0,14985,2725,4122,116,116,193,193,2,0,normal,1,3,20,65,1394
3378,MOB_THIEF_NPC_11571157,Evenement caravan/thief,116,59939,0,14985,2650,4240,116,116,193,193,2,0,normal,1,3,20,321,1395
3379,MOB_THIEF_NPC_11581158,Evenement caravan/thief,116,59939,0,14985,2576,4360,116,116,193,193,2,0,normal,1,3,20,69,1396
3380,MOB_THIEF_NPC_11591159,Evenement caravan/thief,116,51750,0,14985,2650,4240,116,116,193,193,2,0,normal,1,3,20,79,1397
3381,MOB_THIEF_NPC_11601160,Evenement caravan/thief,116,51750,0,14985,2725,4122,116,116,193,193,2,0,normal,1,3,20,108,1398
24128,MOV_EV_BEAR_B_116,AUTRE,116,84243,0,59940,2342,3748,116,116,193,193,2,0,normal,1,0,50,75,13403
17570,MOB_EU_HUNTER_NPC_11611161,Europe (Constantinople),117,53185,0,15435,2802,4240,117,117,194,194,2,0,normal,1,3,20,89,7205
17571,MOB_EU_HUNTER_NPC_11621162,Europe (Constantinople),117,53185,0,15435,2802,4240,117,117,194,194,2,0,normal,1,3,20,89,7206
17572,MOB_EU_HUNTER_NPC_11631163,Europe (Constantinople),117,53185,0,15435,2802,4240,117,117,194,194,2,0,normal,1,3,20,89,7207
17574,MOB_EU_HUNTER_NPC_11651165,Europe (Constantinople),117,53185,0,15435,2725,4360,117,117,194,194,2,0,normal,1,3,20,70,7209
17575,MOB_EU_HUNTER_NPC_11661166,Europe (Constantinople),117,53185,0,15435,2650,4484,117,117,194,194,2,0,normal,1,3,20,79,7210
17576,MOB_EU_HUNTER_NPC_11671167,Europe (Constantinople),117,53185,0,15435,2650,4484,117,117,194,194,2,0,normal,1,3,20,79,7211
17577,MOB_EU_HUNTER_NPC_11681168,Europe (Constantinople),117,53185,0,15435,2650,4484,117,117,194,194,2,0,normal,1,3,20,79,7212
17578,MOB_EU_HUNTER_NPC_11691169,Europe (Constantinople),117,53185,0,15435,2650,4484,117,117,194,194,2,0,normal,1,3,20,79,7213
17579,MOB_EU_HUNTER_NPC_11701170,Europe (Constantinople),117,53185,0,15435,2650,4484,117,117,194,194,2,0,normal,1,3,20,79,7214
16170,MOB_EU_THIEF_NPC_11611161,Europe (Constantinople),117,53185,0,15435,2802,4240,117,117,194,194,2,0,normal,1,3,20,89,5805
16171,MOB_EU_THIEF_NPC_11621162,Europe (Constantinople),117,53185,0,15435,2802,4240,117,117,194,194,2,0,normal,1,3,20,89,5806
16172,MOB_EU_THIEF_NPC_11631163,Europe (Constantinople),117,53185,0,15435,2802,4240,117,117,194,194,2,0,normal,1,3,20,89,5807
16173,MOB_EU_THIEF_NPC_11641164,Europe (Constantinople),117,53185,0,15435,2725,4360,117,117,194,194,2,0,normal,1,3,20,109,5808
16174,MOB_EU_THIEF_NPC_11651165,Europe (Constantinople),117,53185,0,15435,2725,4360,117,117,194,194,2,0,normal,1,3,20,326,5809
16175,MOB_EU_THIEF_NPC_11661166,Europe (Constantinople),117,53185,0,15435,2650,4484,117,117,194,194,2,0,normal,1,3,20,79,5810
16177,MOB_EU_THIEF_NPC_11681168,Europe (Constantinople),117,53185,0,15435,2650,4484,117,117,194,194,2,0,normal,1,3,20,79,5812
16178,MOB_EU_THIEF_NPC_11691169,Europe (Constantinople),117,53185,0,15435,2650,4484,117,117,194,194,2,0,normal,1,3,20,79,5813
16179,MOB_EU_THIEF_NPC_11701170,Europe (Constantinople),117,53185,0,15435,2650,4484,117,117,194,194,2,0,normal,1,3,20,79,5814
22635,MOB_FW_BATTLEGOLEM_117,Forteresse (guerre de forteresse),117,68076248,0,29635324,2882,4122,117,117,194,194,2,3,unique_notice,1,3,42,56,12189
22215,MOB_FW_HYEONGCHEON_117,Forteresse (guerre de forteresse),117,67223192,0,22226493,2725,4360,117,117,194,194,2,3,unique_notice,1,3,23,74,11769
22355,MOB_FW_MUJIGI_117,Forteresse (guerre de forteresse),117,51057186,0,22226493,2725,4360,117,117,194,194,2,3,unique_notice,1,3,38,143,11909
21515,MOB_FW_TAESE_117,Forteresse (guerre de forteresse),117,89630923,0,29635324,2882,4122,117,117,194,194,2,3,unique_notice,1,3,10,34,11069
8745,MOB_HUNTER_NPC_11611161,AUTRE,117,61604,0,15435,2725,4360,117,117,194,194,2,0,normal,1,3,20,65,3278
8746,MOB_HUNTER_NPC_11621162,AUTRE,117,53185,0,15435,2650,4484,117,117,194,194,2,0,normal,1,3,20,65,3279
8747,MOB_HUNTER_NPC_11631163,AUTRE,117,61604,0,15435,2725,4360,117,117,194,194,2,0,normal,1,3,20,70,3280
8748,MOB_HUNTER_NPC_11641164,AUTRE,117,61604,0,15435,2802,4240,117,16777333,194,194,2,0,normal,1,3,20,79,3281
8749,MOB_HUNTER_NPC_11651165,AUTRE,117,53185,0,15435,2725,4360,117,117,194,194,2,0,normal,1,3,20,109,3282
8749,MOB_HUNTER_NPC_11651165,AUTRE,117,53185,0,15435,2725,4360,117,117,194,194,2,0,normal,1,3,20,109,3282
8750,MOB_HUNTER_NPC_11661166,AUTRE,117,61604,0,15435,2650,4484,117,117,194,194,2,0,normal,1,3,20,65,3283
8751,MOB_HUNTER_NPC_11671167,AUTRE,117,61604,0,15435,2725,4360,117,117,194,194,2,0,normal,1,3,20,65,3284
8752,MOB_HUNTER_NPC_11681168,AUTRE,117,53185,0,15435,2802,4240,117,117,194,194,2,0,normal,1,3,20,70,3285
8753,MOB_HUNTER_NPC_11691169,AUTRE,117,61604,0,15435,2725,4360,117,117,194,194,2,0,normal,1,3,20,79,3286
8754,MOB_HUNTER_NPC_11701170,AUTRE,117,53185,0,15435,2650,4484,117,117,194,194,2,0,normal,1,3,20,109,3287
41378,MOB_JUPITER_ANGER_FANATICISM,"Temple de Jupiter (101-120, retrofit D12)",117,61604,0,15435,2650,4484,117,117,194,194,2,1,champion,0,3,30,75,18755
41754,MOB_JUPITER_BAAL_CURSING_FANATICISM_CLONE,"Temple de Jupiter (101-120, retrofit D12)",117,61604,0,15435,2650,4484,117,117,194,194,2,0,normal,0,3,10,75,18865
41394,MOB_JUPITER_BAAL_CURSING_WATCH,"Temple de Jupiter (101-120, retrofit D12)",117,61604,0,15435,2650,4484,117,117,194,194,2,0,normal,0,3,10,75,18771
41755,MOB_JUPITER_BAAL_CURSING_WATCH_CLONE,"Temple de Jupiter (101-120, retrofit D12)",117,61604,0,15435,2650,4484,117,117,194,194,2,0,normal,0,3,10,75,18866
41407,MOB_JUPITER_DEMON_SERPENT,"Temple de Jupiter (101-120, retrofit D12)",117,61604,0,15435,2650,4484,117,117,194,194,2,1,champion,0,3,20,75,18784
41403,MOB_JUPITER_GREED_WATCH,"Temple de Jupiter (101-120, retrofit D12)",117,53185,0,23153,2650,4484,117,117,194,194,2,6,elite/quest,0,3,20,100,18780
41381,MOB_JUPITER_HELL_PROTECTION,"Temple de Jupiter (101-120, retrofit D12)",117,53185,0,15435,2802,4240,117,16777333,194,194,2,0,normal,0,3,30,100,18758
41758,MOB_JUPITER_HELL_SERPENT_CLONE,"Temple de Jupiter (101-120, retrofit D12)",117,61604,0,15435,2650,4484,117,117,194,194,2,0,normal,0,3,20,75,18869
41380,MOB_JUPITER_HELL_WATCH,"Temple de Jupiter (101-120, retrofit D12)",117,53185,0,15435,2802,4240,117,117,194,194,2,0,normal,0,3,30,100,18757
41357,MOB_JUPITER_RUIN_WATCHER,"Temple de Jupiter (101-120, retrofit D12)",117,53185,0,15435,2650,4484,117,16777333,194,194,2,0,normal,0,3,40,100,18734
41382,MOB_JUPITER_VAMPIRE_DEVILDOG,"Temple de Jupiter (101-120, retrofit D12)",117,53185,0,15435,2802,4240,117,117,194,194,2,1,champion,0,3,30,100,18759
41383,MOB_JUPITER_VAMPIRE_WATCHDOG,"Temple de Jupiter (101-120, retrofit D12)",117,53185,0,15435,2802,4240,117,117,194,194,2,1,champion,0,3,30,100,18760
3382,MOB_THIEF_NPC_11611161,Evenement caravan/thief,117,61604,0,15435,2725,4360,117,117,194,194,2,0,normal,1,3,20,65,1399
3383,MOB_THIEF_NPC_11621162,Evenement caravan/thief,117,53185,0,15435,2650,4484,117,117,194,194,2,0,normal,1,3,20,65,1400
3384,MOB_THIEF_NPC_11631163,Evenement caravan/thief,117,61604,0,15435,2725,4360,117,117,194,194,2,0,normal,1,3,20,70,1401
3385,MOB_THIEF_NPC_11641164,Evenement caravan/thief,117,61604,0,15435,2802,4240,117,117,194,194,2,0,normal,1,3,20,79,1402
3386,MOB_THIEF_NPC_11651165,Evenement caravan/thief,117,53185,0,15435,2725,4360,117,117,194,194,2,0,normal,1,3,20,109,1403
3388,MOB_THIEF_NPC_11671167,Evenement caravan/thief,117,61604,0,15435,2725,4360,117,117,194,194,2,0,normal,1,3,20,65,1405
3389,MOB_THIEF_NPC_11681168,Evenement caravan/thief,117,53185,0,15435,2802,4240,117,117,194,194,2,0,normal,1,3,20,70,1406
3390,MOB_THIEF_NPC_11691169,Evenement caravan/thief,117,61604,0,15435,2725,4360,117,117,194,194,2,0,normal,1,3,20,79,1407
3391,MOB_THIEF_NPC_11701170,Evenement caravan/thief,117,53185,0,15435,2650,4484,117,117,194,194,2,0,normal,1,3,20,109,1408
24129,MOV_EV_BEAR_B_117,AUTRE,117,86644,0,61740,2409,3854,117,117,194,194,2,0,normal,1,0,50,75,13404
17580,MOB_EU_HUNTER_NPC_11711171,Europe (Constantinople),118,54656,0,15898,2882,4360,118,118,195,195,2,0,normal,1,3,20,89,7215
17581,MOB_EU_HUNTER_NPC_11721172,Europe (Constantinople),118,54656,0,15898,2882,4360,118,118,195,195,2,0,normal,1,3,20,89,7216
17582,MOB_EU_HUNTER_NPC_11731173,Europe (Constantinople),118,54656,0,15898,2882,4360,118,16777334,195,195,2,0,normal,1,3,20,89,7217
17583,MOB_EU_HUNTER_NPC_11741174,Europe (Constantinople),118,54656,0,15898,2802,4484,118,118,195,195,2,0,normal,1,3,20,109,7218
17584,MOB_EU_HUNTER_NPC_11751175,Europe (Constantinople),118,54656,0,15898,2802,4484,118,118,195,195,2,0,normal,1,3,20,70,7219
17585,MOB_EU_HUNTER_NPC_11761176,Europe (Constantinople),118,54656,0,15898,2725,4611,118,118,195,195,2,0,normal,1,3,20,80,7220
17586,MOB_EU_HUNTER_NPC_11771177,Europe (Constantinople),118,54656,0,15898,2725,4611,118,118,195,195,2,0,normal,1,3,20,80,7221
17587,MOB_EU_HUNTER_NPC_11781178,Europe (Constantinople),118,54656,0,15898,2725,4611,118,118,195,195,2,0,normal,1,3,20,80,7222
17588,MOB_EU_HUNTER_NPC_11791179,Europe (Constantinople),118,54656,0,15898,2725,4611,118,118,195,195,2,0,normal,1,3,20,80,7223
17589,MOB_EU_HUNTER_NPC_11801180,Europe (Constantinople),118,54656,0,15898,2725,4611,118,118,195,195,2,0,normal,1,3,20,80,7224
16180,MOB_EU_THIEF_NPC_11711171,Europe (Constantinople),118,54656,0,15898,2882,4360,118,118,195,195,2,0,normal,1,3,20,89,5815
16181,MOB_EU_THIEF_NPC_11721172,Europe (Constantinople),118,54656,0,15898,2882,4360,118,118,195,195,2,0,normal,1,3,20,89,5816
16182,MOB_EU_THIEF_NPC_11731173,Europe (Constantinople),118,54656,0,15898,2882,4360,118,118,195,195,2,0,normal,1,3,20,89,5817
16184,MOB_EU_THIEF_NPC_11751175,Europe (Constantinople),118,54656,0,15898,2802,4484,118,118,195,195,2,0,normal,1,3,20,70,5819
16185,MOB_EU_THIEF_NPC_11761176,Europe (Constantinople),118,54656,0,15898,2725,4611,118,118,195,195,2,0,normal,1,3,20,80,5820
16186,MOB_EU_THIEF_NPC_11771177,Europe (Constantinople),118,54656,0,15898,2725,4611,118,118,195,195,2,0,normal,1,3,20,80,5821
16187,MOB_EU_THIEF_NPC_11781178,Europe (Constantinople),118,54656,0,15898,2725,4611,118,118,195,195,2,0,normal,1,3,20,80,5822
16188,MOB_EU_THIEF_NPC_11791179,Europe (Constantinople),118,54656,0,15898,2725,4611,118,118,195,195,2,0,normal,1,3,20,80,5823
22636,MOB_FW_BATTLEGOLEM_118,Forteresse (guerre de forteresse),118,69959843,0,30524383,2963,4240,118,118,195,195,2,3,unique_notice,1,3,42,56,12190
22356,MOB_FW_MUJIGI_118,Forteresse (guerre de forteresse),118,52469882,0,22893287,2802,4484,118,118,195,195,2,3,unique_notice,1,3,38,143,11910
21516,MOB_FW_TAESE_118,Forteresse (guerre de forteresse),118,92119635,0,30524383,2963,4240,118,118,195,195,2,3,unique_notice,1,3,10,34,11070
8755,MOB_HUNTER_NPC_11711171,AUTRE,118,54656,0,15898,2802,4484,118,118,195,195,2,0,normal,1,3,20,65,3288
8756,MOB_HUNTER_NPC_11721172,AUTRE,118,63312,0,15898,2882,4360,118,118,195,195,2,0,normal,1,3,20,65,3289
8757,MOB_HUNTER_NPC_11731173,AUTRE,118,63312,0,15898,2802,4484,118,118,195,195,2,0,normal,1,3,20,70,3290
8759,MOB_HUNTER_NPC_11751175,AUTRE,118,54656,0,15898,2802,4484,118,118,195,195,2,0,normal,1,3,20,109,3292
8760,MOB_HUNTER_NPC_11761176,AUTRE,118,63312,0,15898,2882,4360,118,118,195,195,2,0,normal,1,3,20,65,3293
8761,MOB_HUNTER_NPC_11771177,AUTRE,118,54656,0,15898,2802,4484,118,118,195,195,2,0,normal,1,3,20,65,3294
8762,MOB_HUNTER_NPC_11781178,AUTRE,118,63312,0,15898,2725,4611,118,118,195,195,2,0,normal,1,3,20,70,3295
8763,MOB_HUNTER_NPC_11791179,AUTRE,118,63312,0,15898,2802,4484,118,118,195,195,2,0,normal,1,3,20,80,3296
8764,MOB_HUNTER_NPC_11801180,AUTRE,118,54656,0,15898,2882,4360,118,118,195,195,2,0,normal,1,3,20,109,3297
41395,MOB_JUPITER_BAAL_MODIFY_FANATICISM,"Temple de Jupiter (101-120, retrofit D12)",118,63312,0,15898,2725,4611,118,118,195,195,2,0,normal,0,3,10,75,18772
41406,MOB_JUPITER_BLOOD_SERPENT,"Temple de Jupiter (101-120, retrofit D12)",118,63312,0,23847,2725,4611,118,118,195,195,2,6,elite/quest,0,3,20,75,18783
41390,MOB_JUPITER_BLOOD_WITCH2,"Temple de Jupiter (101-120, retrofit D12)",118,54656,0,23847,2725,4611,118,118,195,195,2,6,elite/quest,0,3,50,120,18767
41392,MOB_JUPITER_CHARM_WITCH,"Temple de Jupiter (101-120, retrofit D12)",118,54656,0,15898,2725,4611,118,118,195,195,2,1,champion,0,3,50,120,18769
41375,MOB_JUPITER_CURSING_FANATICISM,"Temple de Jupiter (101-120, retrofit D12)",118,63312,0,23847,2725,4611,118,118,195,195,2,6,elite/quest,0,3,30,75,18752
41420,MOB_JUPITER_DARK_DOG,"Temple de Jupiter (101-120, retrofit D12)",118,26234941,0,9920425,2725,4611,124,124,201,201,2,8,unique_silencieux,0,3,30,100,18797
41751,MOB_JUPITER_DEVIL_DARK_CLONE,"Temple de Jupiter (101-120, retrofit D12)",118,54656,0,15898,2882,4360,118,118,195,195,2,0,normal,0,3,30,100,18862
41752,MOB_JUPITER_DEVIL_HELL_CLONE,"Temple de Jupiter (101-120, retrofit D12)",118,54656,0,15898,2882,4360,118,118,195,195,2,0,normal,0,3,30,100,18863
41376,MOB_JUPITER_HELL_FANATICISM,"Temple de Jupiter (101-120, retrofit D12)",118,63312,0,15898,2725,4611,118,118,195,195,2,1,champion,0,3,30,75,18753
41397,MOB_JUPITER_METAMORPHOSIS_CT,"Temple de Jupiter (101-120, retrofit D12)",118,63312,0,15898,2725,4611,118,118,195,195,2,1,champion,0,3,10,75,18774
41398,MOB_JUPITER_METAMORPHOSIS_INFECTION,"Temple de Jupiter (101-120, retrofit D12)",118,63312,0,15898,2725,4611,118,118,195,195,2,1,champion,0,3,10,75,18775
41358,MOB_JUPITER_RUIN_CUTTER,"Temple de Jupiter (101-120, retrofit D12)",118,54656,0,15898,2725,4611,118,118,195,195,2,0,normal,0,3,40,100,18735
3392,MOB_THIEF_NPC_11711171,Evenement caravan/thief,118,54656,0,15898,2802,4484,118,16777334,195,195,2,0,normal,1,3,20,65,1409
3393,MOB_THIEF_NPC_11721172,Evenement caravan/thief,118,63312,0,15898,2882,4360,118,118,195,195,2,0,normal,1,3,20,65,1410
3394,MOB_THIEF_NPC_11731173,Evenement caravan/thief,118,63312,0,15898,2802,4484,118,118,195,195,2,0,normal,1,3,20,326,1411
3395,MOB_THIEF_NPC_11741174,Evenement caravan/thief,118,54656,0,15898,2725,4611,118,118,195,195,2,0,normal,1,3,20,80,1412
3396,MOB_THIEF_NPC_11751175,Evenement caravan/thief,118,54656,0,15898,2802,4484,118,118,195,195,2,0,normal,1,3,20,109,1413
3397,MOB_THIEF_NPC_11761176,Evenement caravan/thief,118,63312,0,15898,2882,4360,118,118,195,195,2,0,normal,1,3,20,65,1414
3398,MOB_THIEF_NPC_11771177,Evenement caravan/thief,118,54656,0,15898,2802,4484,118,118,195,195,2,0,normal,1,3,20,65,1415
3399,MOB_THIEF_NPC_11781178,Evenement caravan/thief,118,63312,0,15898,2725,4611,118,118,195,195,2,0,normal,1,3,20,70,1416
3400,MOB_THIEF_NPC_11791179,Evenement caravan/thief,118,63312,0,15898,2802,4484,118,118,195,195,2,0,normal,1,3,20,80,1417
3401,MOB_THIEF_NPC_11801180,Evenement caravan/thief,118,54656,0,15898,2882,4360,118,118,195,195,2,0,normal,1,3,20,109,1418
17590,MOB_EU_HUNTER_NPC_11811181,Europe (Constantinople),119,56165,0,16375,2963,4484,119,119,196,196,2,0,normal,1,3,20,90,7225
17591,MOB_EU_HUNTER_NPC_11821182,Europe (Constantinople),119,56165,0,16375,2963,4484,119,119,196,196,2,0,normal,1,3,20,90,7226
17592,MOB_EU_HUNTER_NPC_11831183,Europe (Constantinople),119,56165,0,16375,2963,4484,119,119,196,196,2,0,normal,1,3,20,90,7227
17593,MOB_EU_HUNTER_NPC_11841184,Europe (Constantinople),119,56165,0,16375,2882,4611,119,119,196,196,2,0,normal,1,3,20,110,7228
17594,MOB_EU_HUNTER_NPC_11851185,Europe (Constantinople),119,56165,0,16375,2882,4611,119,119,196,196,2,0,normal,1,3,20,70,7229
17595,MOB_EU_HUNTER_NPC_11861186,Europe (Constantinople),119,56165,0,16375,2802,4741,119,119,196,196,2,0,normal,1,3,20,80,7230
17597,MOB_EU_HUNTER_NPC_11881188,Europe (Constantinople),119,56165,0,16375,2802,4741,119,119,196,196,2,0,normal,1,3,20,80,7232
17598,MOB_EU_HUNTER_NPC_11891189,Europe (Constantinople),119,56165,0,16375,2802,4741,119,119,196,196,2,0,normal,1,3,20,80,7233
17599,MOB_EU_HUNTER_NPC_11901190,Europe (Constantinople),119,56165,0,16375,2802,4741,119,119,196,196,2,0,normal,1,3,20,80,7234
16190,MOB_EU_THIEF_NPC_11811181,Europe (Constantinople),119,56165,0,16375,2963,4484,119,16777335,196,196,2,0,normal,1,3,20,90,5825
16191,MOB_EU_THIEF_NPC_11821182,Europe (Constantinople),119,56165,0,16375,2963,4484,119,119,196,196,2,0,normal,1,3,20,90,5826
16192,MOB_EU_THIEF_NPC_11831183,Europe (Constantinople),119,56165,0,16375,2963,4484,119,119,196,196,2,0,normal,1,3,20,90,5827
16193,MOB_EU_THIEF_NPC_11841184,Europe (Constantinople),119,56165,0,16375,2882,4611,119,119,196,196,2,0,normal,1,3,20,110,5828
16194,MOB_EU_THIEF_NPC_11851185,Europe (Constantinople),119,56165,0,16375,2882,4611,119,119,196,196,2,0,normal,1,3,20,70,5829
16195,MOB_EU_THIEF_NPC_11861186,Europe (Constantinople),119,56165,0,16375,2802,4741,119,119,196,196,2,0,normal,1,3,20,80,5830
16196,MOB_EU_THIEF_NPC_11871187,Europe (Constantinople),119,56165,0,16375,2802,4741,119,119,196,196,2,0,normal,1,3,20,80,5831
16197,MOB_EU_THIEF_NPC_11881188,Europe (Constantinople),119,56165,0,16375,2802,4741,119,119,196,196,2,0,normal,1,3,20,80,5832
16198,MOB_EU_THIEF_NPC_11891189,Europe (Constantinople),119,56165,0,16375,2802,4741,119,119,196,196,2,0,normal,1,3,20,80,5833
16199,MOB_EU_THIEF_NPC_11901190,Europe (Constantinople),119,56165,0,16375,2802,4741,119,119,196,196,2,0,normal,1,3,20,80,5834
22637,MOB_FW_BATTLEGOLEM_119,Forteresse (guerre de forteresse),119,71891551,0,31440114,3047,4360,119,119,196,196,2,3,unique_notice,1,3,42,56,12191
22217,MOB_FW_HYEONGCHEON_119,Forteresse (guerre de forteresse),119,71004032,0,23580086,2882,4611,119,119,196,196,2,3,unique_notice,1,3,23,74,11771
22357,MOB_FW_MUJIGI_119,Forteresse (guerre de forteresse),119,53918663,0,23580086,2882,4611,119,119,196,196,2,3,unique_notice,1,3,38,143,11911
21517,MOB_FW_TAESE_119,Forteresse (guerre de forteresse),119,94672043,0,31440114,3047,4360,119,119,196,196,2,3,unique_notice,1,3,10,34,11071
8765,MOB_HUNTER_NPC_11811181,AUTRE,119,65064,0,16375,2882,4611,119,119,196,196,2,0,normal,1,3,20,65,3298
8766,MOB_HUNTER_NPC_11821182,AUTRE,119,65064,0,16375,2802,4741,119,119,196,196,2,0,normal,1,3,20,65,3299
8767,MOB_HUNTER_NPC_11831183,AUTRE,119,56165,0,16375,2882,4611,119,119,196,196,2,0,normal,1,3,20,70,3300
8768,MOB_HUNTER_NPC_11841184,AUTRE,119,65064,0,16375,2963,4484,119,119,196,196,2,0,normal,1,3,20,80,3301
8769,MOB_HUNTER_NPC_11851185,AUTRE,119,56165,0,16375,2882,4611,119,119,196,196,2,0,normal,1,3,20,110,3302
8770,MOB_HUNTER_NPC_11861186,AUTRE,119,56165,0,16375,2802,4741,119,119,196,196,2,0,normal,1,3,20,65,3303
8771,MOB_HUNTER_NPC_11871187,AUTRE,119,65064,0,16375,2882,4611,119,119,196,196,2,0,normal,1,3,20,65,3304
8772,MOB_HUNTER_NPC_11881188,AUTRE,119,65064,0,16375,2963,4484,119,16777335,196,196,2,0,normal,1,3,20,70,3305
8773,MOB_HUNTER_NPC_11891189,AUTRE,119,56165,0,16375,2882,4611,119,119,196,196,2,0,normal,1,3,20,80,3306
8774,MOB_HUNTER_NPC_11901190,AUTRE,119,56165,0,16375,2802,4741,119,119,196,196,2,0,normal,1,3,20,110,3307
41384,MOB_JUPITER_BAAL_DEVILDOG,"Temple de Jupiter (101-120, retrofit D12)",119,56165,0,16375,2963,4484,119,119,196,196,2,1,champion,0,3,30,100,18761
41396,MOB_JUPITER_BAAL_MODIFY_WATCH,"Temple de Jupiter (101-120, retrofit D12)",119,65064,0,16375,2802,4741,119,119,196,196,2,0,normal,0,3,10,75,18773
41385,MOB_JUPITER_BAAL_WATCHDOG,"Temple de Jupiter (101-120, retrofit D12)",119,56165,0,16375,2963,4484,119,119,196,196,2,1,champion,0,3,30,100,18762
41404,MOB_JUPITER_DESIRE_WATCH,"Temple de Jupiter (101-120, retrofit D12)",119,65064,0,24563,2802,4741,119,119,196,196,2,6,elite/quest,0,3,20,75,18781
41409,MOB_JUPITER_FEAR_SERPENT,"Temple de Jupiter (101-120, retrofit D12)",119,65064,0,16375,2802,4741,119,119,196,196,2,1,champion,0,3,20,75,18786
41388,MOB_JUPITER_HELL_ENCHANTRESS,"Temple de Jupiter (101-120, retrofit D12)",119,56165,0,16375,2802,4741,119,119,196,196,2,0,normal,0,3,50,120,18765
41753,MOB_JUPITER_HELL_ENCHANTRESS_CLONE,"Temple de Jupiter (101-120, retrofit D12)",119,56165,0,16375,2802,4741,119,119,196,196,2,0,normal,0,3,50,120,18864
41749,MOB_JUPITER_HELL_WATCH_CLONE,"Temple de Jupiter (101-120, retrofit D12)",119,56165,0,16375,2963,4484,119,119,196,196,2,0,normal,0,3,30,100,18860
41379,MOB_JUPITER_PAIN_FANATICISM,"Temple de Jupiter (101-120, retrofit D12)",119,65064,0,16375,2802,4741,119,119,196,196,2,1,champion,0,3,30,75,18756
41750,MOB_JUPITER_VAMPIRE_WATCHDOG_CLONE,"Temple de Jupiter (101-120, retrofit D12)",119,56165,0,16375,2963,4484,119,119,196,196,2,0,normal,0,3,30,100,18861
3402,MOB_THIEF_NPC_11811181,Evenement caravan/thief,119,65064,0,16375,2882,4611,119,119,196,196,2,0,normal,1,3,20,65,1419
3404,MOB_THIEF_NPC_11831183,Evenement caravan/thief,119,56165,0,16375,2882,4611,119,119,196,196,2,0,normal,1,3,20,70,1421
3405,MOB_THIEF_NPC_11841184,Evenement caravan/thief,119,65064,0,16375,2963,4484,119,119,196,196,2,0,normal,1,3,20,80,1422
3406,MOB_THIEF_NPC_11851185,Evenement caravan/thief,119,56165,0,16375,2882,4611,119,119,196,196,2,0,normal,1,3,20,110,1423
3407,MOB_THIEF_NPC_11861186,Evenement caravan/thief,119,56165,0,16375,2802,4741,119,119,196,196,2,0,normal,1,3,20,65,1424
3408,MOB_THIEF_NPC_11871187,Evenement caravan/thief,119,65064,0,16375,2882,4611,119,119,196,196,2,0,normal,1,3,20,65,1425
3409,MOB_THIEF_NPC_11881188,Evenement caravan/thief,119,65064,0,16375,2963,4484,119,119,196,196,2,0,normal,1,3,20,70,1426
3410,MOB_THIEF_NPC_11891189,Evenement caravan/thief,119,56165,0,16375,2882,4611,119,119,196,196,2,0,normal,1,3,20,80,1427
3411,MOB_THIEF_NPC_11901190,Evenement caravan/thief,119,56165,0,16375,2802,4741,119,119,196,196,2,0,normal,1,3,20,366,1428
24131,MOV_EV_BEAR_B_119,AUTRE,119,91634,0,65500,2546,4074,119,119,196,196,2,0,normal,1,0,50,75,13406
8776,MMB_HUNTER_NPC_11921192,AUTRE,120,57713,0,16866,3047,4611,120,120,197,197,2,0,normal,1,3,20,65,3309
17600,MOB_EU_HUNTER_NPC_11911191,Europe (Constantinople),120,57713,0,16866,3047,4611,120,120,197,197,2,0,normal,1,3,20,90,7235
17601,MOB_EU_HUNTER_NPC_11921192,Europe (Constantinople),120,57713,0,16866,3047,4611,120,120,197,197,2,0,normal,1,3,20,90,7236
17602,MOB_EU_HUNTER_NPC_11931193,Europe (Constantinople),120,57713,0,16866,3047,4611,120,120,197,197,2,0,normal,1,3,20,90,7237
17603,MOB_EU_HUNTER_NPC_11941194,Europe (Constantinople),120,57713,0,16866,2963,4741,120,120,197,197,2,0,normal,1,3,20,110,7238
17605,MOB_EU_HUNTER_NPC_11961196,Europe (Constantinople),120,57713,0,16866,2882,4875,120,120,197,197,2,0,normal,1,3,20,80,7240
17606,MOB_EU_HUNTER_NPC_11971197,Europe (Constantinople),120,57713,0,16866,2882,4875,120,16777336,197,197,2,0,normal,1,3,20,80,7241
17607,MOB_EU_HUNTER_NPC_11981198,Europe (Constantinople),120,57713,0,16866,2882,4875,120,120,197,197,2,0,normal,1,3,20,80,7242
17608,MOB_EU_HUNTER_NPC_11991199,Europe (Constantinople),120,57713,0,16866,2882,4875,120,120,197,197,2,0,normal,1,3,20,80,7243
17609,MOB_EU_HUNTER_NPC_12001200,Europe (Constantinople),120,57713,0,16866,2882,4875,120,120,197,197,2,0,normal,1,3,20,80,7244
16200,MOB_EU_THIEF_NPC_11911191,Europe (Constantinople),120,57713,0,16866,3047,4611,120,120,197,197,2,0,normal,1,3,20,90,5835
16201,MOB_EU_THIEF_NPC_11921192,Europe (Constantinople),120,57713,0,16866,3047,4611,120,120,197,197,2,0,normal,1,3,20,90,5836
16202,MOB_EU_THIEF_NPC_11931193,Europe (Constantinople),120,57713,0,16866,3047,4611,120,120,197,197,2,0,normal,1,3,20,90,5837
16203,MOB_EU_THIEF_NPC_11941194,Europe (Constantinople),120,57713,0,16866,2963,4741,120,120,197,197,2,0,normal,1,3,20,110,5838
16204,MOB_EU_THIEF_NPC_11951195,Europe (Constantinople),120,57713,0,16866,2963,4741,120,120,197,197,2,0,normal,1,3,20,70,5839
16205,MOB_EU_THIEF_NPC_11961196,Europe (Constantinople),120,57713,0,16866,2882,4875,120,120,197,197,2,0,normal,1,3,20,336,5840
16206,MOB_EU_THIEF_NPC_11971197,Europe (Constantinople),120,57713,0,16866,2882,4875,120,120,197,197,2,0,normal,1,3,20,80,5841
16207,MOB_EU_THIEF_NPC_11981198,Europe (Constantinople),120,57713,0,16866,2882,4875,120,120,197,197,2,0,normal,1,3,20,80,5842
16208,MOB_EU_THIEF_NPC_11991199,Europe (Constantinople),120,57713,0,16866,2882,4875,120,120,197,197,2,0,normal,1,3,20,80,5843
16209,MOB_EU_THIEF_NPC_12001200,Europe (Constantinople),120,57713,0,16866,2882,4875,120,120,197,197,2,0,normal,1,3,20,80,5844
22638,MOB_FW_BATTLEGOLEM_120,Forteresse (guerre de forteresse),120,73872544,0,32383316,3132,4484,120,120,197,197,2,3,unique_notice,1,3,42,56,12192
22218,MOB_FW_HYEONGCHEON_120,Forteresse (guerre de forteresse),120,72967274,0,24287487,2963,4741,120,120,197,197,2,3,unique_notice,1,3,23,74,11772
22358,MOB_FW_MUJIGI_120,Forteresse (guerre de forteresse),120,55404408,0,24287487,2963,4741,120,120,197,197,2,3,unique_notice,1,3,38,143,11912
21518,MOB_FW_TAESE_120,Forteresse (guerre de forteresse),120,97289699,0,32383316,3132,4484,120,120,197,197,2,3,unique_notice,1,3,10,34,11072
8775,MOB_HUNTER_NPC_11911191,AUTRE,120,66860,0,16866,2963,4741,120,120,197,197,2,0,normal,1,3,20,65,3308
8777,MOB_HUNTER_NPC_11931193,AUTRE,120,66860,0,16866,2963,4741,120,120,197,197,2,0,normal,1,3,20,70,3310
8778,MOB_HUNTER_NPC_11941194,AUTRE,120,66860,0,16866,2882,4875,120,120,197,197,2,0,normal,1,3,20,80,3311
8779,MOB_HUNTER_NPC_11951195,AUTRE,120,57713,0,16866,2963,4741,120,120,197,197,2,0,normal,1,3,20,110,3312
8780,MOB_HUNTER_NPC_11961196,AUTRE,120,66860,0,16866,3047,4611,120,120,197,197,2,0,normal,1,3,20,65,3313
8781,MOB_HUNTER_NPC_11971197,AUTRE,120,66860,0,16866,2963,4741,120,120,197,197,2,0,normal,1,3,20,65,3314
8781,MOB_HUNTER_NPC_11971197,AUTRE,120,66860,0,16866,2963,4741,120,120,197,197,2,0,normal,1,3,20,65,3314
8782,MOB_HUNTER_NPC_11981198,AUTRE,120,57713,0,16866,2882,4875,120,120,197,197,2,0,normal,1,3,20,70,3315
8783,MOB_HUNTER_NPC_11991199,AUTRE,120,66860,0,16866,2963,4741,120,120,197,197,2,0,normal,1,3,20,80,3316
8784,MOB_HUNTER_NPC_12001200,AUTRE,120,57713,0,16866,3047,4611,120,120,197,197,2,0,normal,1,3,20,110,3317
41423,MOB_JUPITER_BAAL,"Temple de Jupiter (101-120, retrofit D12)",120,55404408,0,20239573,2882,4875,132,132,209,209,2,3,unique_notice,0,3,40,110,18800
41424,MOB_JUPITER_BAAL_WEAPON,"Temple de Jupiter (101-120, retrofit D12)",120,83106612,0,28335402,2882,4875,132,132,209,209,2,3,unique_notice,0,3,40,110,18801
41422,MOB_JUPITER_BABILION,"Temple de Jupiter (101-120, retrofit D12)",120,40116151,0,13493048,2882,4875,128,128,205,205,2,3,unique_notice,0,3,20,75,18799
41391,MOB_JUPITER_BLOOD_WITCH,"Temple de Jupiter (101-120, retrofit D12)",120,57713,0,25299,2882,4875,120,120,197,197,2,6,elite/quest,0,3,50,120,18768
41421,MOB_JUPITER_DARK_DOG2,"Temple de Jupiter (101-120, retrofit D12)",120,31395831,0,12143744,2882,4875,126,126,203,203,2,8,unique_silencieux,0,3,30,100,18798
41759,MOB_JUPITER_DEMON_SERPENT_CLONE,"Temple de Jupiter (101-120, retrofit D12)",120,66860,0,16866,2882,4875,120,120,197,197,2,0,normal,0,3,20,75,18870
41377,MOB_JUPITER_DESPAIR_FANATICISM,"Temple de Jupiter (101-120, retrofit D12)",120,66860,0,25299,2882,4875,120,120,197,197,2,6,elite/quest,0,3,30,75,18754
41387,MOB_JUPITER_DEVIL_HELL,"Temple de Jupiter (101-120, retrofit D12)",120,57713,0,25299,3047,4611,120,120,197,197,2,6,elite/quest,0,3,30,100,18764
41402,MOB_JUPITER_HELL_BLOODDOG,"Temple de Jupiter (101-120, retrofit D12)",120,57713,0,16866,2882,4875,120,120,197,197,2,0,normal,0,3,20,100,18779
41757,MOB_JUPITER_HELL_BLOODDOG_CLONE,"Temple de Jupiter (101-120, retrofit D12)",120,57713,0,16866,2882,4875,120,120,197,197,2,0,normal,0,3,20,100,18868
41401,MOB_JUPITER_HELL_BLOODWATCH,"Temple de Jupiter (101-120, retrofit D12)",120,57713,0,16866,2882,4875,120,120,197,197,2,0,normal,0,3,20,100,18778
41756,MOB_JUPITER_HELL_BLOODWATCH_CLONE,"Temple de Jupiter (101-120, retrofit D12)",120,57713,0,16866,2882,4875,120,120,197,197,2,0,normal,0,3,20,100,18867
41419,MOB_JUPITER_JUPITER,"Temple de Jupiter (101-120, retrofit D12)",120,40116151,0,13155722,2882,4875,128,128,205,205,2,3,unique_notice,0,3,60,75,18796
41399,MOB_JUPITER_METAMORPHOSIS_FANATICISM,"Temple de Jupiter (101-120, retrofit D12)",120,66860,0,16866,2882,4875,120,120,197,197,2,1,champion,0,3,10,75,18776
41408,MOB_JUPITER_NIGHTMARE_SERPENT,"Temple de Jupiter (101-120, retrofit D12)",120,66860,0,25299,2882,4875,120,120,197,197,2,6,elite/quest,0,3,20,75,18785
41400,MOB_JUPITER_TRANSFORMATION_FANATICISM,"Temple de Jupiter (101-120, retrofit D12)",120,66860,0,16866,2882,4875,120,120,197,197,2,1,champion,0,3,10,75,18777
3412,MOB_THIEF_NPC_11911191,Evenement caravan/thief,120,66860,0,16866,2963,4741,120,120,197,197,2,0,normal,1,3,20,65,1429
3413,MOB_THIEF_NPC_11921192,Evenement caravan/thief,120,57713,0,16866,3047,4611,120,120,197,197,2,0,normal,1,3,20,65,1430
3414,MOB_THIEF_NPC_11931193,Evenement caravan/thief,120,66860,0,16866,2963,4741,120,120,197,197,2,0,normal,1,3,20,70,1431
3415,MOB_THIEF_NPC_11941194,Evenement caravan/thief,120,66860,0,16866,2882,4875,120,120,197,197,2,0,normal,1,3,20,80,1432
3416,MOB_THIEF_NPC_11951195,Evenement caravan/thief,120,57713,0,16866,2963,4741,120,16777336,197,197,2,0,normal,1,3,20,110,1433
3417,MOB_THIEF_NPC_11961196,Evenement caravan/thief,120,66860,0,16866,3047,4611,120,120,197,197,2,0,normal,1,3,20,65,1434
3418,MOB_THIEF_NPC_11971197,Evenement caravan/thief,120,66860,0,16866,2963,4741,120,120,197,197,2,0,normal,1,3,20,65,1435
3419,MOB_THIEF_NPC_11981198,Evenement caravan/thief,120,57713,0,16866,2882,4875,120,120,197,197,2,0,normal,1,3,20,70,1436
3421,MOB_THIEF_NPC_12001200,Evenement caravan/thief,120,57713,0,16866,3047,4611,120,120,197,197,2,0,normal,1,3,20,110,1438
24132,MOV_EV_BEAR_B_120,AUTRE,120,94227,0,67464,2618,4189,120,120,197,197,2,0,normal,1,0,50,75,13407
17610,MOB_EU_HUNTER_NPC_12011201,Europe (Constantinople),121,59300,0,17372,3132,4741,121,121,198,198,2,0,normal,1,3,20,90,7245
17611,MOB_EU_HUNTER_NPC_12021202,Europe (Constantinople),121,59300,0,17372,3132,4741,121,121,198,198,2,0,normal,1,3,20,90,7246
17612,MOB_EU_HUNTER_NPC_12031203,Europe (Constantinople),121,59300,0,17372,3132,4741,121,121,198,198,2,0,normal,1,3,20,90,7247
17613,MOB_EU_HUNTER_NPC_12041204,Europe (Constantinople),121,59300,0,17372,3047,4875,121,121,198,198,2,0,normal,1,3,20,111,7248
17614,MOB_EU_HUNTER_NPC_12051205,Europe (Constantinople),121,59300,0,17372,3047,4875,121,121,198,198,2,0,normal,1,3,20,70,7249
17615,MOB_EU_HUNTER_NPC_12061206,Europe (Constantinople),121,59300,0,17372,2963,5012,121,121,198,198,2,0,normal,1,3,20,80,7250
17616,MOB_EU_HUNTER_NPC_12071207,Europe (Constantinople),121,59300,0,17372,2963,5012,121,121,198,198,2,0,normal,1,3,20,80,7251
17617,MOB_EU_HUNTER_NPC_12081208,Europe (Constantinople),121,59300,0,17372,2963,5012,121,121,198,198,2,0,normal,1,3,20,80,7252
17618,MOB_EU_HUNTER_NPC_12091209,Europe (Constantinople),121,59300,0,17372,2963,5012,121,121,198,198,2,0,normal,1,3,20,80,7253
17619,MOB_EU_HUNTER_NPC_12101210,Europe (Constantinople),121,59300,0,17372,2963,5012,121,121,198,198,2,0,normal,1,3,20,80,7254
16210,MOB_EU_THIEF_NPC_12011201,Europe (Constantinople),121,59300,0,17372,3132,4741,121,121,198,198,2,0,normal,1,3,20,90,5845
16211,MOB_EU_THIEF_NPC_12021202,Europe (Constantinople),121,59300,0,17372,3132,4741,121,121,198,198,2,0,normal,1,3,20,90,5846
16212,MOB_EU_THIEF_NPC_12031203,Europe (Constantinople),121,59300,0,17372,3132,4741,121,121,198,198,2,0,normal,1,3,20,90,5847
16213,MOB_EU_THIEF_NPC_12041204,Europe (Constantinople),121,59300,0,17372,3047,4875,121,121,198,198,2,0,normal,1,3,20,111,5848
16215,MOB_EU_THIEF_NPC_12061206,Europe (Constantinople),121,59300,0,17372,2963,5012,121,121,198,198,2,0,normal,1,3,20,80,5850
16216,MOB_EU_THIEF_NPC_12071207,Europe (Constantinople),121,59300,0,17372,2963,5012,121,121,198,198,2,0,normal,1,3,20,80,5851
16217,MOB_EU_THIEF_NPC_12081208,Europe (Constantinople),121,59300,0,17372,2963,5012,121,121,198,198,2,0,normal,1,3,20,80,5852
16218,MOB_EU_THIEF_NPC_12091209,Europe (Constantinople),121,59300,0,17372,2963,5012,121,121,198,198,2,0,normal,1,3,20,80,5853
16219,MOB_EU_THIEF_NPC_12101210,Europe (Constantinople),121,59300,0,17372,2963,5012,121,121,198,198,2,0,normal,1,3,20,80,5854
22639,MOB_FW_BATTLEGOLEM_121,Forteresse (guerre de forteresse),121,75904020,0,33354818,3220,4611,121,121,198,198,2,3,unique_notice,1,3,42,56,12193
22219,MOB_FW_IYEONGCHEON_121,Forteresse (guerre de forteresse),121,74980645,0,25016113,3047,4875,121,121,198,198,2,3,unique_notice,1,3,23,74,11773
21519,MOB_FW_TAESE_121,Forteresse (guerre de forteresse),121,99974193,0,33354818,3220,4611,121,121,198,198,2,3,unique_notice,1,3,10,34,11073
8785,MOB_HUNTER_NPC_12011201,AUTRE,121,59300,0,17372,3047,4875,121,121,198,198,2,0,normal,1,3,20,65,3318
8786,MOB_HUNTER_NPC_12021202,AUTRE,121,68702,0,17372,2963,5012,121,121,198,198,2,0,normal,1,3,20,65,3319
8787,MOB_HUNTER_NPC_12031203,AUTRE,121,68702,0,17372,3047,4875,121,121,198,198,2,0,normal,1,3,20,70,3320
8788,MOB_HUNTER_NPC_12041204,AUTRE,121,59300,0,17372,3132,4741,121,121,198,198,2,0,normal,1,3,20,80,3321
8789,MOB_HUNTER_NPC_12051205,AUTRE,121,59300,0,17372,3047,4875,121,121,198,198,2,0,normal,1,3,20,111,3322
8791,MOB_HUNTER_NPC_12071207,AUTRE,121,59300,0,17372,3047,4875,121,121,198,198,2,0,normal,1,3,20,65,3324
8792,MOB_HUNTER_NPC_12081208,AUTRE,121,68702,0,17372,3132,4741,121,121,198,198,2,0,normal,1,3,20,70,3325
8793,MOB_HUNTER_NPC_12091209,AUTRE,121,59300,0,17372,3047,4875,121,121,198,198,2,0,normal,1,3,20,80,3326
8794,MOB_HUNTER_NPC_12101210,AUTRE,121,59300,0,17372,2963,5012,121,121,198,198,2,0,normal,1,3,20,111,3327
3429,MOB_THIEF_NPC_11081208,Evenement caravan/thief,121,68702,0,17372,3132,4741,121,121,198,198,2,0,normal,1,3,20,70,1446
3422,MOB_THIEF_NPC_12011201,Evenement caravan/thief,121,59300,0,17372,3047,4875,121,121,198,198,2,0,normal,1,3,20,65,1439
3423,MOB_THIEF_NPC_12021202,Evenement caravan/thief,121,68702,0,17372,2963,5012,121,121,198,198,2,0,normal,1,3,20,65,1440
3424,MOB_THIEF_NPC_12031203,Evenement caravan/thief,121,68702,0,17372,3047,4875,121,121,198,198,2,0,normal,1,3,20,70,1441
3425,MOB_THIEF_NPC_12041204,Evenement caravan/thief,121,59300,0,17372,3132,4741,121,121,198,198,2,0,normal,1,3,20,80,1442
3426,MOB_THIEF_NPC_12051205,Evenement caravan/thief,121,59300,0,17372,3047,4875,121,121,198,198,2,0,normal,1,3,20,111,1443
3427,MOB_THIEF_NPC_12061206,Evenement caravan/thief,121,68702,0,17372,2963,5012,121,121,198,198,2,0,normal,1,3,20,321,1444
3428,MOB_THIEF_NPC_12071207,Evenement caravan/thief,121,59300,0,17372,3047,4875,121,121,198,198,2,0,normal,1,3,20,65,1445
3430,MOB_THIEF_NPC_12091209,Evenement caravan/thief,121,59300,0,17372,3047,4875,121,121,198,198,2,0,normal,1,3,20,80,1447
3431,MOB_THIEF_NPC_12101210,Evenement caravan/thief,121,59300,0,17372,2963,5012,121,121,198,198,2,0,normal,1,3,20,111,1448
24133,MOV_EV_BEAR_B_121,AUTRE,121,96886,0,69488,2691,4306,121,121,198,198,2,0,normal,1,0,50,75,13408
17620,MOB_EU_HUNTER_NPC_12111211,Europe (Constantinople),122,60928,0,17893,3220,4875,122,122,199,199,2,0,normal,1,3,20,91,7255
17621,MOB_EU_HUNTER_NPC_12121212,Europe (Constantinople),122,60928,0,17893,3220,4875,122,122,199,199,2,0,normal,1,3,20,91,7256
17622,MOB_EU_HUNTER_NPC_12131213,Europe (Constantinople),122,60928,0,17893,3220,4875,122,122,199,199,2,0,normal,1,3,20,91,7257
17623,MOB_EU_HUNTER_NPC_12141214,Europe (Constantinople),122,60928,0,17893,3132,5012,122,122,199,199,2,0,normal,1,3,20,111,7258
17624,MOB_EU_HUNTER_NPC_12151215,Europe (Constantinople),122,60928,0,17893,3132,5012,122,122,199,199,2,0,normal,1,3,20,70,7259
17625,MOB_EU_HUNTER_NPC_12161216,Europe (Constantinople),122,60928,0,17893,3047,5152,122,122,199,199,2,0,normal,1,3,20,81,7260
17626,MOB_EU_HUNTER_NPC_12171217,Europe (Constantinople),122,60928,0,17893,3047,5152,122,122,199,199,2,0,normal,1,3,20,81,7261
17628,MOB_EU_HUNTER_NPC_12191219,Europe (Constantinople),122,60928,0,17893,3047,5152,122,122,199,199,2,0,normal,1,3,20,81,7263
17629,MOB_EU_HUNTER_NPC_12201220,Europe (Constantinople),122,60928,0,17893,3047,5152,122,122,199,199,2,0,normal,1,3,20,81,7264
16221,MOB_EU_THIEF_NPC_12121212,Europe (Constantinople),122,60928,0,17893,3220,4875,122,122,199,199,2,0,normal,1,3,20,91,5856
16222,MOB_EU_THIEF_NPC_12131213,Europe (Constantinople),122,60928,0,17893,3220,4875,122,122,199,199,2,0,normal,1,3,20,91,5857
16223,MOB_EU_THIEF_NPC_12141214,Europe (Constantinople),122,60928,0,17893,3132,5012,122,122,199,199,2,0,normal,1,3,20,111,5858
16224,MOB_EU_THIEF_NPC_12151215,Europe (Constantinople),122,60928,0,17893,3132,5012,122,122,199,199,2,0,normal,1,3,20,70,5859
16225,MOB_EU_THIEF_NPC_12161216,Europe (Constantinople),122,60928,0,17893,3047,5152,122,122,199,199,2,0,normal,1,3,20,81,5860
16226,MOB_EU_THIEF_NPC_12171217,Europe (Constantinople),122,60928,0,17893,3047,5152,122,122,199,199,2,0,normal,1,3,20,81,5861
16227,MOB_EU_THIEF_NPC_12181218,Europe (Constantinople),122,60928,0,17893,3047,5152,122,122,199,199,2,0,normal,1,3,20,81,5862
16228,MOB_EU_THIEF_NPC_12191219,Europe (Constantinople),122,60928,0,17893,3047,5152,122,122,199,199,2,0,normal,1,3,20,81,5863
16229,MOB_EU_THIEF_NPC_12201220,Europe (Constantinople),122,60928,0,17893,3047,5152,122,122,199,199,2,0,normal,1,3,20,81,5864
22640,MOB_FW_BATTLEGOLEM_122,Forteresse (guerre de forteresse),122,77987205,0,34355464,3310,4741,122,122,199,199,2,3,unique_notice,1,3,42,56,12194
22220,MOB_FW_HYEONGCHEON_122,Forteresse (guerre de forteresse),122,77045363,0,25766598,3132,5012,122,122,199,199,2,3,unique_notice,1,3,23,74,11774
22360,MOB_FW_MUJIGI_122,Forteresse (guerre de forteresse),122,58490404,0,25766598,3132,5012,122,122,199,199,2,3,unique_notice,1,3,38,143,11914
21520,MOB_FW_TAESE_122,Forteresse (guerre de forteresse),122,102727151,0,34355464,3310,4741,122,122,199,199,2,3,unique_notice,1,3,10,34,11074
8795,MOB_HUNTER_NPC_12111211,AUTRE,122,70592,0,17893,3132,5012,122,122,199,199,2,0,normal,1,3,20,65,3328
8796,MOB_HUNTER_NPC_12121212,AUTRE,122,70592,0,17893,3220,4875,122,16777338,199,199,2,0,normal,1,3,20,65,3329
8797,MOB_HUNTER_NPC_12131213,AUTRE,122,60928,0,17893,3132,5012,122,122,199,199,2,0,normal,1,3,20,70,3330
8798,MOB_HUNTER_NPC_12141214,AUTRE,122,60928,0,17893,3047,5152,122,122,199,199,2,0,normal,1,3,20,81,3331
8799,MOB_HUNTER_NPC_12151215,AUTRE,122,60928,0,17893,3132,5012,122,122,199,199,2,0,normal,1,3,20,111,3332
8800,MOB_HUNTER_NPC_12161216,AUTRE,122,60928,0,17893,3220,4875,122,122,199,199,2,0,normal,1,3,20,65,3333
8801,MOB_HUNTER_NPC_12171217,AUTRE,122,70592,0,17893,3132,5012,122,122,199,199,2,0,normal,1,3,20,65,3334
8802,MOB_HUNTER_NPC_12181218,AUTRE,122,70592,0,17893,3047,5152,122,122,199,199,2,0,normal,1,3,20,70,3335
8803,MOB_HUNTER_NPC_12191219,AUTRE,122,60928,0,17893,3132,5012,122,122,199,199,2,0,normal,1,3,20,81,3336
8804,MOB_HUNTER_NPC_12201220,AUTRE,122,60928,0,17893,3220,4875,122,122,199,199,2,0,normal,1,3,20,111,3337
3432,MOB_THIEF_NPC_12111211,Evenement caravan/thief,122,70592,0,17893,3132,5012,122,122,199,199,2,0,normal,1,3,20,65,1449
3433,MOB_THIEF_NPC_12121212,Evenement caravan/thief,122,70592,0,17893,3220,4875,122,122,199,199,2,0,normal,1,3,20,65,1450
3434,MOB_THIEF_NPC_12131213,Evenement caravan/thief,122,60928,0,17893,3132,5012,122,122,199,199,2,0,normal,1,3,20,70,1451
3435,MOB_THIEF_NPC_12141214,Evenement caravan/thief,122,60928,0,17893,3047,5152,122,122,199,199,2,0,normal,1,3,20,81,1452
3437,MOB_THIEF_NPC_12161216,Evenement caravan/thief,122,60928,0,17893,3220,4875,122,122,199,199,2,0,normal,1,3,20,65,1454
3438,MOB_THIEF_NPC_12171217,Evenement caravan/thief,122,70592,0,17893,3132,5012,122,122,199,199,2,0,normal,1,3,20,65,1455
3439,MOB_THIEF_NPC_12181218,Evenement caravan/thief,122,70592,0,17893,3047,5152,122,122,199,199,2,0,normal,1,3,20,70,1456
3440,MOB_THIEF_NPC_12191219,Evenement caravan/thief,122,60928,0,17893,3132,5012,122,16777338,199,199,2,0,normal,1,3,20,81,1457
3441,MOB_THIEF_NPC_12201220,Evenement caravan/thief,122,60928,0,17893,3220,4875,122,122,199,199,2,0,normal,1,3,20,111,1458
24134,MOV_EV_BEAR_B_122,AUTRE,122,99615,0,71572,2767,4427,122,16777338,199,199,2,0,normal,1,0,50,75,13409
8808,MMB_HUNTER_NPC_12241224,AUTRE,123,62596,0,18430,3310,5012,123,123,200,200,2,0,normal,1,3,20,81,3341
17637,MOB_EU_HUNTER_NPC_11281228,Europe (Constantinople),123,62596,0,18430,3132,5296,123,123,200,200,2,0,normal,1,3,20,81,7272
17630,MOB_EU_HUNTER_NPC_12211221,Europe (Constantinople),123,62596,0,18430,3310,5012,123,16777339,200,200,2,0,normal,1,3,20,91,7265
17631,MOB_EU_HUNTER_NPC_12221222,Europe (Constantinople),123,62596,0,18430,3310,5012,123,123,200,200,2,0,normal,1,3,20,91,7266
17632,MOB_EU_HUNTER_NPC_12231223,Europe (Constantinople),123,62596,0,18430,3310,5012,123,123,200,200,2,0,normal,1,3,20,91,7267
17633,MOB_EU_HUNTER_NPC_12241224,Europe (Constantinople),123,62596,0,18430,3220,5152,123,123,200,200,2,0,normal,1,3,20,112,7268
17634,MOB_EU_HUNTER_NPC_12251225,Europe (Constantinople),123,62596,0,18430,3220,5152,123,123,200,200,2,0,normal,1,3,20,71,7269
17635,MOB_EU_HUNTER_NPC_12261226,Europe (Constantinople),123,62596,0,18430,3132,5296,123,123,200,200,2,0,normal,1,3,20,81,7270
17636,MOB_EU_HUNTER_NPC_12271227,Europe (Constantinople),123,62596,0,18430,3132,5296,123,123,200,200,2,0,normal,1,3,20,81,7271
17638,MOB_EU_HUNTER_NPC_12291229,Europe (Constantinople),123,62596,0,18430,3132,5296,123,123,200,200,2,0,normal,1,3,20,81,7273
17639,MOB_EU_HUNTER_NPC_12301230,Europe (Constantinople),123,62596,0,18430,3132,5296,123,123,200,200,2,0,normal,1,3,20,81,7274
16230,MOB_EU_THIEF_NPC_12211221,Europe (Constantinople),123,62596,0,18430,3310,5012,123,123,200,200,2,0,normal,1,3,20,91,5865
16231,MOB_EU_THIEF_NPC_12221222,Europe (Constantinople),123,62596,0,18430,3310,5012,123,123,200,200,2,0,normal,1,3,20,91,5866
16232,MOB_EU_THIEF_NPC_12231223,Europe (Constantinople),123,62596,0,18430,3310,5012,123,123,200,200,2,0,normal,1,3,20,91,5867
16233,MOB_EU_THIEF_NPC_12241224,Europe (Constantinople),123,62596,0,18430,3220,5152,123,123,200,200,2,0,normal,1,3,20,112,5868
16234,MOB_EU_THIEF_NPC_12251225,Europe (Constantinople),123,62596,0,18430,3220,5152,123,123,200,200,2,0,normal,1,3,20,71,5869
16235,MOB_EU_THIEF_NPC_12261226,Europe (Constantinople),123,62596,0,18430,3132,5296,123,123,200,200,2,0,normal,1,3,20,81,5870
16236,MOB_EU_THIEF_NPC_12271227,Europe (Constantinople),123,62596,0,18430,3132,5296,123,123,200,200,2,0,normal,1,3,20,337,5871
16237,MOB_EU_THIEF_NPC_12281228,Europe (Constantinople),123,62596,0,18430,3132,5296,123,123,200,200,2,0,normal,1,3,20,81,5872
16239,MOB_EU_THIEF_NPC_12301230,Europe (Constantinople),123,62596,0,18430,3132,5296,123,123,200,200,2,0,normal,1,3,20,81,5874
22641,MOB_FW_BATTLEGOLEM_123,Forteresse (guerre de forteresse),123,80123357,0,35386129,3403,4875,123,123,200,200,2,3,unique_notice,1,3,42,56,12195
22221,MOB_FW_HYEONGCHEON_123,Forteresse (guerre de forteresse),123,79162678,0,26539597,3220,5152,123,123,200,200,2,3,unique_notice,1,3,23,74,11775
22361,MOB_FW_MUJIGI_123,Forteresse (guerre de forteresse),123,60092518,0,26539597,3220,5152,123,123,200,200,2,3,unique_notice,1,3,38,143,11915
21521,MOB_FW_TAESE_123,Forteresse (guerre de forteresse),123,105550237,0,35386129,3403,4875,123,123,200,200,2,3,unique_notice,1,3,10,34,11075
8805,MOB_HUNTER_NPC_12211221,AUTRE,123,72529,0,18430,3220,5152,123,123,200,200,2,0,normal,1,3,20,65,3338
8806,MOB_HUNTER_NPC_12221222,AUTRE,123,62596,0,18430,3132,5296,123,123,200,200,2,0,normal,1,3,20,65,3339
8807,MOB_HUNTER_NPC_12231223,AUTRE,123,72529,0,18430,3220,5152,123,123,200,200,2,0,normal,1,3,20,71,3340
8809,MOB_HUNTER_NPC_12251225,AUTRE,123,62596,0,18430,3220,5152,123,123,200,200,2,0,normal,1,3,20,112,3342
8810,MOB_HUNTER_NPC_12261226,AUTRE,123,72529,0,18430,3132,5296,123,123,200,200,2,0,normal,1,3,20,65,3343
8811,MOB_HUNTER_NPC_12271227,AUTRE,123,72529,0,18430,3220,5152,123,123,200,200,2,0,normal,1,3,20,65,3344
8812,MOB_HUNTER_NPC_12281228,AUTRE,123,62596,0,18430,3310,5012,123,123,200,200,2,0,normal,1,3,20,71,3345
8813,MOB_HUNTER_NPC_12291229,AUTRE,123,62596,0,18430,3220,5152,123,123,200,200,2,0,normal,1,3,20,81,3346
8813,MOB_HUNTER_NPC_12291229,AUTRE,123,62596,0,18430,3220,5152,123,123,200,200,2,0,normal,1,3,20,81,3346
8814,MOB_HUNTER_NPC_12301230,AUTRE,123,62596,0,18430,3132,5296,123,123,200,200,2,0,normal,1,3,20,112,3347
3446,MOB_THIEF_NPC_11251225,Evenement caravan/thief,123,62596,0,18430,3220,5152,123,123,200,200,2,0,normal,1,3,20,112,1463
3442,MOB_THIEF_NPC_12211221,Evenement caravan/thief,123,72529,0,18430,3220,5152,123,123,200,200,2,0,normal,1,3,20,65,1459
3443,MOB_THIEF_NPC_12221222,Evenement caravan/thief,123,62596,0,18430,3132,5296,123,123,200,200,2,0,normal,1,3,20,65,1460
3444,MOB_THIEF_NPC_12231223,Evenement caravan/thief,123,72529,0,18430,3220,5152,123,123,200,200,2,0,normal,1,3,20,327,1461
3445,MOB_THIEF_NPC_12241224,Evenement caravan/thief,123,62596,0,18430,3310,5012,123,123,200,200,2,0,normal,1,3,20,81,1462
3447,MOB_THIEF_NPC_12261226,Evenement caravan/thief,123,72529,0,18430,3132,5296,123,123,200,200,2,0,normal,1,3,20,65,1464
3448,MOB_THIEF_NPC_12271227,Evenement caravan/thief,123,72529,0,18430,3220,5152,123,123,200,200,2,0,normal,1,3,20,65,1465
3449,MOB_THIEF_NPC_12281228,Evenement caravan/thief,123,62596,0,18430,3310,5012,123,123,200,200,2,0,normal,1,3,20,71,1466
3450,MOB_THIEF_NPC_12291229,Evenement caravan/thief,123,62596,0,18430,3220,5152,123,123,200,200,2,0,normal,1,3,20,81,1467
3451,MOB_THIEF_NPC_12301230,Evenement caravan/thief,123,62596,0,18430,3132,5296,123,123,200,200,2,0,normal,1,3,20,112,1468
24135,MOV_EV_BEAR_B_123,AUTRE,123,102413,0,73720,2844,4550,123,123,200,200,2,0,normal,1,0,50,75,13410
17640,MOB_EU_HUNTER_NPC_12311231,Europe (Constantinople),124,64308,0,18983,3403,5152,124,124,201,201,2,0,normal,1,3,20,91,7275
17641,MOB_EU_HUNTER_NPC_12321232,Europe (Constantinople),124,64308,0,18983,3403,5152,124,124,201,201,2,0,normal,1,3,20,91,7276
17642,MOB_EU_HUNTER_NPC_12331233,Europe (Constantinople),124,64308,0,18983,3403,5152,124,124,201,201,2,0,normal,1,3,20,91,7277
17643,MOB_EU_HUNTER_NPC_12341234,Europe (Constantinople),124,64308,0,18983,3310,5296,124,124,201,201,2,0,normal,1,3,20,112,7278
17644,MOB_EU_HUNTER_NPC_12351235,Europe (Constantinople),124,64308,0,18983,3310,5296,124,124,201,201,2,0,normal,1,3,20,71,7279
17645,MOB_EU_HUNTER_NPC_12361236,Europe (Constantinople),124,64308,0,18983,3220,5444,124,124,201,201,2,0,normal,1,3,20,81,7280
17646,MOB_EU_HUNTER_NPC_12371237,Europe (Constantinople),124,64308,0,18983,3220,5444,124,124,201,201,2,0,normal,1,3,20,81,7281
17647,MOB_EU_HUNTER_NPC_12381238,Europe (Constantinople),124,64308,0,18983,3220,5444,124,124,201,201,2,0,normal,1,3,20,81,7282
17648,MOB_EU_HUNTER_NPC_12391239,Europe (Constantinople),124,64308,0,18983,3220,5444,124,124,201,201,2,0,normal,1,3,20,81,7283
17649,MOB_EU_HUNTER_NPC_12401240,Europe (Constantinople),124,64308,0,18983,3220,5444,124,124,201,201,2,0,normal,1,3,20,81,7284
16240,MOB_EU_THIEF_NPC_12311231,Europe (Constantinople),124,64308,0,18983,3403,5152,124,124,201,201,2,0,normal,1,3,20,91,5875
16241,MOB_EU_THIEF_NPC_12321232,Europe (Constantinople),124,64308,0,18983,3403,5152,124,124,201,201,2,0,normal,1,3,20,91,5876
16242,MOB_EU_THIEF_NPC_12331233,Europe (Constantinople),124,64308,0,18983,3403,5152,124,124,201,201,2,0,normal,1,3,20,91,5877
16243,MOB_EU_THIEF_NPC_12341234,Europe (Constantinople),124,64308,0,18983,3310,5296,124,124,201,201,2,0,normal,1,3,20,112,5878
16244,MOB_EU_THIEF_NPC_12351235,Europe (Constantinople),124,64308,0,18983,3310,5296,124,124,201,201,2,0,normal,1,3,20,71,5879
16246,MOB_EU_THIEF_NPC_12371237,Europe (Constantinople),124,64308,0,18983,3220,5444,124,124,201,201,2,0,normal,1,3,20,81,5881
16247,MOB_EU_THIEF_NPC_12381238,Europe (Constantinople),124,64308,0,18983,3220,5444,124,124,201,201,2,0,normal,1,3,20,81,5882
16248,MOB_EU_THIEF_NPC_12391239,Europe (Constantinople),124,64308,0,18983,3220,5444,124,124,201,201,2,0,normal,1,3,20,81,5883
16249,MOB_EU_THIEF_NPC_12401240,Europe (Constantinople),124,64308,0,18983,3220,5444,124,124,201,201,2,0,normal,1,3,20,81,5884
22642,MOB_FW_BATTLEGOLEM_124,Forteresse (guerre de forteresse),124,82313760,0,36447713,3497,5012,124,124,201,201,2,3,unique_notice,1,3,42,56,12196
22222,MOB_FW_HYEONGCHEON_124,Forteresse (guerre de forteresse),124,81333867,0,27335784,3310,5296,124,124,201,201,2,3,unique_notice,1,3,23,74,11776
22362,MOB_FW_MUJIGI_124,Forteresse (guerre de forteresse),124,61735320,0,27335784,3310,5296,124,124,201,201,2,3,unique_notice,1,3,38,143,11916
21522,MOB_FW_TAESE_124,Forteresse (guerre de forteresse),124,108445156,0,36447713,3497,5012,124,124,201,201,2,3,unique_notice,1,3,10,34,11076
8815,MOB_HUNTER_NPC_12311231,AUTRE,124,64308,0,18983,3310,5296,124,124,201,201,2,0,normal,1,3,20,66,3348
8816,MOB_HUNTER_NPC_12321232,AUTRE,124,74515,0,18983,3403,5152,124,124,201,201,2,0,normal,1,3,20,66,3349
8817,MOB_HUNTER_NPC_12331233,AUTRE,124,74515,0,18983,3310,5296,124,124,201,201,2,0,normal,1,3,20,71,3350
8818,MOB_HUNTER_NPC_12341234,AUTRE,124,64308,0,18983,3220,5444,124,124,201,201,2,0,normal,1,3,20,81,3351
8819,MOB_HUNTER_NPC_12351235,AUTRE,124,64308,0,18983,3310,5296,124,124,201,201,2,0,normal,1,3,20,112,3352
8820,MOB_HUNTER_NPC_12361236,AUTRE,124,74515,0,18983,3403,5152,124,16777340,201,201,2,0,normal,1,3,20,66,3353
8821,MOB_HUNTER_NPC_12371237,AUTRE,124,64308,0,18983,3310,5296,124,124,201,201,2,0,normal,1,3,20,66,3354
8823,MOB_HUNTER_NPC_12391239,AUTRE,124,64308,0,18983,3310,5296,124,124,201,201,2,0,normal,1,3,20,81,3356
8824,MOB_HUNTER_NPC_12401240,AUTRE,124,64308,0,18983,3403,5152,124,124,201,201,2,0,normal,1,3,20,112,3357
3452,MOB_THIEF_NPC_12311231,Evenement caravan/thief,124,64308,0,18983,3310,5296,124,124,201,201,2,0,normal,1,3,20,66,1469
3454,MOB_THIEF_NPC_12331233,Evenement caravan/thief,124,74515,0,18983,3310,5296,124,124,201,201,2,0,normal,1,3,20,71,1471
3455,MOB_THIEF_NPC_12341234,Evenement caravan/thief,124,64308,0,18983,3220,5444,124,124,201,201,2,0,normal,1,3,20,81,1472
3456,MOB_THIEF_NPC_12351235,Evenement caravan/thief,124,64308,0,18983,3310,5296,124,124,201,201,2,0,normal,1,3,20,112,1473
3457,MOB_THIEF_NPC_12361236,Evenement caravan/thief,124,74515,0,18983,3403,5152,124,124,201,201,2,0,normal,1,3,20,66,1474
3458,MOB_THIEF_NPC_12371237,Evenement caravan/thief,124,64308,0,18983,3310,5296,124,124,201,201,2,0,normal,1,3,20,66,1475
3459,MOB_THIEF_NPC_12381238,Evenement caravan/thief,124,74515,0,18983,3220,5444,124,124,201,201,2,0,normal,1,3,20,71,1476
3460,MOB_THIEF_NPC_12391239,Evenement caravan/thief,124,64308,0,18983,3310,5296,124,124,201,201,2,0,normal,1,3,20,337,1477
3461,MOB_THIEF_NPC_12401240,Evenement caravan/thief,124,64308,0,18983,3403,5152,124,124,201,201,2,0,normal,1,3,20,112,1478
24136,MOV_EV_BEAR_B_124,AUTRE,124,105284,0,75932,2923,4677,124,124,201,201,2,0,normal,1,0,50,75,13411
17650,MOB_EU_HUNTER_NPC_12411241,Europe (Constantinople),125,66062,0,19553,3497,5296,125,125,202,202,2,0,normal,1,3,20,92,7285
17651,MOB_EU_HUNTER_NPC_12421242,Europe (Constantinople),125,66062,0,19553,3497,5296,125,125,202,202,2,0,normal,1,3,20,92,7286
17652,MOB_EU_HUNTER_NPC_12431243,Europe (Constantinople),125,66062,0,19553,3497,5296,125,125,202,202,2,0,normal,1,3,20,92,7287
17653,MOB_EU_HUNTER_NPC_12441244,Europe (Constantinople),125,66062,0,19553,3403,5444,125,125,202,202,2,0,normal,1,3,20,113,7288
17654,MOB_EU_HUNTER_NPC_12451245,Europe (Constantinople),125,66062,0,19553,3403,5444,125,16777341,202,202,2,0,normal,1,3,20,71,7289
17655,MOB_EU_HUNTER_NPC_12461246,Europe (Constantinople),125,66062,0,19553,3310,5596,125,125,202,202,2,0,normal,1,3,20,81,7290
17656,MOB_EU_HUNTER_NPC_12471247,Europe (Constantinople),125,66062,0,19553,3310,5596,125,125,202,202,2,0,normal,1,3,20,81,7291
17657,MOB_EU_HUNTER_NPC_12481248,Europe (Constantinople),125,66062,0,19553,3310,5596,125,125,202,202,2,0,normal,1,3,20,81,7292
17659,MOB_EU_HUNTER_NPC_12501250,Europe (Constantinople),125,66062,0,19553,3310,5596,125,125,202,202,2,0,normal,1,3,20,81,7294
16250,MOB_EU_THIEF_NPC_12411241,Europe (Constantinople),125,66062,0,19553,3497,5296,125,125,202,202,2,0,normal,1,3,20,92,5885
16251,MOB_EU_THIEF_NPC_12421242,Europe (Constantinople),125,66062,0,19553,3497,5296,125,125,202,202,2,0,normal,1,3,20,92,5886
16252,MOB_EU_THIEF_NPC_12431243,Europe (Constantinople),125,66062,0,19553,3497,5296,125,125,202,202,2,0,normal,1,3,20,92,5887
16254,MOB_EU_THIEF_NPC_12451245,Europe (Constantinople),125,66062,0,19553,3403,5444,125,125,202,202,2,0,normal,1,3,20,71,5889
16255,MOB_EU_THIEF_NPC_12461246,Europe (Constantinople),125,66062,0,19553,3310,5596,125,125,202,202,2,0,normal,1,3,20,81,5890
16256,MOB_EU_THIEF_NPC_12471247,Europe (Constantinople),125,66062,0,19553,3310,5596,125,125,202,202,2,0,normal,1,3,20,81,5891
16257,MOB_EU_THIEF_NPC_12481248,Europe (Constantinople),125,66062,0,19553,3310,5596,125,125,202,202,2,0,normal,1,3,20,81,5892
16258,MOB_EU_THIEF_NPC_12491249,Europe (Constantinople),125,66062,0,19553,3310,5596,125,125,202,202,2,0,normal,1,3,20,81,5893
16259,MOB_EU_THIEF_NPC_12501250,Europe (Constantinople),125,66062,0,19553,3310,5596,125,125,202,202,2,0,normal,1,3,20,81,5894
16253,MOB_EU_THIEF_NPC_12541244,Europe (Constantinople),125,66062,0,19553,3403,5444,125,125,202,202,2,0,normal,1,3,20,113,5888
22643,MOB_FW_BATTLEGOLEM_125,Forteresse (guerre de forteresse),125,84559729,0,37541145,3595,5152,125,125,202,202,2,3,unique_notice,1,3,42,56,12197
22223,MOB_FW_HYEONGCHEON_125,Forteresse (guerre de forteresse),125,83560239,0,28155859,3403,5444,125,16777341,202,202,2,3,unique_notice,1,3,23,74,11777
22363,MOB_FW_MUJIGI_125,Forteresse (guerre de forteresse),125,63419797,0,28155859,3403,5444,125,125,202,202,2,3,unique_notice,1,3,38,143,11917
21523,MOB_FW_TAESE_125,Forteresse (guerre de forteresse),125,111413652,0,37541145,3595,5152,125,125,202,202,2,3,unique_notice,1,3,10,34,11077
8825,MOB_HUNTER_NPC_12411241,AUTRE,125,76552,0,19553,3403,5444,125,125,202,202,2,0,normal,1,3,20,66,3358
8826,MOB_HUNTER_NPC_12421242,AUTRE,125,76552,0,19553,3310,5596,125,125,202,202,2,0,normal,1,3,20,66,3359
8827,MOB_HUNTER_NPC_12431243,AUTRE,125,66062,0,19553,3403,5444,125,125,202,202,2,0,normal,1,3,20,71,3360
8828,MOB_HUNTER_NPC_12441244,AUTRE,125,66062,0,19553,3497,5296,125,125,202,202,2,0,normal,1,3,20,81,3361
8829,MOB_HUNTER_NPC_12451245,AUTRE,125,66062,0,19553,3403,5444,125,125,202,202,2,0,normal,1,3,20,113,3362
8830,MOB_HUNTER_NPC_12461246,AUTRE,125,66062,0,19553,3310,5596,125,125,202,202,2,0,normal,1,3,20,66,3363
8831,MOB_HUNTER_NPC_12471247,AUTRE,125,76552,0,19553,3403,5444,125,125,202,202,2,0,normal,1,3,20,66,3364
8832,MOB_HUNTER_NPC_12481248,AUTRE,125,76552,0,19553,3497,5296,125,125,202,202,2,0,normal,1,3,20,71,3365
8833,MOB_HUNTER_NPC_12491249,AUTRE,125,66062,0,19553,3403,5444,125,125,202,202,2,0,normal,1,3,20,81,3366
8834,MOB_HUNTER_NPC_12501250,AUTRE,125,66062,0,19553,3310,5596,125,125,202,202,2,0,normal,1,3,20,113,3367
3462,MOB_THIEF_NPC_11411241,Evenement caravan/thief,125,76552,0,19553,3403,5444,125,125,202,202,2,0,normal,1,3,20,66,1479
3463,MOB_THIEF_NPC_12421242,Evenement caravan/thief,125,76552,0,19553,3310,5596,125,125,202,202,2,0,normal,1,3,20,66,1480
3464,MOB_THIEF_NPC_12431243,Evenement caravan/thief,125,66062,0,19553,3403,5444,125,16777341,202,202,2,0,normal,1,3,20,71,1481
3465,MOB_THIEF_NPC_12441244,Evenement caravan/thief,125,66062,0,19553,3497,5296,125,125,202,202,2,0,normal,1,3,20,81,1482
3466,MOB_THIEF_NPC_12451245,Evenement caravan/thief,125,66062,0,19553,3403,5444,125,125,202,202,2,0,normal,1,3,20,113,1483
3467,MOB_THIEF_NPC_12461246,Evenement caravan/thief,125,66062,0,19553,3310,5596,125,125,202,202,2,0,normal,1,3,20,66,1484
3468,MOB_THIEF_NPC_12471247,Evenement caravan/thief,125,76552,0,19553,3403,5444,125,125,202,202,2,0,normal,1,3,20,66,1485
3470,MOB_THIEF_NPC_12491249,Evenement caravan/thief,125,66062,0,19553,3403,5444,125,125,202,202,2,0,normal,1,3,20,81,1487
3471,MOB_THIEF_NPC_12501250,Evenement caravan/thief,125,66062,0,19553,3310,5596,125,125,202,202,2,0,normal,1,3,20,113,1488
24137,MOV_EV_BEAR_B_125,AUTRE,125,108229,0,78212,3004,4807,125,125,202,202,2,0,normal,1,0,50,75,13412
8840,MMB_HUNTER_NPC_12561256,AUTRE,126,78641,0,20139,3595,5444,126,126,203,203,2,0,normal,1,3,20,66,3373
17668,MOB_EU_HUNTER_NPC_11591259,Europe (Constantinople),126,67861,0,20139,3403,5751,126,126,203,203,2,0,normal,1,3,20,82,7303
17660,MOB_EU_HUNTER_NPC_12511251,Europe (Constantinople),126,67861,0,20139,3595,5444,126,126,203,203,2,0,normal,1,3,20,92,7295
17661,MOB_EU_HUNTER_NPC_12521252,Europe (Constantinople),126,67861,0,20139,3595,5444,126,126,203,203,2,0,normal,1,3,20,92,7296
17662,MOB_EU_HUNTER_NPC_12531253,Europe (Constantinople),126,67861,0,20139,3595,5444,126,126,203,203,2,0,normal,1,3,20,92,7297
17663,MOB_EU_HUNTER_NPC_12541254,Europe (Constantinople),126,67861,0,20139,3497,5596,126,126,203,203,2,0,normal,1,3,20,113,7298
17664,MOB_EU_HUNTER_NPC_12551255,Europe (Constantinople),126,67861,0,20139,3497,5596,126,126,203,203,2,0,normal,1,3,20,71,7299
17665,MOB_EU_HUNTER_NPC_12561256,Europe (Constantinople),126,67861,0,20139,3403,5751,126,126,203,203,2,0,normal,1,3,20,82,7300
17667,MOB_EU_HUNTER_NPC_12581258,Europe (Constantinople),126,67861,0,20139,3403,5751,126,126,203,203,2,0,normal,1,3,20,82,7302
17669,MOB_EU_HUNTER_NPC_12601260,Europe (Constantinople),126,67861,0,20139,3403,5751,126,126,203,203,2,0,normal,1,3,20,82,7304
16260,MOB_EU_THIEF_NPC_12511251,Europe (Constantinople),126,67861,0,20139,3595,5444,126,126,203,203,2,0,normal,1,3,20,92,5895
16261,MOB_EU_THIEF_NPC_12521252,Europe (Constantinople),126,67861,0,20139,3595,5444,126,126,203,203,2,0,normal,1,3,20,92,5896
16262,MOB_EU_THIEF_NPC_12531253,Europe (Constantinople),126,67861,0,20139,3595,5444,126,16777342,203,203,2,0,normal,1,3,20,92,5897
16263,MOB_EU_THIEF_NPC_12541254,Europe (Constantinople),126,67861,0,20139,3497,5596,126,126,203,203,2,0,normal,1,3,20,113,5898
16264,MOB_EU_THIEF_NPC_12551255,Europe (Constantinople),126,67861,0,20139,3497,5596,126,126,203,203,2,0,normal,1,3,20,71,5899
16265,MOB_EU_THIEF_NPC_12561256,Europe (Constantinople),126,67861,0,20139,3403,5751,126,126,203,203,2,0,normal,1,3,20,82,5900
16266,MOB_EU_THIEF_NPC_12571257,Europe (Constantinople),126,67861,0,20139,3403,5751,126,126,203,203,2,0,normal,1,3,20,82,5901
16267,MOB_EU_THIEF_NPC_12581258,Europe (Constantinople),126,67861,0,20139,3403,5751,126,126,203,203,2,0,normal,1,3,20,338,5902
16268,MOB_EU_THIEF_NPC_12591259,Europe (Constantinople),126,67861,0,20139,3403,5751,126,126,203,203,2,0,normal,1,3,20,82,5903
16269,MOB_EU_THIEF_NPC_12601260,Europe (Constantinople),126,67861,0,20139,3403,5751,126,126,203,203,2,0,normal,1,3,20,82,5904
22644,MOB_FW_BATTLEGOLEM_126,Forteresse (guerre de forteresse),126,86862612,0,38667379,3694,5296,126,126,203,203,2,3,unique_notice,1,3,42,56,12198
22224,MOB_FW_HYEONGCHEON_126,Forteresse (guerre de forteresse),126,85843132,0,29000534,3497,5596,126,126,203,203,2,3,unique_notice,1,3,23,74,11778
22364,MOB_FW_MUJIGI_126,Forteresse (guerre de forteresse),126,65146959,0,29000534,3497,5596,126,126,203,203,2,3,unique_notice,1,3,38,143,11918
21524,MOB_FW_TAESE_126,Forteresse (guerre de forteresse),126,114457509,0,38667379,3694,5296,126,126,203,203,2,3,unique_notice,1,3,10,34,11078
8835,MOB_HUNTER_NPC_12511251,AUTRE,126,78641,0,20139,3497,5596,126,126,203,203,2,0,normal,1,3,20,66,3368
8836,MOB_HUNTER_NPC_12521252,AUTRE,126,67861,0,20139,3595,5444,126,126,203,203,2,0,normal,1,3,20,66,3369
8837,MOB_HUNTER_NPC_12531253,AUTRE,126,78641,0,20139,3497,5596,126,126,203,203,2,0,normal,1,3,20,71,3370
8838,MOB_HUNTER_NPC_12541254,AUTRE,126,67861,0,20139,3403,5751,126,126,203,203,2,0,normal,1,3,20,82,3371
8839,MOB_HUNTER_NPC_12551255,AUTRE,126,67861,0,20139,3497,5596,126,126,203,203,2,0,normal,1,3,20,113,3372
8841,MOB_HUNTER_NPC_12571257,AUTRE,126,78641,0,20139,3497,5596,126,126,203,203,2,0,normal,1,3,20,66,3374
8842,MOB_HUNTER_NPC_12581258,AUTRE,126,67861,0,20139,3403,5751,126,126,203,203,2,0,normal,1,3,20,71,3375
8843,MOB_HUNTER_NPC_12591259,AUTRE,126,67861,0,20139,3497,5596,126,126,203,203,2,0,normal,1,3,20,82,3376
8844,MOB_HUNTER_NPC_12601260,AUTRE,126,67861,0,20139,3595,5444,126,16777342,203,203,2,0,normal,1,3,20,113,3377
3479,MOB_THIEF_NPC_11581258,Evenement caravan/thief,126,67861,0,20139,3403,5751,126,126,203,203,2,0,normal,1,3,20,71,1496
3472,MOB_THIEF_NPC_12511251,Evenement caravan/thief,126,78641,0,20139,3497,5596,126,126,203,203,2,0,normal,1,3,20,66,1489
3473,MOB_THIEF_NPC_12521252,Evenement caravan/thief,126,67861,0,20139,3595,5444,126,126,203,203,2,0,normal,1,3,20,66,1490
3474,MOB_THIEF_NPC_12531253,Evenement caravan/thief,126,78641,0,20139,3497,5596,126,126,203,203,2,0,normal,1,3,20,71,1491
3475,MOB_THIEF_NPC_12541254,Evenement caravan/thief,126,67861,0,20139,3403,5751,126,126,203,203,2,0,normal,1,3,20,82,1492
3476,MOB_THIEF_NPC_12551255,Evenement caravan/thief,126,67861,0,20139,3497,5596,126,126,203,203,2,0,normal,1,3,20,113,1493
3477,MOB_THIEF_NPC_12561256,Evenement caravan/thief,126,78641,0,20139,3595,5444,126,126,203,203,2,0,normal,1,3,20,322,1494
3478,MOB_THIEF_NPC_12571257,Evenement caravan/thief,126,78641,0,20139,3497,5596,126,126,203,203,2,0,normal,1,3,20,66,1495
3480,MOB_THIEF_NPC_12591259,Evenement caravan/thief,126,67861,0,20139,3497,5596,126,126,203,203,2,0,normal,1,3,20,82,1497
3481,MOB_THIEF_NPC_12601260,Evenement caravan/thief,126,67861,0,20139,3595,5444,126,126,203,203,2,0,normal,1,3,20,113,1498
24138,MOV_EV_BEAR_B_126,AUTRE,126,111249,0,80556,3087,4940,126,126,203,203,2,0,normal,1,0,50,75,13413
17670,MOB_EU_HUNTER_NPC_12611261,Europe (Constantinople),127,69706,0,20743,3694,5596,127,127,204,204,2,0,normal,1,3,20,92,7305
17671,MOB_EU_HUNTER_NPC_12621262,Europe (Constantinople),127,69706,0,20743,3694,5596,127,127,204,204,2,0,normal,1,3,20,92,7306
17672,MOB_EU_HUNTER_NPC_12631263,Europe (Constantinople),127,69706,0,20743,3694,5596,127,127,204,204,2,0,normal,1,3,20,92,7307
17673,MOB_EU_HUNTER_NPC_12641264,Europe (Constantinople),127,69706,0,20743,3595,5751,127,127,204,204,2,0,normal,1,3,20,114,7308
17674,MOB_EU_HUNTER_NPC_12651265,Europe (Constantinople),127,69706,0,20743,3595,5751,127,127,204,204,2,0,normal,1,3,20,71,7309
17675,MOB_EU_HUNTER_NPC_12661266,Europe (Constantinople),127,69706,0,20743,3497,5911,127,127,204,204,2,0,normal,1,3,20,82,7310
17676,MOB_EU_HUNTER_NPC_12671267,Europe (Constantinople),127,69706,0,20743,3497,5911,127,127,204,204,2,0,normal,1,3,20,82,7311
17677,MOB_EU_HUNTER_NPC_12681268,Europe (Constantinople),127,69706,0,20743,3497,5911,127,127,204,204,2,0,normal,1,3,20,82,7312
17678,MOB_EU_HUNTER_NPC_12691269,Europe (Constantinople),127,69706,0,20743,3497,5911,127,16777343,204,204,2,0,normal,1,3,20,82,7313
17679,MOB_EU_HUNTER_NPC_12701270,Europe (Constantinople),127,69706,0,20743,3497,5911,127,127,204,204,2,0,normal,1,3,20,82,7314
16270,MOB_EU_THIEF_NPC_12611261,Europe (Constantinople),127,69706,0,20743,3694,5596,127,127,204,204,2,0,normal,1,3,20,92,5905
16271,MOB_EU_THIEF_NPC_12621262,Europe (Constantinople),127,69706,0,20743,3694,5596,127,127,204,204,2,0,normal,1,3,20,92,5906
16272,MOB_EU_THIEF_NPC_12631263,Europe (Constantinople),127,69706,0,20743,3694,5596,127,127,204,204,2,0,normal,1,3,20,92,5907
16273,MOB_EU_THIEF_NPC_12641264,Europe (Constantinople),127,69706,0,20743,3595,5751,127,127,204,204,2,0,normal,1,3,20,114,5908
16274,MOB_EU_THIEF_NPC_12651265,Europe (Constantinople),127,69706,0,20743,3595,5751,127,127,204,204,2,0,normal,1,3,20,71,5909
16275,MOB_EU_THIEF_NPC_12661266,Europe (Constantinople),127,69706,0,20743,3497,5911,127,127,204,204,2,0,normal,1,3,20,82,5910
16276,MOB_EU_THIEF_NPC_12671267,Europe (Constantinople),127,69706,0,20743,3497,5911,127,127,204,204,2,0,normal,1,3,20,82,5911
16277,MOB_EU_THIEF_NPC_12681268,Europe (Constantinople),127,69706,0,20743,3497,5911,127,127,204,204,2,0,normal,1,3,20,82,5912
16278,MOB_EU_THIEF_NPC_12691269,Europe (Constantinople),127,69706,0,20743,3497,5911,127,127,204,204,2,0,normal,1,3,20,82,5913
16279,MOB_EU_THIEF_NPC_12701270,Europe (Constantinople),127,69706,0,20743,3497,5911,127,127,204,204,2,0,normal,1,3,20,82,5914
22645,MOB_FW_BATTLEGOLEM_127,Forteresse (guerre de forteresse),127,89223787,0,39827400,3796,5444,127,127,204,204,2,3,unique_notice,1,3,42,56,12199
22225,MOB_FW_HYEONGCHEON_127,Forteresse (guerre de forteresse),127,88183916,0,29870550,3595,5751,127,127,204,204,2,3,unique_notice,1,3,23,74,11779
22365,MOB_FW_MUJIGI_127,Forteresse (guerre de forteresse),127,66917840,0,29870550,3595,5751,127,127,204,204,2,3,unique_notice,1,3,38,143,11919
8845,MOB_HUNTER_NPC_12611261,AUTRE,127,69706,0,20743,3595,5751,127,127,204,204,2,0,normal,1,3,20,66,3378
8845,MOB_HUNTER_NPC_12611261,AUTRE,127,69706,0,20743,3595,5751,127,127,204,204,2,0,normal,1,3,20,66,3378
8846,MOB_HUNTER_NPC_12621262,AUTRE,127,80782,0,20743,3497,5911,127,127,204,204,2,0,normal,1,3,20,66,3379
8847,MOB_HUNTER_NPC_12631263,AUTRE,127,80782,0,20743,3595,5751,127,127,204,204,2,0,normal,1,3,20,71,3380
8848,MOB_HUNTER_NPC_12641264,AUTRE,127,69706,0,20743,3694,5596,127,127,204,204,2,0,normal,1,3,20,82,3381
8849,MOB_HUNTER_NPC_12651265,AUTRE,127,69706,0,20743,3595,5751,127,127,204,204,2,0,normal,1,3,20,114,3382
8850,MOB_HUNTER_NPC_12661266,AUTRE,127,80782,0,20743,3497,5911,127,127,204,204,2,0,normal,1,3,20,66,3383
8851,MOB_HUNTER_NPC_12671267,AUTRE,127,69706,0,20743,3595,5751,127,127,204,204,2,0,normal,1,3,20,66,3384
8852,MOB_HUNTER_NPC_12681268,AUTRE,127,80782,0,20743,3694,5596,127,127,204,204,2,0,normal,1,3,20,71,3385
8853,MOB_HUNTER_NPC_12691269,AUTRE,127,69706,0,20743,3595,5751,127,127,204,204,2,0,normal,1,3,20,82,3386
3482,MOB_THIEF_NPC_12611261,Evenement caravan/thief,127,69706,0,20743,3595,5751,127,127,204,204,2,0,normal,1,3,20,66,1499
3483,MOB_THIEF_NPC_12621262,Evenement caravan/thief,127,80782,0,20743,3497,5911,127,127,204,204,2,0,normal,1,3,20,66,1500
3484,MOB_THIEF_NPC_12631263,Evenement caravan/thief,127,80782,0,20743,3595,5751,127,127,204,204,2,0,normal,1,3,20,71,1501
3485,MOB_THIEF_NPC_12641264,Evenement caravan/thief,127,69706,0,20743,3694,5596,127,127,204,204,2,0,normal,1,3,20,82,1502
3487,MOB_THIEF_NPC_12661266,Evenement caravan/thief,127,80782,0,20743,3497,5911,127,127,204,204,2,0,normal,1,3,20,66,1504
3488,MOB_THIEF_NPC_12671267,Evenement caravan/thief,127,69706,0,20743,3595,5751,127,16777343,204,204,2,0,normal,1,3,20,66,1505
3489,MOB_THIEF_NPC_12681268,Evenement caravan/thief,127,80782,0,20743,3694,5596,127,127,204,204,2,0,normal,1,3,20,71,1506
3490,MOB_THIEF_NPC_12691269,Evenement caravan/thief,127,69706,0,20743,3595,5751,127,127,204,204,2,0,normal,1,3,20,82,1507
3491,MOB_THIEF_NPC_12701270,Evenement caravan/thief,127,69706,0,20743,3497,5911,127,127,204,204,2,0,normal,1,3,20,114,1508
24139,MOV_EV_BEAR_B_127,AUTRE,127,114347,0,82972,3173,5077,127,127,204,204,2,0,normal,1,0,50,75,13414
17680,MOB_EU_HUNTER_NPC_12711271,Europe (Constantinople),128,71597,0,21366,3796,5751,128,128,205,205,2,0,normal,1,3,20,93,7315
17681,MOB_EU_HUNTER_NPC_12721272,Europe (Constantinople),128,71597,0,21366,3796,5751,128,128,205,205,2,0,normal,1,3,20,93,7316
17682,MOB_EU_HUNTER_NPC_12731273,Europe (Constantinople),128,71597,0,21366,3796,5751,128,128,205,205,2,0,normal,1,3,20,93,7317
17683,MOB_EU_HUNTER_NPC_12741274,Europe (Constantinople),128,71597,0,21366,3694,5911,128,128,205,205,2,0,normal,1,3,20,114,7318
17684,MOB_EU_HUNTER_NPC_12751275,Europe (Constantinople),128,71597,0,21366,3694,5911,128,128,205,205,2,0,normal,1,3,20,71,7319
17685,MOB_EU_HUNTER_NPC_12761276,Europe (Constantinople),128,71597,0,21366,3595,6074,128,128,205,205,2,0,normal,1,3,20,82,7320
17686,MOB_EU_HUNTER_NPC_12771277,Europe (Constantinople),128,71597,0,21366,3595,6074,128,128,205,205,2,0,normal,1,3,20,82,7321
17687,MOB_EU_HUNTER_NPC_12781278,Europe (Constantinople),128,71597,0,21366,3595,6074,128,128,205,205,2,0,normal,1,3,20,82,7322
17688,MOB_EU_HUNTER_NPC_12791279,Europe (Constantinople),128,71597,0,21366,3595,6074,128,128,205,205,2,0,normal,1,3,20,82,7323
16280,MOB_EU_THIEF_NPC_12711271,Europe (Constantinople),128,71597,0,21366,3796,5751,128,128,205,205,2,0,normal,1,3,20,93,5915
16281,MOB_EU_THIEF_NPC_12721272,Europe (Constantinople),128,71597,0,21366,3796,5751,128,128,205,205,2,0,normal,1,3,20,93,5916
16282,MOB_EU_THIEF_NPC_12731273,Europe (Constantinople),128,71597,0,21366,3796,5751,128,128,205,205,2,0,normal,1,3,20,93,5917
16283,MOB_EU_THIEF_NPC_12741274,Europe (Constantinople),128,71597,0,21366,3694,5911,128,128,205,205,2,0,normal,1,3,20,114,5918
16284,MOB_EU_THIEF_NPC_12751275,Europe (Constantinople),128,71597,0,21366,3694,5911,128,128,205,205,2,0,normal,1,3,20,71,5919
16285,MOB_EU_THIEF_NPC_12761276,Europe (Constantinople),128,71597,0,21366,3595,6074,128,128,205,205,2,0,normal,1,3,20,82,5920
16286,MOB_EU_THIEF_NPC_12771277,Europe (Constantinople),128,71597,0,21366,3595,6074,128,16777344,205,205,2,0,normal,1,3,20,82,5921
16287,MOB_EU_THIEF_NPC_12781278,Europe (Constantinople),128,71597,0,21366,3595,6074,128,128,205,205,2,0,normal,1,3,20,82,5922
16288,MOB_EU_THIEF_NPC_12791279,Europe (Constantinople),128,71597,0,21366,3595,6074,128,128,205,205,2,0,normal,1,3,20,82,5923
16289,MOB_EU_THIEF_NPC_12801280,Europe (Constantinople),128,71597,0,21366,3595,6074,128,128,205,205,2,0,normal,1,3,20,82,5924
22646,MOB_FW_BATTLEGOLEM_128,Forteresse (guerre de forteresse),128,91644663,0,41022221,3901,5596,128,128,205,205,2,3,unique_notice,1,3,42,56,12200
22366,MOB_FW_MUJIGI_128,Forteresse (guerre de forteresse),128,68733497,0,30766666,3694,5911,128,128,205,205,2,3,unique_notice,1,3,38,143,11920
21526,MOB_FW_TAESE_128,Forteresse (guerre de forteresse),128,120778660,0,41022221,3901,5596,128,128,205,205,2,3,unique_notice,1,3,10,34,11080
8855,MOB_HUNTER_NPC_12711271,AUTRE,128,82978,0,21366,3694,5911,128,128,205,205,2,0,normal,1,3,20,66,3388
8856,MOB_HUNTER_NPC_12721272,AUTRE,128,82978,0,21366,3796,5751,128,128,205,205,2,0,normal,1,3,20,66,3389
8857,MOB_HUNTER_NPC_12731273,AUTRE,128,71597,0,21366,3694,5911,128,128,205,205,2,0,normal,1,3,20,71,3390
8858,MOB_HUNTER_NPC_12741274,AUTRE,128,71597,0,21366,3595,6074,128,128,205,205,2,0,normal,1,3,20,82,3391
8859,MOB_HUNTER_NPC_12751275,AUTRE,128,71597,0,21366,3694,5911,128,128,205,205,2,0,normal,1,3,20,114,3392
8860,MOB_HUNTER_NPC_12761276,AUTRE,128,71597,0,21366,3796,5751,128,128,205,205,2,0,normal,1,3,20,66,3393
8861,MOB_HUNTER_NPC_12771277,AUTRE,128,82978,0,21366,3694,5911,128,128,205,205,2,0,normal,1,3,20,66,3394
8862,MOB_HUNTER_NPC_12781278,AUTRE,128,82978,0,21366,3595,6074,128,128,205,205,2,0,normal,1,3,20,71,3395
8863,MOB_HUNTER_NPC_12791279,AUTRE,128,71597,0,21366,3694,5911,128,128,205,205,2,0,normal,1,3,20,82,3396
8864,MOB_HUNTER_NPC_12801280,AUTRE,128,71597,0,21366,3796,5751,128,128,205,205,2,0,normal,1,3,20,114,3397
3495,MOB_THIEF_NPC_11741274,Evenement caravan/thief,128,71597,0,21366,3595,6074,128,128,205,205,2,0,normal,1,3,20,82,1512
3492,MOB_THIEF_NPC_12711271,Evenement caravan/thief,128,82978,0,21366,3694,5911,128,128,205,205,2,0,normal,1,3,20,66,1509
3493,MOB_THIEF_NPC_12721272,Evenement caravan/thief,128,82978,0,21366,3796,5751,128,128,205,205,2,0,normal,1,3,20,322,1510
3494,MOB_THIEF_NPC_12731273,Evenement caravan/thief,128,71597,0,21366,3694,5911,128,128,205,205,2,0,normal,1,3,20,71,1511
3496,MOB_THIEF_NPC_12751275,Evenement caravan/thief,128,71597,0,21366,3694,5911,128,128,205,205,2,0,normal,1,3,20,114,1513
3497,MOB_THIEF_NPC_12761276,Evenement caravan/thief,128,71597,0,21366,3796,5751,128,128,205,205,2,0,normal,1,3,20,66,1514
3498,MOB_THIEF_NPC_12771277,Evenement caravan/thief,128,82978,0,21366,3694,5911,128,128,205,205,2,0,normal,1,3,20,66,1515
3499,MOB_THIEF_NPC_12781278,Evenement caravan/thief,128,82978,0,21366,3595,6074,128,128,205,205,2,0,normal,1,3,20,71,1516
3500,MOB_THIEF_NPC_12791279,Evenement caravan/thief,128,71597,0,21366,3694,5911,128,128,205,205,2,0,normal,1,3,20,82,1517
3501,MOB_THIEF_NPC_12801280,Evenement caravan/thief,128,71597,0,21366,3796,5751,128,128,205,205,2,0,normal,1,3,20,114,1518
24140,MOV_EV_BEAR_B_128,AUTRE,128,117524,0,85464,3261,5217,128,128,205,205,2,0,normal,1,0,50,75,13415
8872,MMB_HUNTER_NPC_12881288,AUTRE,129,73536,0,22007,3901,5911,129,129,206,206,2,0,normal,1,3,20,72,3405
17699,MOB_EU_HUNTER_NPC_11901290,Europe (Constantinople),129,73536,0,22007,3694,6242,129,129,206,206,2,0,normal,1,3,20,82,7334
17690,MOB_EU_HUNTER_NPC_12811281,Europe (Constantinople),129,73536,0,22007,3901,5911,129,129,206,206,2,0,normal,1,3,20,93,7325
17691,MOB_EU_HUNTER_NPC_12821282,Europe (Constantinople),129,73536,0,22007,3901,5911,129,129,206,206,2,0,normal,1,3,20,93,7326
17692,MOB_EU_HUNTER_NPC_12831283,Europe (Constantinople),129,73536,0,22007,3901,5911,129,129,206,206,2,0,normal,1,3,20,93,7327
17693,MOB_EU_HUNTER_NPC_12841284,Europe (Constantinople),129,73536,0,22007,3796,6074,129,129,206,206,2,0,normal,1,3,20,115,7328
17694,MOB_EU_HUNTER_NPC_12851285,Europe (Constantinople),129,73536,0,22007,3796,6074,129,129,206,206,2,0,normal,1,3,20,72,7329
17695,MOB_EU_HUNTER_NPC_12861286,Europe (Constantinople),129,73536,0,22007,3694,6242,129,129,206,206,2,0,normal,1,3,20,82,7330
17696,MOB_EU_HUNTER_NPC_12871287,Europe (Constantinople),129,73536,0,22007,3694,6242,129,129,206,206,2,0,normal,1,3,20,82,7331
17697,MOB_EU_HUNTER_NPC_12881288,Europe (Constantinople),129,73536,0,22007,3694,6242,129,129,206,206,2,0,normal,1,3,20,82,7332
17698,MOB_EU_HUNTER_NPC_12891289,Europe (Constantinople),129,73536,0,22007,3694,6242,129,129,206,206,2,0,normal,1,3,20,82,7333
16290,MOB_EU_THIEF_NPC_12811281,Europe (Constantinople),129,73536,0,22007,3901,5911,129,129,206,206,2,0,normal,1,3,20,93,5925
16291,MOB_EU_THIEF_NPC_12821282,Europe (Constantinople),129,73536,0,22007,3901,5911,129,129,206,206,2,0,normal,1,3,20,93,5926
16292,MOB_EU_THIEF_NPC_12831283,Europe (Constantinople),129,73536,0,22007,3901,5911,129,129,206,206,2,0,normal,1,3,20,93,5927
16293,MOB_EU_THIEF_NPC_12841284,Europe (Constantinople),129,73536,0,22007,3796,6074,129,129,206,206,2,0,normal,1,3,20,115,5928
16294,MOB_EU_THIEF_NPC_12851285,Europe (Constantinople),129,73536,0,22007,3796,6074,129,129,206,206,2,0,normal,1,3,20,72,5929
16295,MOB_EU_THIEF_NPC_12861286,Europe (Constantinople),129,73536,0,22007,3694,6242,129,129,206,206,2,0,normal,1,3,20,82,5930
16296,MOB_EU_THIEF_NPC_12871287,Europe (Constantinople),129,73536,0,22007,3694,6242,129,129,206,206,2,0,normal,1,3,20,82,5931
16297,MOB_EU_THIEF_NPC_12881288,Europe (Constantinople),129,73536,0,22007,3694,6242,129,129,206,206,2,0,normal,1,3,20,82,5932
16298,MOB_EU_THIEF_NPC_12891289,Europe (Constantinople),129,73536,0,22007,3694,6242,129,129,206,206,2,0,normal,1,3,20,338,5933
16299,MOB_EU_THIEF_NPC_12901290,Europe (Constantinople),129,73536,0,22007,3694,6242,129,129,206,206,2,0,normal,1,3,20,82,5934
22647,MOB_FW_BATTLEGOLEM_129,Forteresse (guerre de forteresse),129,94126684,0,42252889,4009,5751,129,129,206,206,2,3,unique_notice,1,3,42,56,12201
22227,MOB_FW_HYEONGCHEON_129,Forteresse (guerre de forteresse),129,93044804,0,31689667,3796,6074,129,129,206,206,2,3,unique_notice,1,3,23,74,11781
22367,MOB_FW_MUJIGI_129,Forteresse (guerre de forteresse),129,70595013,0,31689667,3796,6074,129,16777345,206,206,2,3,unique_notice,1,3,38,143,11921
21527,MOB_FW_TAESE_129,Forteresse (guerre de forteresse),129,124059738,0,42252889,4009,5751,129,16777345,206,206,2,3,unique_notice,1,3,10,34,11081
8865,MOB_HUNTER_NPC_12811281,AUTRE,129,85229,0,22007,3796,6074,129,129,206,206,2,0,normal,1,3,20,66,3398
8866,MOB_HUNTER_NPC_12821282,AUTRE,129,73536,0,22007,3694,6242,129,129,206,206,2,0,normal,1,3,20,66,3399
8867,MOB_HUNTER_NPC_12831283,AUTRE,129,85229,0,22007,3796,6074,129,129,206,206,2,0,normal,1,3,20,72,3400
8868,MOB_HUNTER_NPC_12841284,AUTRE,129,73536,0,22007,3901,5911,129,16777345,206,206,2,0,normal,1,3,20,82,3401
8869,MOB_HUNTER_NPC_12851285,AUTRE,129,73536,0,22007,3796,6074,129,129,206,206,2,0,normal,1,3,20,115,3402
8870,MOB_HUNTER_NPC_12861286,AUTRE,129,85229,0,22007,3694,6242,129,129,206,206,2,0,normal,1,3,20,66,3403
8871,MOB_HUNTER_NPC_12871287,AUTRE,129,85229,0,22007,3796,6074,129,129,206,206,2,0,normal,1,3,20,66,3404
8873,MOB_HUNTER_NPC_12891289,AUTRE,129,73536,0,22007,3796,6074,129,129,206,206,2,0,normal,1,3,20,82,3406
8874,MOB_HUNTER_NPC_12901290,AUTRE,129,73536,0,22007,3694,6242,129,129,206,206,2,0,normal,1,3,20,115,3407
3503,MOB_THIEF_NPC_12821282,Evenement caravan/thief,129,73536,0,22007,3694,6242,129,129,206,206,2,0,normal,1,3,20,66,1520
3504,MOB_THIEF_NPC_12831283,Evenement caravan/thief,129,85229,0,22007,3796,6074,129,129,206,206,2,0,normal,1,3,20,72,1521
3505,MOB_THIEF_NPC_12841284,Evenement caravan/thief,129,73536,0,22007,3901,5911,129,129,206,206,2,0,normal,1,3,20,82,1522
3506,MOB_THIEF_NPC_12851285,Evenement caravan/thief,129,73536,0,22007,3796,6074,129,129,206,206,2,0,normal,1,3,20,115,1523
3507,MOB_THIEF_NPC_12861286,Evenement caravan/thief,129,85229,0,22007,3694,6242,129,129,206,206,2,0,normal,1,3,20,66,1524
3508,MOB_THIEF_NPC_12871287,Evenement caravan/thief,129,85229,0,22007,3796,6074,129,129,206,206,2,0,normal,1,3,20,66,1525
3509,MOB_THIEF_NPC_12881288,Evenement caravan/thief,129,73536,0,22007,3901,5911,129,129,206,206,2,0,normal,1,3,20,72,1526
3510,MOB_THIEF_NPC_12891289,Evenement caravan/thief,129,73536,0,22007,3796,6074,129,129,206,206,2,0,normal,1,3,20,338,1527
3511,MOB_THIEF_NPC_12901290,Evenement caravan/thief,129,73536,0,22007,3694,6242,129,129,206,206,2,0,normal,1,3,20,115,1528
24141,MOV_EV_BEAR_B_129,AUTRE,129,120783,0,88028,3350,5361,129,129,206,206,2,0,normal,1,0,50,75,13416
17700,MOB_EU_HUNTER_NPC_12911291,Europe (Constantinople),130,75524,0,22667,4009,6074,130,130,207,207,2,0,normal,1,3,20,93,7335
17701,MOB_EU_HUNTER_NPC_12921292,Europe (Constantinople),130,75524,0,22667,4009,6074,130,130,207,207,2,0,normal,1,3,20,93,7336
17702,MOB_EU_HUNTER_NPC_12931293,Europe (Constantinople),130,75524,0,22667,4009,6074,130,16777346,207,207,2,0,normal,1,3,20,93,7337
17703,MOB_EU_HUNTER_NPC_12941294,Europe (Constantinople),130,75524,0,22667,3901,6242,130,130,207,207,2,0,normal,1,3,20,115,7338
17704,MOB_EU_HUNTER_NPC_12951295,Europe (Constantinople),130,75524,0,22667,3901,6242,130,130,207,207,2,0,normal,1,3,20,72,7339
17705,MOB_EU_HUNTER_NPC_12961296,Europe (Constantinople),130,75524,0,22667,3796,6414,130,130,207,207,2,0,normal,1,3,20,83,7340
17706,MOB_EU_HUNTER_NPC_12971297,Europe (Constantinople),130,75524,0,22667,3796,6414,130,130,207,207,2,0,normal,1,1,20,83,7341
17707,MOB_EU_HUNTER_NPC_12981298,Europe (Constantinople),130,75524,0,22667,3796,6414,130,130,207,207,2,0,normal,1,3,20,83,7342
17708,MOB_EU_HUNTER_NPC_12991299,Europe (Constantinople),130,75524,0,22667,3796,6414,130,130,207,207,2,0,normal,1,3,20,83,7343
17709,MOB_EU_HUNTER_NPC_13001300,Europe (Constantinople),130,75524,0,22667,3796,6414,130,130,207,207,2,0,normal,1,3,20,83,7344
16301,MOB_EU_THIEF_NPC_12921292,Europe (Constantinople),130,75524,0,22667,4009,6074,130,130,207,207,2,0,normal,1,3,20,93,5936
16302,MOB_EU_THIEF_NPC_12931293,Europe (Constantinople),130,75524,0,22667,4009,6074,130,130,207,207,2,0,normal,1,3,20,93,5937
16303,MOB_EU_THIEF_NPC_12941294,Europe (Constantinople),130,75524,0,22667,3901,6242,130,130,207,207,2,0,normal,1,3,20,115,5938
16304,MOB_EU_THIEF_NPC_12951295,Europe (Constantinople),130,75524,0,22667,3901,6242,130,130,207,207,2,0,normal,1,3,20,72,5939
16305,MOB_EU_THIEF_NPC_12961296,Europe (Constantinople),130,75524,0,22667,3796,6414,130,130,207,207,2,0,normal,1,3,20,83,5940
16306,MOB_EU_THIEF_NPC_12971297,Europe (Constantinople),130,75524,0,22667,3796,6414,130,130,207,207,2,0,normal,1,3,20,83,5941
16307,MOB_EU_THIEF_NPC_12981298,Europe (Constantinople),130,75524,0,22667,3796,6414,130,130,207,207,2,0,normal,1,3,20,83,5942
16308,MOB_EU_THIEF_NPC_12991299,Europe (Constantinople),130,75524,0,22667,3796,6414,130,130,207,207,2,0,normal,1,3,20,83,5943
16309,MOB_EU_THIEF_NPC_13001300,Europe (Constantinople),130,75524,0,22667,3796,6414,130,130,207,207,2,0,normal,1,3,20,83,5944
22648,MOB_FW_BATTLEGOLEM_130,Forteresse (guerre de forteresse),130,96671329,0,43520475,4119,5911,130,130,207,207,2,3,unique_notice,1,3,42,56,12202
22228,MOB_FW_HYEONGCHEON_130,Forteresse (guerre de forteresse),130,95567811,0,32640356,3901,6242,130,130,207,207,2,3,unique_notice,1,3,23,74,11782
22368,MOB_FW_MUJIGI_130,Forteresse (guerre de forteresse),130,72503497,0,32640356,3901,6242,130,130,207,207,2,3,unique_notice,1,3,38,143,11922
21528,MOB_FW_TAESE_130,Forteresse (guerre de forteresse),130,127423748,0,43520475,4119,5911,130,130,207,207,2,3,unique_notice,1,3,10,34,11082
8875,MOB_HUNTER_NPC_12911291,AUTRE,130,75524,0,22667,3901,6242,130,130,207,207,2,0,normal,1,3,20,66,3408
8876,MOB_HUNTER_NPC_12921292,AUTRE,130,87537,0,22667,4009,6074,130,130,207,207,2,0,normal,1,3,20,66,3409
8877,MOB_HUNTER_NPC_12931293,AUTRE,130,87537,0,22667,3901,6242,130,130,207,207,2,0,normal,1,3,20,72,3410
8877,MOB_HUNTER_NPC_12931293,AUTRE,130,87537,0,22667,3901,6242,130,130,207,207,2,0,normal,1,3,20,72,3410
8878,MOB_HUNTER_NPC_12941294,AUTRE,130,75524,0,22667,3796,6414,130,130,207,207,2,0,normal,1,3,20,83,3411
8879,MOB_HUNTER_NPC_12951295,AUTRE,130,75524,0,22667,3901,6242,130,130,207,207,2,0,normal,1,3,20,115,3412
8880,MOB_HUNTER_NPC_12961296,AUTRE,130,87537,0,22667,4009,6074,130,130,207,207,2,0,normal,1,3,20,66,3413
8881,MOB_HUNTER_NPC_12971297,AUTRE,130,75524,0,22667,3901,6242,130,130,207,207,2,0,normal,1,3,20,66,3414
8882,MOB_HUNTER_NPC_12981298,AUTRE,130,87537,0,22667,3796,6414,130,130,207,207,2,0,normal,1,3,20,72,3415
8883,MOB_HUNTER_NPC_12991299,AUTRE,130,75524,0,22667,3901,6242,130,130,207,207,2,0,normal,1,3,20,83,3416
8884,MOB_HUNTER_NPC_13001300,AUTRE,130,75524,0,22667,4009,6074,130,130,207,207,2,0,normal,1,3,20,115,3417
3512,MOB_THIEF_NPC_11911291,Evenement caravan/thief,130,75524,0,22667,3901,6242,130,16777346,207,207,2,0,normal,1,3,20,66,1529
3513,MOB_THIEF_NPC_12921292,Evenement caravan/thief,130,87537,0,22667,4009,6074,130,130,207,207,2,0,normal,1,3,20,66,1530
3514,MOB_THIEF_NPC_12931293,Evenement caravan/thief,130,87537,0,22667,3901,6242,130,130,207,207,2,0,normal,1,3,20,72,1531
3515,MOB_THIEF_NPC_12941294,Evenement caravan/thief,130,75524,0,22667,3796,6414,130,130,207,207,2,0,normal,1,3,20,83,1532
3516,MOB_THIEF_NPC_12951295,Evenement caravan/thief,130,75524,0,22667,3901,6242,130,130,207,207,2,0,normal,1,3,20,115,1533
3517,MOB_THIEF_NPC_12961296,Evenement caravan/thief,130,87537,0,22667,4009,6074,130,130,207,207,2,0,normal,1,3,20,66,1534
3518,MOB_THIEF_NPC_12971297,Evenement caravan/thief,130,75524,0,22667,3901,6242,130,130,207,207,2,0,normal,1,3,20,66,1535
3520,MOB_THIEF_NPC_12991299,Evenement caravan/thief,130,75524,0,22667,3901,6242,130,130,207,207,2,0,normal,1,3,20,83,1537
3521,MOB_THIEF_NPC_13001300,Evenement caravan/thief,130,75524,0,22667,4009,6074,130,130,207,207,2,0,normal,1,3,20,115,1538
24142,MOV_EV_BEAR_B_130,AUTRE,130,124125,0,90668,3442,5508,130,130,207,207,2,0,normal,1,0,50,75,13417
17710,MOB_EU_HUNTER_NPC_13011301,Europe (Constantinople),131,77563,0,23347,4119,6242,131,131,208,208,2,0,normal,1,3,20,94,7345
17711,MOB_EU_HUNTER_NPC_13021302,Europe (Constantinople),131,77563,0,23347,4119,6242,131,131,208,208,2,0,normal,1,3,20,94,7346
17712,MOB_EU_HUNTER_NPC_13031303,Europe (Constantinople),131,77563,0,23347,4119,6242,131,131,208,208,2,0,normal,1,3,20,94,7347
17713,MOB_EU_HUNTER_NPC_13041304,Europe (Constantinople),131,77563,0,23347,4009,6414,131,131,208,208,2,0,normal,1,3,20,116,7348
17714,MOB_EU_HUNTER_NPC_13051305,Europe (Constantinople),131,77563,0,23347,4009,6414,131,131,208,208,2,0,normal,1,3,20,72,7349
17715,MOB_EU_HUNTER_NPC_13061306,Europe (Constantinople),131,77563,0,23347,3901,6591,131,131,208,208,2,0,normal,1,3,20,83,7350
17716,MOB_EU_HUNTER_NPC_13071307,Europe (Constantinople),131,77563,0,23347,3901,6591,131,131,208,208,2,0,normal,1,3,20,83,7351
17717,MOB_EU_HUNTER_NPC_13081308,Europe (Constantinople),131,77563,0,23347,3901,6591,131,131,208,208,2,0,normal,1,3,20,83,7352
17718,MOB_EU_HUNTER_NPC_13091309,Europe (Constantinople),131,77563,0,23347,3901,6591,131,131,208,208,2,0,normal,1,3,20,83,7353
17719,MOB_EU_HUNTER_NPC_13101310,Europe (Constantinople),131,77563,0,23347,3901,6591,131,131,208,208,2,0,normal,1,3,20,83,7354
16310,MOB_EU_THIEF_NPC_13011301,Europe (Constantinople),131,77563,0,23347,4119,6242,131,16777347,208,208,2,0,normal,1,3,20,94,5945
16311,MOB_EU_THIEF_NPC_13021302,Europe (Constantinople),131,77563,0,23347,4119,6242,131,131,208,208,2,0,normal,1,3,20,94,5946
16312,MOB_EU_THIEF_NPC_13031303,Europe (Constantinople),131,77563,0,23347,4119,6242,131,131,208,208,2,0,normal,1,3,20,94,5947
16314,MOB_EU_THIEF_NPC_13051305,Europe (Constantinople),131,77563,0,23347,4009,6414,131,131,208,208,2,0,normal,1,3,20,72,5949
16315,MOB_EU_THIEF_NPC_13061306,Europe (Constantinople),131,77563,0,23347,3901,6591,131,131,208,208,2,0,normal,1,3,20,83,5950
16316,MOB_EU_THIEF_NPC_13071307,Europe (Constantinople),131,77563,0,23347,3901,6591,131,131,208,208,2,0,normal,1,3,20,83,5951
16317,MOB_EU_THIEF_NPC_13081308,Europe (Constantinople),131,77563,0,23347,3901,6591,131,131,208,208,2,0,normal,1,3,20,83,5952
16318,MOB_EU_THIEF_NPC_13091309,Europe (Constantinople),131,77563,0,23347,3901,6591,131,131,208,208,2,0,normal,1,3,20,83,5953
16319,MOB_EU_THIEF_NPC_13101310,Europe (Constantinople),131,77563,0,23347,3901,6591,131,131,208,208,2,0,normal,1,3,20,83,5954
22649,MOB_FW_BATTLEGOLEM_131,Forteresse (guerre de forteresse),131,99280109,0,44826090,4232,6074,131,131,208,208,2,3,unique_notice,1,3,42,56,12203
22229,MOB_FW_HYEONGCHEON_131,Forteresse (guerre de forteresse),131,98154520,0,33619568,4009,6414,131,131,208,208,2,3,unique_notice,1,3,23,74,11783
22369,MOB_FW_MUJIGI_131,Forteresse (guerre de forteresse),131,74460082,0,33619568,4009,6414,131,131,208,208,2,3,unique_notice,1,3,38,143,11923
21529,MOB_FW_TAESE_131,Forteresse (guerre de forteresse),131,130872694,0,44826090,4232,6074,131,131,208,208,2,3,unique_notice,1,3,10,34,11083
8885,MOB_HUNTER_NPC_13011301,AUTRE,131,89903,0,23347,4009,6414,131,131,208,208,2,0,normal,1,3,20,66,3418
8887,MOB_HUNTER_NPC_13031303,AUTRE,131,77563,0,23347,4009,6414,131,131,208,208,2,0,normal,1,3,20,72,3420
8888,MOB_HUNTER_NPC_13041304,AUTRE,131,77563,0,23347,4119,6242,131,131,208,208,2,0,normal,1,3,20,83,3421
8889,MOB_HUNTER_NPC_13051305,AUTRE,131,77563,0,23347,4009,6414,131,131,208,208,2,0,normal,1,3,20,116,3422
8890,MOB_HUNTER_NPC_13061306,AUTRE,131,77563,0,23347,3901,6591,131,131,208,208,2,0,normal,1,3,20,66,3423
8891,MOB_HUNTER_NPC_13071307,AUTRE,131,89903,0,23347,4009,6414,131,131,208,208,2,0,normal,1,3,20,66,3424
8892,MOB_HUNTER_NPC_13081308,AUTRE,131,89903,0,23347,4119,6242,131,16777347,208,208,2,0,normal,1,3,20,72,3425
8893,MOB_HUNTER_NPC_13091309,AUTRE,131,77563,0,23347,4009,6414,131,131,208,208,2,0,normal,1,3,20,83,3426
8894,MOB_HUNTER_NPC_13101310,AUTRE,131,77563,0,23347,3901,6591,131,131,208,208,2,0,normal,1,3,20,116,3427
3528,MOB_THIEF_NPC_11071307,Evenement caravan/thief,131,89903,0,23347,4009,6414,131,131,208,208,2,0,normal,1,3,20,66,1545
3522,MOB_THIEF_NPC_13011301,Evenement caravan/thief,131,89903,0,23347,4009,6414,131,131,208,208,2,0,normal,1,3,20,66,1539
3523,MOB_THIEF_NPC_13021302,Evenement caravan/thief,131,89903,0,23347,3901,6591,131,131,208,208,2,0,normal,1,3,20,66,1540
3524,MOB_THIEF_NPC_13031303,Evenement caravan/thief,131,77563,0,23347,4009,6414,131,131,208,208,2,0,normal,1,3,20,72,1541
3525,MOB_THIEF_NPC_13041304,Evenement caravan/thief,131,77563,0,23347,4119,6242,131,131,208,208,2,0,normal,1,3,20,83,1542
3526,MOB_THIEF_NPC_13051305,Evenement caravan/thief,131,77563,0,23347,4009,6414,131,131,208,208,2,0,normal,1,3,20,372,1543
3527,MOB_THIEF_NPC_13061306,Evenement caravan/thief,131,77563,0,23347,3901,6591,131,131,208,208,2,0,normal,1,3,20,66,1544
3529,MOB_THIEF_NPC_13081308,Evenement caravan/thief,131,89903,0,23347,4119,6242,131,131,208,208,2,0,normal,1,3,20,72,1546
3530,MOB_THIEF_NPC_13091309,Evenement caravan/thief,131,77563,0,23347,4009,6414,131,131,208,208,2,0,normal,1,3,20,83,1547
3531,MOB_THIEF_NPC_13101310,Evenement caravan/thief,131,77563,0,23347,3901,6591,131,131,208,208,2,0,normal,1,3,20,116,1548
24143,MOV_EV_BEAR_B_131,AUTRE,131,127552,0,93388,3537,5659,131,131,208,208,2,0,normal,1,0,50,75,13418
8904,MMB_HUNTER_NPC_13201320,AUTRE,132,79652,0,24047,4232,6414,132,132,209,209,2,0,normal,1,3,20,116,3437
17721,MOB_EU_HUNTER_NPC_13121312,Europe (Constantinople),132,79652,0,24047,4232,6414,132,132,209,209,2,0,normal,1,3,20,94,7356
17722,MOB_EU_HUNTER_NPC_13131313,Europe (Constantinople),132,79652,0,24047,4232,6414,132,132,209,209,2,0,normal,1,3,20,94,7357
17723,MOB_EU_HUNTER_NPC_13141314,Europe (Constantinople),132,79652,0,24047,4119,6591,132,132,209,209,2,0,normal,1,3,20,116,7358
17724,MOB_EU_HUNTER_NPC_13151315,Europe (Constantinople),132,79652,0,24047,4119,6591,132,132,209,209,2,0,normal,1,3,20,72,7359
17725,MOB_EU_HUNTER_NPC_13161316,Europe (Constantinople),132,79652,0,24047,4009,6772,132,132,209,209,2,0,normal,1,3,20,83,7360
17726,MOB_EU_HUNTER_NPC_13171317,Europe (Constantinople),132,79652,0,24047,4009,6772,132,16777348,209,209,2,0,normal,1,3,20,83,7361
17727,MOB_EU_HUNTER_NPC_13181318,Europe (Constantinople),132,79652,0,24047,4009,6772,132,132,209,209,2,0,normal,1,3,20,83,7362
17729,MOB_EU_HUNTER_NPC_13201320,Europe (Constantinople),132,79652,0,24047,4009,6772,132,132,209,209,2,0,normal,1,3,20,83,7364
16320,MOB_EU_THIEF_NPC_13111311,Europe (Constantinople),132,79652,0,24047,4232,6414,132,132,209,209,2,0,normal,1,3,20,94,5955
16321,MOB_EU_THIEF_NPC_13121312,Europe (Constantinople),132,79652,0,24047,4232,6414,132,132,209,209,2,0,normal,1,3,20,94,5956
16322,MOB_EU_THIEF_NPC_13131313,Europe (Constantinople),132,79652,0,24047,4232,6414,132,132,209,209,2,0,normal,1,3,20,94,5957
16323,MOB_EU_THIEF_NPC_13141314,Europe (Constantinople),132,79652,0,24047,4119,6591,132,132,209,209,2,0,normal,1,3,20,116,5958
16324,MOB_EU_THIEF_NPC_13151315,Europe (Constantinople),132,79652,0,24047,4119,6591,132,132,209,209,2,0,normal,1,3,20,72,5959
16325,MOB_EU_THIEF_NPC_13161316,Europe (Constantinople),132,79652,0,24047,4009,6772,132,132,209,209,2,0,normal,1,3,20,83,5960
16326,MOB_EU_THIEF_NPC_13171317,Europe (Constantinople),132,79652,0,24047,4009,6772,132,132,209,209,2,0,normal,1,3,20,83,5961
16327,MOB_EU_THIEF_NPC_13181318,Europe (Constantinople),132,79652,0,24047,4009,6772,132,132,209,209,2,0,normal,1,3,20,83,5962
16328,MOB_EU_THIEF_NPC_13191319,Europe (Constantinople),132,79652,0,24047,4009,6772,132,132,209,209,2,0,normal,1,3,20,83,5963
16329,MOB_EU_THIEF_NPC_13201320,Europe (Constantinople),132,79652,0,24047,4009,6772,132,132,209,209,2,0,normal,1,3,20,339,5964
22650,MOB_FW_BATTLEGOLEM_132,Forteresse (guerre de forteresse),132,101954572,0,46170874,4348,6242,132,132,209,209,2,3,unique_notice,1,3,42,56,12204
22230,MOB_FW_HYEONGCHEON_132,Forteresse (guerre de forteresse),132,100806471,0,34628155,4119,6591,132,132,209,209,2,3,unique_notice,1,3,23,74,11784
22370,MOB_FW_MUJIGI_132,Forteresse (guerre de forteresse),132,76465929,0,34628155,4119,6591,132,132,209,209,2,3,unique_notice,1,3,38,143,11924
21530,MOB_FW_TAESE_132,Forteresse (guerre de forteresse),132,134408628,0,46170874,4348,6242,132,132,209,209,2,3,unique_notice,1,3,10,34,11084
8895,MOB_HUNTER_NPC_13111311,AUTRE,132,92329,0,24047,4119,6591,132,132,209,209,2,0,normal,1,3,20,67,3428
8896,MOB_HUNTER_NPC_13121312,AUTRE,132,79652,0,24047,4232,6414,132,132,209,209,2,0,normal,1,3,20,67,3429
8897,MOB_HUNTER_NPC_13131313,AUTRE,132,92329,0,24047,4119,6591,132,132,209,209,2,0,normal,1,3,20,72,3430
8898,MOB_HUNTER_NPC_13141314,AUTRE,132,79652,0,24047,4009,6772,132,132,209,209,2,0,normal,1,3,20,83,3431
8899,MOB_HUNTER_NPC_13151315,AUTRE,132,79652,0,24047,4119,6591,132,132,209,209,2,0,normal,1,3,20,116,3432
8900,MOB_HUNTER_NPC_13161316,AUTRE,132,92329,0,24047,4232,6414,132,132,209,209,2,0,normal,1,3,20,67,3433
8901,MOB_HUNTER_NPC_13171317,AUTRE,132,92329,0,24047,4119,6591,132,132,209,209,2,0,normal,1,3,20,67,3434
8902,MOB_HUNTER_NPC_13181318,AUTRE,132,79652,0,24047,4009,6772,132,132,209,209,2,0,normal,1,3,20,72,3435
8903,MOB_HUNTER_NPC_13191319,AUTRE,132,79652,0,24047,4119,6591,132,132,209,209,2,0,normal,1,3,20,83,3436
3532,MOB_THIEF_NPC_13111311,Evenement caravan/thief,132,92329,0,24047,4119,6591,132,132,209,209,2,0,normal,1,3,20,67,1549
3533,MOB_THIEF_NPC_13121312,Evenement caravan/thief,132,79652,0,24047,4232,6414,132,132,209,209,2,0,normal,1,3,20,67,1550
3534,MOB_THIEF_NPC_13131313,Evenement caravan/thief,132,92329,0,24047,4119,6591,132,132,209,209,2,0,normal,1,3,20,72,1551
3536,MOB_THIEF_NPC_13151315,Evenement caravan/thief,132,79652,0,24047,4119,6591,132,16777348,209,209,2,0,normal,1,3,20,116,1553
3537,MOB_THIEF_NPC_13161316,Evenement caravan/thief,132,92329,0,24047,4232,6414,132,132,209,209,2,0,normal,1,3,20,67,1554
3538,MOB_THIEF_NPC_13171317,Evenement caravan/thief,132,92329,0,24047,4119,6591,132,132,209,209,2,0,normal,1,3,20,67,1555
3539,MOB_THIEF_NPC_13181318,Evenement caravan/thief,132,79652,0,24047,4009,6772,132,132,209,209,2,0,normal,1,3,20,72,1556
3540,MOB_THIEF_NPC_13191319,Evenement caravan/thief,132,79652,0,24047,4119,6591,132,132,209,209,2,0,normal,1,3,20,83,1557
3541,MOB_THIEF_NPC_13201320,Evenement caravan/thief,132,79652,0,24047,4232,6414,132,132,209,209,2,0,normal,1,3,20,116,1558
24144,MOV_EV_BEAR_B_132,AUTRE,132,131067,0,96188,3634,5814,132,132,209,209,2,0,normal,1,0,50,75,13419
17730,MOB_EU_HUNTER_NPC_11211321,Europe (Constantinople),133,81794,0,24769,4348,6591,133,133,210,210,2,0,normal,1,3,20,94,7365
17731,MOB_EU_HUNTER_NPC_13221322,Europe (Constantinople),133,81794,0,24769,4348,6591,133,133,210,210,2,0,normal,1,3,20,94,7366
17732,MOB_EU_HUNTER_NPC_13231323,Europe (Constantinople),133,81794,0,24769,4348,6591,133,133,210,210,2,0,normal,1,3,20,94,7367
17733,MOB_EU_HUNTER_NPC_13241324,Europe (Constantinople),133,81794,0,24769,4232,6772,133,133,210,210,2,0,normal,1,3,20,117,7368
17734,MOB_EU_HUNTER_NPC_13251325,Europe (Constantinople),133,81794,0,24769,4232,6772,133,133,210,210,2,0,normal,1,3,20,72,7369
17735,MOB_EU_HUNTER_NPC_13261326,Europe (Constantinople),133,81794,0,24769,4119,6957,133,133,210,210,2,0,normal,1,3,20,83,7370
17736,MOB_EU_HUNTER_NPC_13271327,Europe (Constantinople),133,81794,0,24769,4119,6957,133,133,210,210,2,0,normal,1,3,20,83,7371
17738,MOB_EU_HUNTER_NPC_13291329,Europe (Constantinople),133,81794,0,24769,4119,6957,133,133,210,210,2,0,normal,1,3,20,83,7373
17739,MOB_EU_HUNTER_NPC_13301330,Europe (Constantinople),133,81794,0,24769,4119,6957,133,133,210,210,2,0,normal,1,3,20,83,7374
16330,MOB_EU_THIEF_NPC_13211321,Europe (Constantinople),133,81794,0,24769,4348,6591,133,133,210,210,2,0,normal,1,3,20,94,5965
16331,MOB_EU_THIEF_NPC_13221322,Europe (Constantinople),133,81794,0,24769,4348,6591,133,133,210,210,2,0,normal,1,3,20,94,5966
16332,MOB_EU_THIEF_NPC_13231323,Europe (Constantinople),133,81794,0,24769,4348,6591,133,133,210,210,2,0,normal,1,3,20,94,5967
16333,MOB_EU_THIEF_NPC_13241324,Europe (Constantinople),133,81794,0,24769,4232,6772,133,133,210,210,2,0,normal,1,3,20,117,5968
16334,MOB_EU_THIEF_NPC_13251325,Europe (Constantinople),133,81794,0,24769,4232,6772,133,16777349,210,210,2,0,normal,1,3,20,72,5969
16335,MOB_EU_THIEF_NPC_13261326,Europe (Constantinople),133,81794,0,24769,4119,6957,133,133,210,210,2,0,normal,1,3,20,83,5970
16336,MOB_EU_THIEF_NPC_13271327,Europe (Constantinople),133,81794,0,24769,4119,6957,133,133,210,210,2,0,normal,1,3,20,83,5971
16337,MOB_EU_THIEF_NPC_13281328,Europe (Constantinople),133,81794,0,24769,4119,6957,133,133,210,210,2,0,normal,1,3,20,83,5972
16338,MOB_EU_THIEF_NPC_13291329,Europe (Constantinople),133,81794,0,24769,4119,6957,133,133,210,210,2,0,normal,1,3,20,83,5973
16339,MOB_EU_THIEF_NPC_13301330,Europe (Constantinople),133,81794,0,24769,4119,6957,133,133,210,210,2,0,normal,1,3,20,83,5974
22651,MOB_FW_BATTLEGOLEM_133,Forteresse (guerre de forteresse),133,104696301,0,47556000,4467,6414,133,133,210,210,2,3,unique_notice,1,3,42,56,12205
22231,MOB_FW_HYEONGCHEON_133,Forteresse (guerre de forteresse),133,103525238,0,35667000,4232,6772,133,133,210,210,2,3,unique_notice,1,3,23,74,11785
22371,MOB_FW_MUJIGI_133,Forteresse (guerre de forteresse),133,78522225,0,35667000,4232,6772,133,133,210,210,2,3,unique_notice,1,3,38,143,11925
21531,MOB_FW_TAESE_133,Forteresse (guerre de forteresse),133,138033651,0,47556000,4467,6414,133,133,210,210,2,3,unique_notice,1,3,10,34,11085
8905,MOB_HUNTER_NPC_13211321,AUTRE,133,81794,0,24769,4232,6772,133,133,210,210,2,0,normal,1,3,20,67,3438
8906,MOB_HUNTER_NPC_13221322,AUTRE,133,94816,0,24769,4119,6957,133,133,210,210,2,0,normal,1,3,20,67,3439
8907,MOB_HUNTER_NPC_13231323,AUTRE,133,94816,0,24769,4232,6772,133,133,210,210,2,0,normal,1,3,20,72,3440
8908,MOB_HUNTER_NPC_13241324,AUTRE,133,81794,0,24769,4348,6591,133,133,210,210,2,0,normal,1,3,20,83,3441
8909,MOB_HUNTER_NPC_13251325,AUTRE,133,81794,0,24769,4232,6772,133,133,210,210,2,0,normal,1,3,20,117,3442
8909,MOB_HUNTER_NPC_13251325,AUTRE,133,81794,0,24769,4232,6772,133,133,210,210,2,0,normal,1,3,20,117,3442
8910,MOB_HUNTER_NPC_13261326,AUTRE,133,94816,0,24769,4119,6957,133,133,210,210,2,0,normal,1,3,20,67,3443
8911,MOB_HUNTER_NPC_13271327,AUTRE,133,81794,0,24769,4232,6772,133,133,210,210,2,0,normal,1,3,20,67,3444
8912,MOB_HUNTER_NPC_13281328,AUTRE,133,94816,0,24769,4348,6591,133,133,210,210,2,0,normal,1,3,20,72,3445
8913,MOB_HUNTER_NPC_13291329,AUTRE,133,81794,0,24769,4232,6772,133,133,210,210,2,0,normal,1,3,20,83,3446
8914,MOB_HUNTER_NPC_13301330,AUTRE,133,81794,0,24769,4119,6957,133,133,210,210,2,0,normal,1,3,20,117,3447
3545,MOB_THIEF_NPC_11241324,Evenement caravan/thief,133,81794,0,24769,4348,6591,133,133,210,210,2,0,normal,1,3,20,83,1562
3542,MOB_THIEF_NPC_13211321,Evenement caravan/thief,133,81794,0,24769,4232,6772,133,133,210,210,2,0,normal,1,3,20,67,1559
3543,MOB_THIEF_NPC_13221322,Evenement caravan/thief,133,94816,0,24769,4119,6957,133,133,210,210,2,0,normal,1,3,20,323,1560
3544,MOB_THIEF_NPC_13231323,Evenement caravan/thief,133,94816,0,24769,4232,6772,133,133,210,210,2,0,normal,1,3,20,72,1561
3546,MOB_THIEF_NPC_13251325,Evenement caravan/thief,133,81794,0,24769,4232,6772,133,133,210,210,2,0,normal,1,3,20,117,1563
3547,MOB_THIEF_NPC_13261326,Evenement caravan/thief,133,94816,0,24769,4119,6957,133,133,210,210,2,0,normal,1,3,20,67,1564
3548,MOB_THIEF_NPC_13271327,Evenement caravan/thief,133,81794,0,24769,4232,6772,133,133,210,210,2,0,normal,1,3,20,67,1565
3549,MOB_THIEF_NPC_13281328,Evenement caravan/thief,133,94816,0,24769,4348,6591,133,133,210,210,2,0,normal,1,3,20,72,1566
3550,MOB_THIEF_NPC_13291329,Evenement caravan/thief,133,81794,0,24769,4232,6772,133,133,210,210,2,0,normal,1,3,50,75,1567
3551,MOB_THIEF_NPC_13301330,Evenement caravan/thief,133,81794,0,24769,4119,6957,133,133,210,210,2,0,normal,1,3,20,117,1568
24145,MOV_EV_BEAR_B_133,AUTRE,133,134672,0,99076,3733,5973,133,133,210,210,2,0,normal,1,0,50,75,13420
17740,MOB_EU_HUNTER_NPC_13311331,Europe (Constantinople),134,83990,0,25512,4467,6772,134,134,211,211,2,0,normal,1,3,20,95,7375
17741,MOB_EU_HUNTER_NPC_13321332,Europe (Constantinople),134,83990,0,25512,4467,6772,134,134,211,211,2,0,normal,1,3,20,95,7376
17742,MOB_EU_HUNTER_NPC_13331333,Europe (Constantinople),134,83990,0,25512,4467,6772,134,134,211,211,2,0,normal,1,3,20,95,7377
17743,MOB_EU_HUNTER_NPC_13341334,Europe (Constantinople),134,83990,0,25512,4348,6957,134,134,211,211,2,0,normal,1,3,20,117,7378
17744,MOB_EU_HUNTER_NPC_13351335,Europe (Constantinople),134,83990,0,25512,4348,6957,134,134,211,211,2,0,normal,1,3,20,72,7379
17745,MOB_EU_HUNTER_NPC_13361336,Europe (Constantinople),134,83990,0,25512,4232,7147,134,134,211,211,2,0,normal,1,3,20,84,7380
17746,MOB_EU_HUNTER_NPC_13371337,Europe (Constantinople),134,83990,0,25512,4232,7147,134,134,211,211,2,0,normal,1,3,20,84,7381
17747,MOB_EU_HUNTER_NPC_13381338,Europe (Constantinople),134,83990,0,25512,4232,7147,134,134,211,211,2,0,normal,1,3,20,84,7382
17748,MOB_EU_HUNTER_NPC_13391339,Europe (Constantinople),134,83990,0,25512,4232,7147,134,134,211,211,2,0,normal,1,3,20,84,7383
17749,MOB_EU_HUNTER_NPC_13401340,Europe (Constantinople),134,83990,0,25512,4232,7147,134,134,211,211,2,0,normal,1,3,20,84,7384
16340,MOB_EU_THIEF_NPC_13311331,Europe (Constantinople),134,83990,0,25512,4467,6772,134,134,211,211,2,0,normal,1,3,20,95,5975
16341,MOB_EU_THIEF_NPC_13321332,Europe (Constantinople),134,83990,0,25512,4467,6772,134,134,211,211,2,0,normal,1,3,20,95,5976
16342,MOB_EU_THIEF_NPC_13331333,Europe (Constantinople),134,83990,0,25512,4467,6772,134,134,211,211,2,0,normal,1,3,20,95,5977
16343,MOB_EU_THIEF_NPC_13341334,Europe (Constantinople),134,83990,0,25512,4348,6957,134,134,211,211,2,0,normal,1,3,20,117,5978
16345,MOB_EU_THIEF_NPC_13361336,Europe (Constantinople),134,83990,0,25512,4232,7147,134,134,211,211,2,0,normal,1,3,20,84,5980
16346,MOB_EU_THIEF_NPC_13371317,Europe (Constantinople),134,83990,0,25512,4232,7147,134,134,211,211,2,0,normal,1,3,20,84,5981
16347,MOB_EU_THIEF_NPC_13381338,Europe (Constantinople),134,83990,0,25512,4232,7147,134,134,211,211,2,0,normal,1,3,20,84,5982
16348,MOB_EU_THIEF_NPC_13391339,Europe (Constantinople),134,83990,0,25512,4232,7147,134,134,211,211,2,0,normal,1,3,20,84,5983
16349,MOB_EU_THIEF_NPC_13401340,Europe (Constantinople),134,83990,0,25512,4232,7147,134,134,211,211,2,0,normal,1,3,20,84,5984
22652,MOB_FW_BATTLEGOLEM_134,Forteresse (guerre de forteresse),134,107506917,0,48982680,4589,6591,134,134,211,211,2,3,unique_notice,1,3,42,56,12206
22232,MOB_FW_HYEONGCHEON_134,Forteresse (guerre de forteresse),134,106312433,0,36737010,4348,6957,134,134,211,211,2,3,unique_notice,1,3,23,74,11786
22372,MOB_FW_MUJIGI_134,Forteresse (guerre de forteresse),134,80630188,0,36737010,4348,6957,134,134,211,211,2,3,unique_notice,1,3,38,143,11926
21532,MOB_FW_TAESE_134,Forteresse (guerre de forteresse),134,141749911,0,48982680,4589,6591,134,134,211,211,2,3,unique_notice,1,3,10,34,11086
8915,MOB_HUNTER_NPC_13311331,AUTRE,134,97366,0,25512,4348,6957,134,134,211,211,2,0,normal,1,3,20,67,3448
8916,MOB_HUNTER_NPC_13321332,AUTRE,134,97366,0,25512,4467,6772,134,16777350,211,211,2,0,normal,1,3,20,67,3449
8917,MOB_HUNTER_NPC_13331333,AUTRE,134,83990,0,25512,4348,6957,134,134,211,211,2,0,normal,1,3,20,72,3450
8919,MOB_HUNTER_NPC_13351335,AUTRE,134,83990,0,25512,4348,6957,134,134,211,211,2,0,normal,1,3,20,117,3452
8920,MOB_HUNTER_NPC_13361336,AUTRE,134,83990,0,25512,4467,6772,134,134,211,211,2,0,normal,1,3,20,67,3453
8921,MOB_HUNTER_NPC_13371337,AUTRE,134,97366,0,25512,4348,6957,134,134,211,211,2,0,normal,1,3,20,67,3454
8922,MOB_HUNTER_NPC_13381338,AUTRE,134,97366,0,25512,4232,7147,134,134,211,211,2,0,normal,1,3,20,72,3455
8923,MOB_HUNTER_NPC_13391339,AUTRE,134,83990,0,25512,4348,6957,134,134,211,211,2,0,normal,1,3,20,84,3456
8924,MOB_HUNTER_NPC_13401340,AUTRE,134,83990,0,25512,4467,6772,134,134,211,211,2,0,normal,1,3,20,117,3457
3561,MOB_THIEF_NPC_11401340,Evenement caravan/thief,134,83990,0,25512,4467,6772,134,134,211,211,2,0,normal,1,3,20,117,1578
3553,MOB_THIEF_NPC_13321332,Evenement caravan/thief,134,97366,0,25512,4467,6772,134,134,211,211,2,0,normal,1,3,20,67,1570
3554,MOB_THIEF_NPC_13331333,Evenement caravan/thief,134,83990,0,25512,4348,6957,134,134,211,211,2,0,normal,1,3,20,72,1571
3555,MOB_THIEF_NPC_13341334,Evenement caravan/thief,134,83990,0,25512,4232,7147,134,134,211,211,2,0,normal,1,3,20,84,1572
3556,MOB_THIEF_NPC_13351335,Evenement caravan/thief,134,83990,0,25512,4348,6957,134,134,211,211,2,0,normal,1,3,20,117,1573
3557,MOB_THIEF_NPC_13361336,Evenement caravan/thief,134,83990,0,25512,4467,6772,134,134,211,211,2,0,normal,1,3,20,67,1574
3558,MOB_THIEF_NPC_13371337,Evenement caravan/thief,134,97366,0,25512,4348,6957,134,134,211,211,2,0,normal,1,3,20,67,1575
3559,MOB_THIEF_NPC_13381338,Evenement caravan/thief,134,97366,0,25512,4232,7147,134,134,211,211,2,0,normal,1,3,20,328,1576
3560,MOB_THIEF_NPC_13391339,Evenement caravan/thief,134,83990,0,25512,4348,6957,134,16777350,211,211,2,0,normal,1,3,20,84,1577
24146,MOV_EV_BEAR_B_134,AUTRE,134,138368,0,102048,3835,6136,134,134,211,211,2,0,normal,1,0,50,75,13421
17750,MOB_EU_HUNTER_NPC_13411341,Europe (Constantinople),135,86241,0,26277,4589,6957,135,16777351,212,212,2,0,normal,1,3,20,95,7385
17752,MOB_EU_HUNTER_NPC_13431343,Europe (Constantinople),135,86241,0,26277,4589,6957,135,135,212,212,2,0,normal,1,3,20,95,7387
17753,MOB_EU_HUNTER_NPC_13441344,Europe (Constantinople),135,86241,0,26277,4467,7147,135,135,212,212,2,0,normal,1,3,20,118,7388
17754,MOB_EU_HUNTER_NPC_13451345,Europe (Constantinople),135,86241,0,26277,4467,7147,135,135,212,212,2,0,normal,1,3,20,73,7389
17755,MOB_EU_HUNTER_NPC_13461346,Europe (Constantinople),135,86241,0,26277,4348,7343,135,135,212,212,2,0,normal,1,3,20,84,7390
17756,MOB_EU_HUNTER_NPC_13471347,Europe (Constantinople),135,86241,0,26277,4348,7343,135,135,212,212,2,0,normal,1,3,20,84,7391
17757,MOB_EU_HUNTER_NPC_13481348,Europe (Constantinople),135,86241,0,26277,4348,7343,135,135,212,212,2,0,normal,1,3,20,84,7392
17758,MOB_EU_HUNTER_NPC_13491349,Europe (Constantinople),135,86241,0,26277,4348,7343,135,135,212,212,2,0,normal,1,3,20,84,7393
16350,MOB_EU_THIEF_NPC_13411341,Europe (Constantinople),135,86241,0,26277,4589,6957,135,135,212,212,2,0,normal,1,3,20,95,5985
16351,MOB_EU_THIEF_NPC_13421342,Europe (Constantinople),135,86241,0,26277,4589,6957,135,135,212,212,2,0,normal,1,3,20,95,5986
16352,MOB_EU_THIEF_NPC_13431343,Europe (Constantinople),135,86241,0,26277,4589,6957,135,135,212,212,2,0,normal,1,3,20,95,5987
16353,MOB_EU_THIEF_NPC_13441344,Europe (Constantinople),135,86241,0,26277,4467,7147,135,135,212,212,2,0,normal,1,3,20,118,5988
16354,MOB_EU_THIEF_NPC_13451345,Europe (Constantinople),135,86241,0,26277,4467,7147,135,135,212,212,2,0,normal,1,3,20,73,5989
16355,MOB_EU_THIEF_NPC_13461346,Europe (Constantinople),135,86241,0,26277,4348,7343,135,135,212,212,2,0,normal,1,3,20,84,5990
16356,MOB_EU_THIEF_NPC_13471347,Europe (Constantinople),135,86241,0,26277,4348,7343,135,135,212,212,2,0,normal,1,3,20,84,5991
16357,MOB_EU_THIEF_NPC_13481348,Europe (Constantinople),135,86241,0,26277,4348,7343,135,135,212,212,2,0,normal,1,3,20,84,5992
16358,MOB_EU_THIEF_NPC_13491349,Europe (Constantinople),135,86241,0,26277,4348,7343,135,16777351,212,212,2,0,normal,1,3,20,84,5993
16359,MOB_EU_THIEF_NPC_13501350,Europe (Constantinople),135,86241,0,26277,4348,7343,135,135,212,212,2,0,normal,1,3,20,84,5994
22653,MOB_FW_BATTLEGOLEM_135,Forteresse (guerre de forteresse),135,110388079,0,50452159,4714,6772,135,135,212,212,2,3,unique_notice,1,3,42,56,12207
22233,MOB_FW_HYEONGCHEON_135,Forteresse (guerre de forteresse),135,109169706,0,37839119,4467,7147,135,135,212,212,2,3,unique_notice,1,3,23,74,11787
22373,MOB_FW_MUJIGI_135,Forteresse (guerre de forteresse),135,82791059,0,37839119,4467,7147,135,135,212,212,2,3,unique_notice,1,3,38,143,11927
21533,MOB_FW_TAESE_135,Forteresse (guerre de forteresse),135,145559608,0,50452159,4714,6772,135,135,212,212,2,3,unique_notice,1,3,10,34,11087
8925,MOB_HUNTER_NPC_13411341,AUTRE,135,99980,0,26277,4467,7147,135,135,212,212,2,0,normal,1,3,20,67,3458
8926,MOB_HUNTER_NPC_13421342,AUTRE,135,86241,0,26277,4348,7343,135,135,212,212,2,0,normal,1,3,20,67,3459
8927,MOB_HUNTER_NPC_13431343,AUTRE,135,99980,0,26277,4467,7147,135,135,212,212,2,0,normal,1,3,20,73,3460
8928,MOB_HUNTER_NPC_13441344,AUTRE,135,86241,0,26277,4589,6957,135,135,212,212,2,0,normal,1,3,20,84,3461
8929,MOB_HUNTER_NPC_13451345,AUTRE,135,86241,0,26277,4467,7147,135,135,212,212,2,0,normal,1,3,20,118,3462
8930,MOB_HUNTER_NPC_13461346,AUTRE,135,99980,0,26277,4348,7343,135,135,212,212,2,0,normal,1,3,20,67,3463
8931,MOB_HUNTER_NPC_13471347,AUTRE,135,99980,0,26277,4467,7147,135,135,212,212,2,0,normal,1,3,20,67,3464
8932,MOB_HUNTER_NPC_13481348,AUTRE,135,86241,0,26277,4589,6957,135,135,212,212,2,0,normal,1,3,20,73,3465
8933,MOB_HUNTER_NPC_13491349,AUTRE,135,86241,0,26277,4467,7147,135,135,212,212,2,0,normal,1,3,20,84,3466
8934,MOB_HUNTER_NPC_13501350,AUTRE,135,86241,0,26277,4348,7343,135,135,212,212,2,0,normal,1,3,20,118,3467
3562,MOB_THIEF_NPC_13411341,Evenement caravan/thief,135,99980,0,26277,4467,7147,135,135,212,212,2,0,normal,1,3,20,67,1579
3563,MOB_THIEF_NPC_13421342,Evenement caravan/thief,135,86241,0,26277,4348,7343,135,135,212,212,2,0,normal,1,3,20,67,1580
3564,MOB_THIEF_NPC_13431343,Evenement caravan/thief,135,99980,0,26277,4467,7147,135,135,212,212,2,0,normal,1,3,20,73,1581
3565,MOB_THIEF_NPC_13441344,Evenement caravan/thief,135,86241,0,26277,4589,6957,135,135,212,212,2,0,normal,1,3,20,84,1582
3566,MOB_THIEF_NPC_13451345,Evenement caravan/thief,135,86241,0,26277,4467,7147,135,135,212,212,2,0,normal,1,3,20,118,1583
3567,MOB_THIEF_NPC_13461346,Evenement caravan/thief,135,99980,0,26277,4348,7343,135,135,212,212,2,0,normal,1,3,20,67,1584
3569,MOB_THIEF_NPC_13481348,Evenement caravan/thief,135,86241,0,26277,4589,6957,135,135,212,212,2,0,normal,1,3,20,73,1586
3570,MOB_THIEF_NPC_13491349,Evenement caravan/thief,135,86241,0,26277,4467,7147,135,135,212,212,2,0,normal,1,3,20,84,1587
3571,MOB_THIEF_NPC_13501350,Evenement caravan/thief,135,86241,0,26277,4348,7343,135,135,212,212,2,0,normal,1,3,20,118,1588
24147,MOV_EV_BEAR_B_135,AUTRE,135,142158,0,105108,3940,6303,135,135,212,212,2,0,normal,1,0,50,75,13422
8936,MMB_HUNTER_NPC_13521352,AUTRE,136,102659,0,27065,4714,7147,136,136,213,213,2,0,normal,1,3,20,67,3469
24148,MMV_EV_BEAR_B_136,AUTRE,136,146044,0,108260,4047,6475,136,136,213,213,2,0,normal,1,0,50,75,13423
17760,MOB_EU_HUNTER_NPC_13511351,Europe (Constantinople),136,88548,0,27065,4714,7147,136,136,213,213,2,0,normal,1,3,20,95,7395
17761,MOB_EU_HUNTER_NPC_13521352,Europe (Constantinople),136,88548,0,27065,4714,7147,136,136,213,213,2,0,normal,1,3,20,95,7396
17762,MOB_EU_HUNTER_NPC_13531353,Europe (Constantinople),136,88548,0,27065,4714,7147,136,136,213,213,2,0,normal,1,3,20,95,7397
17763,MOB_EU_HUNTER_NPC_13541354,Europe (Constantinople),136,88548,0,27065,4589,7343,136,136,213,213,2,0,normal,1,3,20,118,7398
17764,MOB_EU_HUNTER_NPC_13551355,Europe (Constantinople),136,88548,0,27065,4589,7343,136,136,213,213,2,0,normal,1,3,20,73,7399
17765,MOB_EU_HUNTER_NPC_13561356,Europe (Constantinople),136,88548,0,27065,4467,7543,136,136,213,213,2,0,normal,1,3,20,84,7400
17766,MOB_EU_HUNTER_NPC_13571357,Europe (Constantinople),136,88548,0,27065,4467,7543,136,136,213,213,2,0,normal,1,3,20,84,7401
17767,MOB_EU_HUNTER_NPC_13581358,Europe (Constantinople),136,88548,0,27065,4467,7543,136,136,213,213,2,0,normal,1,3,20,84,7402
17768,MOB_EU_HUNTER_NPC_13591359,Europe (Constantinople),136,88548,0,27065,4467,7543,136,136,213,213,2,0,normal,1,3,20,84,7403
17769,MOB_EU_HUNTER_NPC_13601360,Europe (Constantinople),136,88548,0,27065,4467,7543,136,136,213,213,2,0,normal,1,3,20,84,7404
16360,MOB_EU_THIEF_NPC_13511351,Europe (Constantinople),136,88548,0,27065,4714,7147,136,136,213,213,2,0,normal,1,3,20,351,5995
16361,MOB_EU_THIEF_NPC_13521352,Europe (Constantinople),136,88548,0,27065,4714,7147,136,136,213,213,2,0,normal,1,3,20,95,5996
16363,MOB_EU_THIEF_NPC_13541354,Europe (Constantinople),136,88548,0,27065,4589,7343,136,136,213,213,2,0,normal,1,3,20,118,5998
16364,MOB_EU_THIEF_NPC_13551355,Europe (Constantinople),136,88548,0,27065,4589,7343,136,136,213,213,2,0,normal,1,3,20,73,5999
16365,MOB_EU_THIEF_NPC_13561356,Europe (Constantinople),136,88548,0,27065,4467,7543,136,136,213,213,2,0,normal,1,3,20,84,6000
16366,MOB_EU_THIEF_NPC_13571357,Europe (Constantinople),136,88548,0,27065,4467,7543,136,136,213,213,2,0,normal,1,3,20,84,6001
16367,MOB_EU_THIEF_NPC_13581358,Europe (Constantinople),136,88548,0,27065,4467,7543,136,136,213,213,2,0,normal,1,3,20,84,6002
16368,MOB_EU_THIEF_NPC_13591359,Europe (Constantinople),136,88548,0,27065,4467,7543,136,136,213,213,2,0,normal,1,3,20,84,6003
22654,MOB_FW_BATTLEGOLEM_136,Forteresse (guerre de forteresse),136,113341485,0,51965723,4842,6957,136,136,213,213,2,3,unique_notice,1,3,42,56,12208
22234,MOB_FW_HYEONGCHEON_136,Forteresse (guerre de forteresse),136,112098744,0,38974292,4589,7343,136,136,213,213,2,3,unique_notice,1,3,23,74,11788
22374,MOB_FW_MUJIGI_136,Forteresse (guerre de forteresse),136,85006114,0,38974292,4589,7343,136,136,213,213,2,3,unique_notice,1,3,38,143,11928
21534,MOB_FW_TAESE_136,Forteresse (guerre de forteresse),136,149464993,0,51965723,4842,6957,136,136,213,213,2,3,unique_notice,1,3,10,34,11088
8935,MOB_HUNTER_NPC_13511351,AUTRE,136,88548,0,27065,4589,7343,136,136,213,213,2,0,normal,1,3,20,67,3468
8937,MOB_HUNTER_NPC_13531353,AUTRE,136,102659,0,27065,4589,7343,136,136,213,213,2,0,normal,1,3,20,73,3470
8938,MOB_HUNTER_NPC_13541354,AUTRE,136,88548,0,27065,4467,7543,136,136,213,213,2,0,normal,1,3,20,84,3471
8939,MOB_HUNTER_NPC_13551355,AUTRE,136,88548,0,27065,4589,7343,136,136,213,213,2,0,normal,1,3,20,118,3472
8940,MOB_HUNTER_NPC_13561356,AUTRE,136,102659,0,27065,4714,7147,136,16777352,213,213,2,0,normal,1,3,20,67,3473
8941,MOB_HUNTER_NPC_13571357,AUTRE,136,88548,0,27065,4589,7343,136,136,213,213,2,0,normal,1,3,20,67,3474
8941,MOB_HUNTER_NPC_13571357,AUTRE,136,88548,0,27065,4589,7343,136,136,213,213,2,0,normal,1,3,20,67,3474
8942,MOB_HUNTER_NPC_13581358,AUTRE,136,102659,0,27065,4467,7543,136,136,213,213,2,0,normal,1,3,20,73,3475
8943,MOB_HUNTER_NPC_13591359,AUTRE,136,88548,0,27065,4589,7343,136,136,213,213,2,0,normal,1,3,20,84,3476
8944,MOB_HUNTER_NPC_13601360,AUTRE,136,88548,0,27065,4714,7147,136,136,213,213,2,0,normal,1,3,20,118,3477
3578,MOB_THIEF_NPC_11571357,Evenement caravan/thief,136,88548,0,27065,4589,7343,136,136,213,213,2,0,normal,1,3,20,67,1595
3572,MOB_THIEF_NPC_13511351,Evenement caravan/thief,136,88548,0,27065,4589,7343,136,136,213,213,2,0,normal,1,3,20,67,1589
3573,MOB_THIEF_NPC_13521352,Evenement caravan/thief,136,102659,0,27065,4714,7147,136,136,213,213,2,0,normal,1,3,20,67,1590
3574,MOB_THIEF_NPC_13531353,Evenement caravan/thief,136,102659,0,27065,4589,7343,136,136,213,213,2,0,normal,1,3,20,73,1591
3575,MOB_THIEF_NPC_13541354,Evenement caravan/thief,136,88548,0,27065,4467,7543,136,136,213,213,2,0,normal,1,3,20,84,1592
3576,MOB_THIEF_NPC_13551355,Evenement caravan/thief,136,88548,0,27065,4589,7343,136,136,213,213,2,0,normal,1,3,20,374,1593
3577,MOB_THIEF_NPC_13561356,Evenement caravan/thief,136,102659,0,27065,4714,7147,136,136,213,213,2,0,normal,1,3,20,67,1594
3579,MOB_THIEF_NPC_13581358,Evenement caravan/thief,136,102659,0,27065,4467,7543,136,136,213,213,2,0,normal,1,3,20,73,1596
3580,MOB_THIEF_NPC_13591359,Evenement caravan/thief,136,88548,0,27065,4589,7343,136,136,213,213,2,0,normal,1,3,20,84,1597
3581,MOB_THIEF_NPC_13601360,Evenement caravan/thief,136,88548,0,27065,4714,7147,136,136,213,213,2,0,normal,1,3,20,118,1598
17770,MOB_EU_HUNTER_NPC_13611361,Europe (Constantinople),137,90913,0,27877,4842,7343,137,137,214,214,2,0,normal,1,3,20,96,7405
17771,MOB_EU_HUNTER_NPC_13621362,Europe (Constantinople),137,90913,0,27877,4842,7343,137,137,214,214,2,0,normal,1,3,20,96,7406
17772,MOB_EU_HUNTER_NPC_13631363,Europe (Constantinople),137,90913,0,27877,4842,7343,137,137,214,214,2,0,normal,1,3,20,96,7407
17773,MOB_EU_HUNTER_NPC_13641364,Europe (Constantinople),137,90913,0,27877,4714,7543,137,137,214,214,2,0,normal,1,3,20,119,7408
17774,MOB_EU_HUNTER_NPC_13651365,Europe (Constantinople),137,90913,0,27877,4714,7543,137,16777353,214,214,2,0,normal,1,3,20,73,7409
17775,MOB_EU_HUNTER_NPC_13661366,Europe (Constantinople),137,90913,0,27877,4589,7748,137,137,214,214,2,0,normal,1,3,20,84,7410
17776,MOB_EU_HUNTER_NPC_13671367,Europe (Constantinople),137,90913,0,27877,4589,7748,137,137,214,214,2,0,normal,1,3,20,84,7411
17777,MOB_EU_HUNTER_NPC_13681368,Europe (Constantinople),137,90913,0,27877,4589,7748,137,137,214,214,2,0,normal,1,3,20,84,7412
17778,MOB_EU_HUNTER_NPC_13691369,Europe (Constantinople),137,90913,0,27877,4589,7748,137,137,214,214,2,0,normal,1,3,20,84,7413
17779,MOB_EU_HUNTER_NPC_13701370,Europe (Constantinople),137,90913,0,27877,4589,7748,137,137,214,214,2,0,normal,1,3,20,84,7414
16370,MOB_EU_THIEF_NPC_13611361,Europe (Constantinople),137,90913,0,27877,4842,7343,137,137,214,214,2,0,normal,1,3,20,96,6005
16371,MOB_EU_THIEF_NPC_13621362,Europe (Constantinople),137,90913,0,27877,4842,7343,137,137,214,214,2,0,normal,1,3,20,96,6006
16372,MOB_EU_THIEF_NPC_13631363,Europe (Constantinople),137,90913,0,27877,4842,7343,137,137,214,214,2,0,normal,1,3,20,96,6007
16373,MOB_EU_THIEF_NPC_13641364,Europe (Constantinople),137,90913,0,27877,4714,7543,137,137,214,214,2,0,normal,1,3,20,119,6008
16374,MOB_EU_THIEF_NPC_13651365,Europe (Constantinople),137,90913,0,27877,4714,7543,137,137,214,214,2,0,normal,1,3,20,73,6009
16376,MOB_EU_THIEF_NPC_13671367,Europe (Constantinople),137,90913,0,27877,4589,7748,137,137,214,214,2,0,normal,1,3,20,84,6011
16377,MOB_EU_THIEF_NPC_13681168,Europe (Constantinople),137,90913,0,27877,4589,7748,137,137,214,214,2,0,normal,1,3,20,84,6012
16378,MOB_EU_THIEF_NPC_13691369,Europe (Constantinople),137,90913,0,27877,4589,7748,137,137,214,214,2,0,normal,1,3,20,84,6013
16379,MOB_EU_THIEF_NPC_13701370,Europe (Constantinople),137,90913,0,27877,4589,7748,137,137,214,214,2,0,normal,1,3,20,84,6014
22655,MOB_FW_BATTLEGOLEM_137,Forteresse (guerre de forteresse),137,116368873,0,53524695,4974,7147,137,16777353,214,214,2,3,unique_notice,1,3,42,56,12209
22235,MOB_FW_HYEONGCHEON_137,Forteresse (guerre de forteresse),137,115101277,0,40143521,4714,7543,137,137,214,214,2,3,unique_notice,1,3,23,74,11789
22375,MOB_FW_MUJIGI_137,Forteresse (guerre de forteresse),137,87276654,0,40143521,4714,7543,137,137,214,214,2,3,unique_notice,1,3,38,143,11929
21535,MOB_FW_TAESE_137,Forteresse (guerre de forteresse),137,153468369,0,53524695,4974,7147,137,137,214,214,2,3,unique_notice,1,3,10,34,11089
8945,MOB_HUNTER_NPC_13611361,AUTRE,137,105405,0,27877,4714,7543,137,137,214,214,2,0,normal,1,3,20,67,3478
8946,MOB_HUNTER_NPC_13621362,AUTRE,137,105405,0,27877,4589,7748,137,137,214,214,2,0,normal,1,3,20,67,3479
8947,MOB_HUNTER_NPC_13631363,AUTRE,137,90913,0,27877,4714,7543,137,137,214,214,2,0,normal,1,3,20,73,3480
8948,MOB_HUNTER_NPC_13641364,AUTRE,137,90913,0,27877,4842,7343,137,137,214,214,2,0,normal,1,3,20,84,3481
8949,MOB_HUNTER_NPC_13651365,AUTRE,137,90913,0,27877,4714,7543,137,137,214,214,2,0,normal,1,3,20,119,3482
8951,MOB_HUNTER_NPC_13671367,AUTRE,137,105405,0,27877,4714,7543,137,137,214,214,2,0,normal,1,3,20,67,3484
8952,MOB_HUNTER_NPC_13681368,AUTRE,137,105405,0,27877,4842,7343,137,137,214,214,2,0,normal,1,3,20,73,3485
8953,MOB_HUNTER_NPC_13691369,AUTRE,137,90913,0,27877,4714,7543,137,137,214,214,2,0,normal,1,3,20,84,3486
8954,MOB_HUNTER_NPC_13701370,AUTRE,137,90913,0,27877,4589,7748,137,137,214,214,2,0,normal,1,3,20,119,3487
3582,MOB_THIEF_NPC_13611361,Evenement caravan/thief,137,105405,0,27877,4714,7543,137,137,214,214,2,0,normal,1,3,20,67,1599
3583,MOB_THIEF_NPC_13621362,Evenement caravan/thief,137,105405,0,27877,4589,7748,137,137,214,214,2,0,normal,1,3,20,67,1600
3584,MOB_THIEF_NPC_13631363,Evenement caravan/thief,137,90913,0,27877,4714,7543,137,16777353,214,214,2,0,normal,1,3,20,73,1601
3586,MOB_THIEF_NPC_13651365,Evenement caravan/thief,137,90913,0,27877,4714,7543,137,137,214,214,2,0,normal,1,3,20,119,1603
3587,MOB_THIEF_NPC_13661366,Evenement caravan/thief,137,90913,0,27877,4589,7748,137,137,214,214,2,0,normal,1,3,20,67,1604
3588,MOB_THIEF_NPC_13671367,Evenement caravan/thief,137,105405,0,27877,4714,7543,137,137,214,214,2,0,normal,1,3,20,67,1605
3589,MOB_THIEF_NPC_13681368,Evenement caravan/thief,137,105405,0,27877,4842,7343,137,137,214,214,2,0,normal,1,3,20,73,1606
3590,MOB_THIEF_NPC_13691369,Evenement caravan/thief,137,90913,0,27877,4714,7543,137,137,214,214,2,0,normal,1,3,20,84,1607
3591,MOB_THIEF_NPC_13701370,Evenement caravan/thief,137,90913,0,27877,4589,7748,137,137,214,214,2,0,normal,1,3,20,119,1608
24149,MOV_EV_BEAR_B_137,AUTRE,137,150029,0,111508,4156,6650,137,137,214,214,2,0,normal,1,0,50,75,13424
17780,MOB_EU_HUNTER_NPC_13711371,Europe (Constantinople),138,93338,0,28714,4974,7543,138,138,215,215,2,0,normal,1,3,20,96,7415
17781,MOB_EU_HUNTER_NPC_13721372,Europe (Constantinople),138,93338,0,28714,4974,7543,138,138,215,215,2,0,normal,1,3,20,96,7416
17782,MOB_EU_HUNTER_NPC_13731373,Europe (Constantinople),138,93338,0,28714,4974,7543,138,138,215,215,2,0,normal,1,3,20,96,7417
17783,MOB_EU_HUNTER_NPC_13741374,Europe (Constantinople),138,93338,0,28714,4842,7748,138,138,215,215,2,0,normal,1,3,20,119,7418
17784,MOB_EU_HUNTER_NPC_13751375,Europe (Constantinople),138,93338,0,28714,4842,7748,138,138,215,215,2,0,normal,1,3,20,73,7419
17785,MOB_EU_HUNTER_NPC_13761376,Europe (Constantinople),138,93338,0,28714,4714,7958,138,138,215,215,2,0,normal,1,3,20,85,7420
17786,MOB_EU_HUNTER_NPC_13771377,Europe (Constantinople),138,93338,0,28714,4714,7958,138,138,215,215,2,0,normal,1,3,20,85,7421
17787,MOB_EU_HUNTER_NPC_13781378,Europe (Constantinople),138,93338,0,28714,4714,7958,138,138,215,215,2,0,normal,1,3,20,85,7422
17788,MOB_EU_HUNTER_NPC_13791379,Europe (Constantinople),138,93338,0,28714,4714,7958,138,138,215,215,2,0,normal,1,3,20,85,7423
17789,MOB_EU_HUNTER_NPC_13801380,Europe (Constantinople),138,93338,0,28714,4714,7958,138,138,215,215,2,0,normal,1,3,20,85,7424
16380,MOB_EU_THIEF_NPC_13711371,Europe (Constantinople),138,93338,0,28714,4974,7543,138,138,215,215,2,0,normal,1,3,20,96,6015
16381,MOB_EU_THIEF_NPC_13721372,Europe (Constantinople),138,93338,0,28714,4974,7543,138,138,215,215,2,0,normal,1,3,20,96,6016
16382,MOB_EU_THIEF_NPC_13731373,Europe (Constantinople),138,93338,0,28714,4974,7543,138,16777354,215,215,2,0,normal,1,3,20,96,6017
16383,MOB_EU_THIEF_NPC_13741374,Europe (Constantinople),138,93338,0,28714,4842,7748,138,138,215,215,2,0,normal,1,3,20,119,6018
16384,MOB_EU_THIEF_NPC_13751375,Europe (Constantinople),138,93338,0,28714,4842,7748,138,138,215,215,2,0,normal,1,3,20,73,6019
16385,MOB_EU_THIEF_NPC_13761376,Europe (Constantinople),138,93338,0,28714,4714,7958,138,138,215,215,2,0,normal,1,3,20,85,6020
16386,MOB_EU_THIEF_NPC_13771377,Europe (Constantinople),138,93338,0,28714,4714,7958,138,138,215,215,2,0,normal,1,3,20,85,6021
16387,MOB_EU_THIEF_NPC_13781378,Europe (Constantinople),138,93338,0,28714,4714,7958,138,138,215,215,2,0,normal,1,3,20,85,6022
16388,MOB_EU_THIEF_NPC_13791379,Europe (Constantinople),138,93338,0,28714,4714,7958,138,138,215,215,2,0,normal,1,3,20,85,6023
16389,MOB_EU_THIEF_NPC_13801380,Europe (Constantinople),138,93338,0,28714,4714,7958,138,138,215,215,2,0,normal,1,3,20,85,6024
22656,MOB_FW_BATTLEGOLEM_138,Forteresse (guerre de forteresse),138,119472019,0,55130438,5108,7343,138,138,215,215,2,3,unique_notice,1,3,42,56,12210
22236,MOB_FW_HYEONGCHEON_138,Forteresse (guerre de forteresse),138,118179071,0,41347828,4842,7748,138,138,215,215,2,3,unique_notice,1,3,23,74,11790
22376,MOB_FW_MUJIGI_138,Forteresse (guerre de forteresse),138,89604014,0,41347828,4842,7748,138,138,215,215,2,3,unique_notice,1,3,38,143,11930
21536,MOB_FW_TAESE_138,Forteresse (guerre de forteresse),138,157572095,0,55130438,5108,7343,138,138,215,215,2,3,unique_notice,1,3,10,34,11090
8955,MOB_HUNTER_NPC_13711371,AUTRE,138,108220,0,28714,4842,7748,138,138,215,215,2,0,normal,1,3,20,67,3488
8956,MOB_HUNTER_NPC_13721372,AUTRE,138,93338,0,28714,4974,7543,138,138,215,215,2,0,normal,1,3,20,67,3489
8957,MOB_HUNTER_NPC_13731373,AUTRE,138,108220,0,28714,4842,7748,138,138,215,215,2,0,normal,1,3,20,73,3490
8958,MOB_HUNTER_NPC_13741374,AUTRE,138,93338,0,28714,4714,7958,138,138,215,215,2,0,normal,1,3,20,85,3491
8959,MOB_HUNTER_NPC_13751375,AUTRE,138,93338,0,28714,4842,7748,138,138,215,215,2,0,normal,1,3,20,119,3492
8960,MOB_HUNTER_NPC_13761376,AUTRE,138,108220,0,28714,4974,7543,138,138,215,215,2,0,normal,1,3,20,67,3493
8961,MOB_HUNTER_NPC_13771377,AUTRE,138,108220,0,28714,4842,7748,138,138,215,215,2,0,normal,1,3,20,67,3494
8962,MOB_HUNTER_NPC_13781378,AUTRE,138,93338,0,28714,4714,7958,138,138,215,215,2,0,normal,1,3,20,73,3495
8963,MOB_HUNTER_NPC_13791379,AUTRE,138,93338,0,28714,4842,7748,138,138,215,215,2,0,normal,1,3,20,85,3496
8964,MOB_HUNTER_NPC_13801380,AUTRE,138,93338,0,28714,4974,7543,138,16777354,215,215,2,0,normal,1,3,20,119,3497
3594,MOB_THIEF_NPC_11731373,Evenement caravan/thief,138,108220,0,28714,4842,7748,138,138,215,215,2,0,normal,1,3,20,73,1611
3592,MOB_THIEF_NPC_13711371,Evenement caravan/thief,138,108220,0,28714,4842,7748,138,138,215,215,2,0,normal,1,3,20,323,1609
3593,MOB_THIEF_NPC_13721372,Evenement caravan/thief,138,93338,0,28714,4974,7543,138,138,215,215,2,0,normal,1,3,20,67,1610
3595,MOB_THIEF_NPC_13741374,Evenement caravan/thief,138,93338,0,28714,4714,7958,138,138,215,215,2,0,normal,1,3,20,85,1612
3596,MOB_THIEF_NPC_13751375,Evenement caravan/thief,138,93338,0,28714,4842,7748,138,138,215,215,2,0,normal,1,3,20,119,1613
3597,MOB_THIEF_NPC_13761376,Evenement caravan/thief,138,108220,0,28714,4974,7543,138,138,215,215,2,0,normal,1,3,20,67,1614
3598,MOB_THIEF_NPC_13771377,Evenement caravan/thief,138,108220,0,28714,4842,7748,138,138,215,215,2,0,normal,1,3,20,67,1615
3599,MOB_THIEF_NPC_13781378,Evenement caravan/thief,138,93338,0,28714,4714,7958,138,138,215,215,2,0,normal,1,3,20,73,1616
3600,MOB_THIEF_NPC_13791379,Evenement caravan/thief,138,93338,0,28714,4842,7748,138,138,215,215,2,0,normal,1,3,20,85,1617
24150,MOV_EV_BEAR_B_138,AUTRE,138,154115,0,114856,4269,6830,138,138,215,215,2,0,normal,1,0,50,75,13425
6094,PET_WOLF_A_138,AUTRE,138,133371,0,28714,4395,7031,138,138,215,215,2,0,normal,0,3,37,112,1901
8968,MMB_HUNTER_NPC_13841384,AUTRE,139,95822,0,29575,5108,7748,139,139,216,216,2,0,normal,1,3,20,85,3501
17792,MOB_EU_HUNTER_NPC,Europe (Constantinople),139,95822,0,29575,5108,7748,139,139,216,216,2,0,normal,1,3,20,96,7427
17791,MOB_EU_HUNTER_NPC_13821382,Europe (Constantinople),139,95822,0,29575,5108,7748,139,139,216,216,2,0,normal,1,3,20,96,7426
17793,MOB_EU_HUNTER_NPC_13841384,Europe (Constantinople),139,95822,0,29575,4974,7958,139,139,216,216,2,0,normal,1,3,20,119,7428
17794,MOB_EU_HUNTER_NPC_13851385,Europe (Constantinople),139,95822,0,29575,4974,7958,139,139,216,216,2,0,normal,1,3,20,73,7429
17795,MOB_EU_HUNTER_NPC_13861386,Europe (Constantinople),139,95822,0,29575,4842,8174,139,139,216,216,2,0,normal,1,3,20,85,7430
17796,MOB_EU_HUNTER_NPC_13871387,Europe (Constantinople),139,95822,0,29575,4842,8174,139,139,216,216,2,0,normal,1,3,20,85,7431
17797,MOB_EU_HUNTER_NPC_13881388,Europe (Constantinople),139,95822,0,29575,4842,8174,139,139,216,216,2,0,normal,1,3,20,85,7432
17798,MOB_EU_HUNTER_NPC_13891389,Europe (Constantinople),139,95822,0,29575,4842,8174,139,16777355,216,216,2,0,normal,1,3,20,85,7433
17799,MOB_EU_HUNTER_NPC_13901390,Europe (Constantinople),139,95822,0,29575,4842,8174,139,139,216,216,2,0,normal,1,3,20,85,7434
16390,MOB_EU_THIEF_NPC_13811381,Europe (Constantinople),139,95822,0,29575,5108,7748,139,139,216,216,2,0,normal,1,3,20,96,6025
16391,MOB_EU_THIEF_NPC_13821382,Europe (Constantinople),139,95822,0,29575,5108,7748,139,139,216,216,2,0,normal,1,3,20,352,6026
16392,MOB_EU_THIEF_NPC_13831383,Europe (Constantinople),139,95822,0,29575,5108,7748,139,139,216,216,2,0,normal,1,3,20,96,6027
16393,MOB_EU_THIEF_NPC_13841384,Europe (Constantinople),139,95822,0,29575,4974,7958,139,139,216,216,2,0,normal,1,3,20,119,6028
16394,MOB_EU_THIEF_NPC_13851385,Europe (Constantinople),139,95822,0,29575,4974,7958,139,139,216,216,2,0,normal,1,3,20,73,6029
16395,MOB_EU_THIEF_NPC_13861386,Europe (Constantinople),139,95822,0,29575,4842,8174,139,139,216,216,2,0,normal,1,3,20,85,6030
16396,MOB_EU_THIEF_NPC_13871387,Europe (Constantinople),139,95822,0,29575,4842,8174,139,139,216,216,2,0,normal,1,3,20,85,6031
16397,MOB_EU_THIEF_NPC_13881388,Europe (Constantinople),139,95822,0,29575,4842,8174,139,139,216,216,2,0,normal,1,3,20,85,6032
16398,MOB_EU_THIEF_NPC_13891389,Europe (Constantinople),139,95822,0,29575,4842,8174,139,139,216,216,2,0,normal,1,3,20,85,6033
16399,MOB_EU_THIEF_NPC_13901390,Europe (Constantinople),139,95822,0,29575,4842,8174,139,139,216,216,2,0,normal,1,3,20,85,6034
22657,MOB_FW_BATTLEGOLEM_139,Forteresse (guerre de forteresse),139,122652743,0,56784353,5247,7543,139,139,216,216,2,3,unique_notice,1,3,42,56,12211
22237,MOB_FW_HYEONGCHEON_139,Forteresse (guerre de forteresse),139,121333936,0,42588264,4974,7958,139,139,216,216,2,3,unique_notice,1,3,23,74,11791
21537,MOB_FW_TAESE_139,Forteresse (guerre de forteresse),139,161778582,0,56784353,5247,7543,139,139,216,216,2,3,unique_notice,1,3,10,34,11091
8965,MOB_HUNTER_NPC_13811381,AUTRE,139,95822,0,29575,4974,7958,139,139,216,216,2,0,normal,1,3,20,67,3498
8966,MOB_HUNTER_NPC_13821382,AUTRE,139,111106,0,29575,4842,8174,139,139,216,216,2,0,normal,1,3,20,67,3499
8967,MOB_HUNTER_NPC_13831383,AUTRE,139,111106,0,29575,4974,7958,139,139,216,216,2,0,normal,1,3,20,73,3500
8969,MOB_HUNTER_NPC_13851385,AUTRE,139,95822,0,29575,4974,7958,139,139,216,216,2,0,normal,1,3,20,119,3502
8970,MOB_HUNTER_NPC_13861386,AUTRE,139,111106,0,29575,4842,8174,139,139,216,216,2,0,normal,1,3,20,67,3503
8971,MOB_HUNTER_NPC_13871387,AUTRE,139,95822,0,29575,4974,7958,139,139,216,216,2,0,normal,1,3,20,67,3504
8972,MOB_HUNTER_NPC_13881388,AUTRE,139,111106,0,29575,5108,7748,139,139,216,216,2,0,normal,1,3,20,73,3505
8973,MOB_HUNTER_NPC_13891389,AUTRE,139,95822,0,29575,4974,7958,139,139,216,216,2,0,normal,1,3,20,85,3506
8973,MOB_HUNTER_NPC_13891389,AUTRE,139,95822,0,29575,4974,7958,139,139,216,216,2,0,normal,1,3,20,85,3506
8974,MOB_HUNTER_NPC_13901390,AUTRE,139,95822,0,29575,4842,8174,139,139,216,216,2,0,normal,1,3,20,119,3507
3611,MOB_THIEF_NPC_11901390,Evenement caravan/thief,139,95822,0,29575,4842,8174,139,139,216,216,2,0,normal,1,3,20,119,1628
3602,MOB_THIEF_NPC_13811381,Evenement caravan/thief,139,95822,0,29575,4974,7958,139,139,216,216,2,0,normal,1,3,20,67,1619
3603,MOB_THIEF_NPC_13821382,Evenement caravan/thief,139,111106,0,29575,4842,8174,139,139,216,216,2,0,normal,1,3,20,67,1620
3604,MOB_THIEF_NPC_13831383,Evenement caravan/thief,139,111106,0,29575,4974,7958,139,139,216,216,2,0,normal,1,3,20,73,1621
3605,MOB_THIEF_NPC_13841384,Evenement caravan/thief,139,95822,0,29575,5108,7748,139,139,216,216,2,0,normal,1,3,20,85,1622
3606,MOB_THIEF_NPC_13851385,Evenement caravan/thief,139,95822,0,29575,4974,7958,139,139,216,216,2,0,normal,1,3,20,119,1623
3607,MOB_THIEF_NPC_13861386,Evenement caravan/thief,139,111106,0,29575,4842,8174,139,139,216,216,2,0,normal,1,3,20,67,1624
3608,MOB_THIEF_NPC_13871387,Evenement caravan/thief,139,95822,0,29575,4974,7958,139,16777355,216,216,2,0,normal,1,3,20,67,1625
3609,MOB_THIEF_NPC_13881388,Evenement caravan/thief,139,111106,0,29575,5108,7748,139,139,216,216,2,0,normal,1,3,20,329,1626
3610,MOB_THIEF_NPC_13891389,Evenement caravan/thief,139,95822,0,29575,4974,7958,139,139,216,216,2,0,normal,1,3,20,85,1627
24151,MOV_EV_BEAR_B_139,AUTRE,139,158304,0,118300,4384,7015,139,139,216,216,2,0,normal,1,0,50,75,13426
23904,COS_C_SEAHORSE_120,COS (pets/vehicules),140,57634,0,30462,0,0,140,140,217,217,2,0,normal,0,3,45,150,13247
34067,MOB_BOT_SUMMON,AUTRE,140,688586213,0,0,6657,10651,140,140,217,217,2,0,normal,1,3,0,0,17700
34066,MOB_BOT_SUMMON_NOTIFY,AUTRE,140,688586213,0,0,6657,10651,140,140,217,217,2,0,normal,1,3,0,0,17699
17800,MOB_EU_HUNTER_NPC_13911391,Europe (Constantinople),140,98369,0,30462,5247,7958,140,140,217,217,2,0,normal,1,3,20,97,7435
17801,MOB_EU_HUNTER_NPC_13921392,Europe (Constantinople),140,98369,0,30462,5247,7958,140,140,217,217,2,0,normal,1,3,20,97,7436
17802,MOB_EU_HUNTER_NPC_13931393,Europe (Constantinople),140,98369,0,30462,5247,7958,140,140,217,217,2,0,normal,1,3,20,97,7437
17803,MOB_EU_HUNTER_NPC_13941394,Europe (Constantinople),140,98369,0,30462,5108,8174,140,140,217,217,2,0,normal,1,3,20,120,7438
17804,MOB_EU_HUNTER_NPC_13951395,Europe (Constantinople),140,98369,0,30462,5108,8174,140,140,217,217,2,0,normal,1,3,20,73,7439
17805,MOB_EU_HUNTER_NPC_13961396,Europe (Constantinople),140,98369,0,30462,4974,8395,140,140,217,217,2,0,normal,1,3,20,85,7440
17806,MOB_EU_HUNTER_NPC_13971397,Europe (Constantinople),140,98369,0,30462,4974,8395,140,140,217,217,2,0,normal,1,3,20,85,7441
17807,MOB_EU_HUNTER_NPC_13981398,Europe (Constantinople),140,98369,0,30462,4974,8395,140,140,217,217,2,0,normal,1,3,20,85,7442
17808,MOB_EU_HUNTER_NPC_13991399,Europe (Constantinople),140,98369,0,30462,4974,8395,140,140,217,217,2,0,normal,1,3,20,85,7443
17809,MOB_EU_HUNTER_NPC_14001400,Europe (Constantinople),140,98369,0,30462,4974,8395,140,140,217,217,2,0,normal,1,3,20,85,7444
16400,MOB_EU_THIEF_NPC_13911391,Europe (Constantinople),140,98369,0,30462,5247,7958,140,140,217,217,2,0,normal,1,3,20,97,6035
16401,MOB_EU_THIEF_NPC_13921392,Europe (Constantinople),140,98369,0,30462,5247,7958,140,140,217,217,2,0,normal,1,3,20,97,6036
16402,MOB_EU_THIEF_NPC_13931393,Europe (Constantinople),140,98369,0,30462,5247,7958,140,140,217,217,2,0,normal,1,3,20,97,6037
16403,MOB_EU_THIEF_NPC_13941394,Europe (Constantinople),140,98369,0,30462,5108,8174,140,140,217,217,2,0,normal,1,3,20,120,6038
16404,MOB_EU_THIEF_NPC_13951395,Europe (Constantinople),140,98369,0,30462,5108,8174,140,140,217,217,2,0,normal,1,3,20,73,6039
16405,MOB_EU_THIEF_NPC_13961396,Europe (Constantinople),140,98369,0,30462,4974,8395,140,140,217,217,2,0,normal,1,3,20,85,6040
16406,MOB_EU_THIEF_NPC_13971397,Europe (Constantinople),140,98369,0,30462,4974,8395,140,16777356,217,217,2,0,normal,1,3,20,85,6041
16407,MOB_EU_THIEF_NPC_13981398,Europe (Constantinople),140,98369,0,30462,4974,8395,140,140,217,217,2,0,normal,1,3,20,85,6042
16408,MOB_EU_THIEF_NPC_13991199,Europe (Constantinople),140,98369,0,30462,4974,8395,140,140,217,217,2,0,normal,1,3,20,85,6043
16409,MOB_EU_THIEF_NPC_14001400,Europe (Constantinople),140,98369,0,30462,4974,8395,140,140,217,217,2,0,normal,1,3,20,85,6044
22238,MOB_FW_HYEONGCHEON_140,Forteresse (guerre de forteresse),140,124567725,0,43865913,5108,8174,140,140,217,217,2,3,unique_notice,1,3,23,74,11792
21538,MOB_FW_TAESE_140,Forteresse (guerre de forteresse),140,166090300,0,58487884,5388,7748,140,140,217,217,2,3,unique_notice,1,3,10,34,11092
8975,MOB_HUNTER_NPC_13911391,AUTRE,140,114064,0,30462,5108,8174,140,140,217,217,2,0,normal,1,3,20,68,3508
8976,MOB_HUNTER_NPC_13921392,AUTRE,140,114064,0,30462,5247,7958,140,140,217,217,2,0,normal,1,3,20,68,3509
8977,MOB_HUNTER_NPC_13931393,AUTRE,140,98369,0,30462,5108,8174,140,140,217,217,2,0,normal,1,3,20,73,3510
8978,MOB_HUNTER_NPC_13941394,AUTRE,140,98369,0,30462,4974,8395,140,140,217,217,2,0,normal,1,3,20,85,3511
8979,MOB_HUNTER_NPC_13951395,AUTRE,140,98369,0,30462,5108,8174,140,140,217,217,2,0,normal,1,3,20,120,3512
8980,MOB_HUNTER_NPC_13961396,AUTRE,140,98369,0,30462,5247,7958,140,140,217,217,2,0,normal,1,3,20,68,3513
8981,MOB_HUNTER_NPC_13971397,AUTRE,140,114064,0,30462,5108,8174,140,140,217,217,2,0,normal,1,3,20,68,3514
8983,MOB_HUNTER_NPC_13991399,AUTRE,140,98369,0,30462,5108,8174,140,140,217,217,2,0,normal,1,3,20,85,3516
8984,MOB_HUNTER_NPC_14001400,AUTRE,140,98369,0,30462,5247,7958,140,140,217,217,2,0,normal,1,3,20,120,3517
3612,MOB_THIEF_NPC_13911391,Evenement caravan/thief,140,114064,0,30462,5108,8174,140,140,217,217,2,0,normal,1,3,20,68,1629
3613,MOB_THIEF_NPC_13921392,Evenement caravan/thief,140,114064,0,30462,5247,7958,140,140,217,217,2,0,normal,1,3,20,68,1630
3614,MOB_THIEF_NPC_13931393,Evenement caravan/thief,140,98369,0,30462,5108,8174,140,140,217,217,2,0,normal,1,3,20,73,1631
3615,MOB_THIEF_NPC_13941394,Evenement caravan/thief,140,98369,0,30462,4974,8395,140,140,217,217,2,0,normal,1,3,20,85,1632
3616,MOB_THIEF_NPC_13951395,Evenement caravan/thief,140,98369,0,30462,5108,8174,140,140,217,217,2,0,normal,1,3,20,120,1633
3617,MOB_THIEF_NPC_13961396,Evenement caravan/thief,140,98369,0,30462,5247,7958,140,140,217,217,2,0,normal,1,3,20,68,1634
3619,MOB_THIEF_NPC_13981398,Evenement caravan/thief,140,114064,0,30462,4974,8395,140,140,217,217,2,0,normal,1,3,20,73,1636
3620,MOB_THIEF_NPC_13991399,Evenement caravan/thief,140,98369,0,30462,5108,8174,140,140,217,217,2,0,normal,1,3,20,85,1637
3621,MOB_THIEF_NPC_14001400,Evenement caravan/thief,140,98369,0,30462,5247,7958,140,140,217,217,2,0,normal,1,3,20,120,1638
24152,MOV_EV_BEAR_B_140,AUTRE,140,162599,0,121848,4503,7204,140,140,217,217,2,0,normal,1,0,50,75,13427
