id,codename,zone,level,max_hp,max_mp,exp_to_give,atk_min,atk_max,par,mar,er_parry,hr,chr,rarity,rarity_desc,service,country,speed_walk,speed_run,link
41450,QTRUCTURE_JUPITER_HIDE_GATE_E4,AUTRE,1,10000,0,0,320,0,0,0,0,0,0,0,normal,0,3,0,0,18827
41447,STRUCTURE_JUPITER_HIDE_GATE_E1,AUTRE,1,10000,0,0,320,0,0,0,0,0,0,0,normal,0,3,0,0,18824
41456,STRUCTURE_JUPITER_HIDE_GATE_E10,AUTRE,1,10000,0,0,320,0,0,0,0,0,0,0,normal,0,3,0,0,18833
41457,STRUCTURE_JUPITER_HIDE_GATE_E11,AUTRE,1,10000,0,0,320,0,0,0,0,0,0,0,normal,0,3,0,0,18834
41458,STRUCTURE_JUPITER_HIDE_GATE_E12,AUTRE,1,10000,0,0,320,0,0,0,0,0,0,0,normal,0,3,0,0,18835
41459,STRUCTURE_JUPITER_HIDE_GATE_E13,AUTRE,1,10000,0,0,320,0,0,0,0,0,0,0,normal,0,3,0,0,18836
41460,STRUCTURE_JUPITER_HIDE_GATE_E14,AUTRE,1,10000,0,0,320,0,0,0,0,0,0,0,normal,0,3,0,0,18837
41461,STRUCTURE_JUPITER_HIDE_GATE_E15,AUTRE,1,10000,0,0,320,0,0,0,0,0,0,0,normal,0,3,0,0,18838
41462,STRUCTURE_JUPITER_HIDE_GATE_E16,AUTRE,1,10000,0,0,320,0,0,0,0,0,0,0,normal,0,3,0,0,18839
41463,STRUCTURE_JUPITER_HIDE_GATE_E17,AUTRE,1,10000,0,0,320,0,0,0,0,0,0,0,normal,0,3,0,0,18840
41464,STRUCTURE_JUPITER_HIDE_GATE_E18,AUTRE,1,10000,0,0,320,0,0,0,0,0,0,0,normal,0,3,0,0,18841
41465,STRUCTURE_JUPITER_HIDE_GATE_E19,AUTRE,1,10000,0,0,320,0,0,0,0,0,0,0,normal,0,3,0,0,18842
41448,STRUCTURE_JUPITER_HIDE_GATE_E2,AUTRE,1,10000,0,0,320,0,0,0,0,0,0,0,normal,0,3,0,0,18825
41466,STRUCTURE_JUPITER_HIDE_GATE_E20,AUTRE,1,10000,0,0,320,0,0,0,0,0,0,0,normal,0,3,0,0,18843
41468,STRUCTURE_JUPITER_HIDE_GATE_E22,AUTRE,1,10000,0,0,320,0,0,0,0,0,0,0,normal,0,3,0,0,18845
41469,STRUCTURE_JUPITER_HIDE_GATE_E23,AUTRE,1,10000,0,0,320,0,0,0,0,0,0,0,normal,0,3,0,0,18846
41470,STRUCTURE_JUPITER_HIDE_GATE_E25,AUTRE,1,10000,0,0,320,0,0,0,0,0,0,0,normal,0,3,0,0,18847
41449,STRUCTURE_JUPITER_HIDE_GATE_E3,AUTRE,1,10000,0,0,320,0,0,0,0,0,0,0,normal,0,3,0,0,18826
41451,STRUCTURE_JUPITER_HIDE_GATE_E5,AUTRE,1,10000,0,0,320,0,0,0,0,0,0,0,normal,0,3,0,0,18828
41452,STRUCTURE_JUPITER_HIDE_GATE_E6,AUTRE,1,10000,0,0,320,0,0,0,0,0,0,0,normal,0,3,0,0,18829
41453,STRUCTURE_JUPITER_HIDE_GATE_E7,AUTRE,1,10000,0,0,320,0,0,16777216,0,0,0,0,normal,0,3,0,0,18830
41454,STRUCTURE_JUPITER_HIDE_GATE_E8,AUTRE,1,10000,0,0,320,0,0,0,0,0,0,0,normal,0,3,0,0,18831
41455,STRUCTURE_JUPITER_HIDE_GATE_E9,AUTRE,1,10000,0,0,320,0,0,0,0,0,0,0,normal,0,3,0,0,18832
41441,STRUCTURE_JUPITER_PIETY_GATE_A1,AUTRE,1,10000,0,0,320,0,0,0,0,0,0,0,normal,0,3,0,0,18818
41442,STRUCTURE_JUPITER_PIETY_GATE_A2,AUTRE,1,10000,0,0,320,0,0,0,0,0,0,0,normal,0,3,0,0,18819
41443,STRUCTURE_JUPITER_PIETY_GATE_A3,AUTRE,1,10000,0,0,320,0,0,0,0,0,0,0,normal,0,3,0,0,18820
41444,STRUCTURE_JUPITER_PIETY_GATE_A4,AUTRE,1,10000,0,0,320,0,0,0,0,0,0,0,normal,0,3,0,0,18821
41445,STRUCTURE_JUPITER_PIETY_GATE_A5,AUTRE,1,10000,0,0,320,0,0,0,0,0,0,0,normal,0,3,0,0,18822
41446,STRUCTURE_JUPITER_PIETY_GATE_A6,AUTRE,1,10000,0,0,320,0,0,0,0,0,0,0,normal,0,3,0,0,18823
41426,STRUCTURE_JUPITER_PIETY_GATE_E1,AUTRE,1,10000,0,0,320,0,0,0,0,0,0,0,normal,0,3,0,0,18803
41435,STRUCTURE_JUPITER_PIETY_GATE_E10,AUTRE,1,10000,0,0,320,0,0,0,0,0,0,0,normal,0,3,0,0,18812
41437,STRUCTURE_JUPITER_PIETY_GATE_E12,AUTRE,1,10000,0,0,320,0,0,0,0,0,0,0,normal,0,3,0,0,18814
41438,STRUCTURE_JUPITER_PIETY_GATE_E13,AUTRE,1,10000,0,0,320,0,0,0,0,0,0,0,normal,0,3,0,0,18815
41439,STRUCTURE_JUPITER_PIETY_GATE_E14,AUTRE,1,10000,0,0,320,0,0,0,0,0,0,0,normal,0,3,0,0,18816
41440,STRUCTURE_JUPITER_PIETY_GATE_E15,AUTRE,1,10000,0,0,320,0,0,0,0,0,0,0,normal,0,3,0,0,18817
41427,STRUCTURE_JUPITER_PIETY_GATE_E2,AUTRE,1,10000,0,0,320,0,0,0,0,0,0,0,normal,0,3,0,0,18804
41428,STRUCTURE_JUPITER_PIETY_GATE_E3,AUTRE,1,10000,0,0,320,0,0,0,0,0,0,0,normal,0,3,0,0,18805
41429,STRUCTURE_JUPITER_PIETY_GATE_E4,AUTRE,1,10000,0,0,320,0,0,16777216,0,0,0,0,normal,0,3,0,0,18806
41430,STRUCTURE_JUPITER_PIETY_GATE_E5,AUTRE,1,10000,0,0,320,0,0,0,0,0,0,0,normal,0,3,0,0,18807
41431,STRUCTURE_JUPITER_PIETY_GATE_E6,AUTRE,1,10000,0,0,320,0,0,0,0,0,0,0,normal,0,3,0,0,18808
41432,STRUCTURE_JUPITER_PIETY_GATE_E7,AUTRE,1,10000,0,0,320,0,0,0,0,0,0,0,normal,0,3,0,0,18809
41433,STRUCTURE_JUPITER_PIETY_GATE_E8,AUTRE,1,10000,0,0,320,0,0,0,0,0,0,0,normal,0,3,0,0,18810
41434,STRUCTURE_JUPITER_PIETY_GATE_E9,AUTRE,1,10000,0,0,320,0,0,0,0,0,0,0,normal,0,3,0,0,18811
41425,STRUCTURE_JUPITER_PIETY_START_GATE,AUTRE,1,10000,0,0,320,0,0,0,0,0,0,0,normal,0,3,0,0,18802
17513,MOB_EU_HUNTER_NPA_11041104,Europe (Constantinople),111,45096,0,12927,2301,3681,111,111,188,188,2,0,normal,1,3,20,106,7148
17510,MOB_EU_HUNTER_NPC_11011101,Europe (Constantinople),111,45096,0,12927,2367,3578,111,16777327,188,188,2,0,normal,1,3,20,87,7145
17512,MOB_EU_HUNTER_NPC_11031103,Europe (Constantinople),111,45096,0,12927,2367,3578,111,111,188,188,2,0,normal,1,3,20,87,7147
17514,MOB_EU_HUNTER_NPC_11051105,Europe (Constantinople),111,45096,0,12927,2301,3681,111,111,188,188,2,0,normal,1,3,20,69,7149
17515,MOB_EU_HUNTER_NPC_11061106,Europe (Constantinople),111,45096,0,12927,2236,3787,111,111,188,188,2,0,normal,1,3,20,78,7150
17516,MOB_EU_HUNTER_NPC_11071107,Europe (Constantinople),111,45096,0,12927,2236,3787,111,111,188,188,2,0,normal,1,3,20,78,7151
17517,MOB_EU_HUNTER_NPC_11081108,Europe (Constantinople),111,45096,0,12927,2236,3787,111,111,188,188,2,0,normal,1,3,20,78,7152
17518,MOB_EU_HUNTER_NPC_11091109,Europe (Constantinople),111,45096,0,12927,2236,3787,111,111,188,188,2,0,normal,1,3,20,78,7153
17519,MOB_EU_HUNTER_NPC_11101110,Europe (Constantinople),111,45096,0,12927,2236,3787,111,111,188,188,2,0,normal,1,3,20,78,7154
16110,MOB_EU_THIEF_NPC_11011101,Europe (Constantinople),111,45096,0,12927,2367,3578,111,111,188,188,2,0,normal,1,3,20,87,5745
16111,MOB_EU_THIEF_NPC_11021102,Europe (Constantinople),111,45096,0,12927,2367,3578,111,111,188,188,2,0,normal,1,3,20,87,5746
16112,MOB_EU_THIEF_NPC_11031103,Europe (Constantinople),111,45096,0,12927,2367,3578,111,111,188,188,2,0,normal,1,3,20,343,5747
16113,MOB_EU_THIEF_NPC_11041104,Europe (Constantinople),111,45096,0,12927,2301,3681,111,111,188,188,2,0,normal,1,3,20,106,5748
16115,MOB_EU_THIEF_NPC_11061106,Europe (Constantinople),111,45096,0,12927,2236,3787,111,111,188,188,2,0,normal,1,3,20,78,5750
16116,MOB_EU_THIEF_NPC_11071107,Europe (Constantinople),111,45096,0,12927,2236,3787,111,111,188,188,2,0,normal,1,3,20,78,5751
16117,MOB_EU_THIEF_NPC_11081108,Europe (Constantinople),111,45096,0,12927,2236,3787,111,111,188,188,2,0,normal,1,3,20,78,5752
16118,MOB_EU_THIEF_NPC_11091109,Europe (Constantinople),111,45096,0,12927,2236,3787,111,16777327,188,188,2,0,normal,1,3,20,78,5753
16119,MOB_EU_THIEF_NPC_11101110,Europe (Constantinople),111,45096,0,12927,2236,3787,111,111,188,188,2,0,normal,1,3,20,78,5754
22629,MOB_FW_BATTLEGOLEM_111,Forteresse (guerre de forteresse),111,57722800,0,24819116,2435,3477,111,111,188,188,2,3,unique_notice,1,3,42,56,12183
22209,MOB_FW_HYEONGCHEON_111,Forteresse (guerre de forteresse),111,56965311,0,18614337,2301,3681,111,111,188,188,2,3,unique_notice,1,3,23,74,11763
22349,MOB_FW_MUJIGI_111,Forteresse (guerre de forteresse),111,43292100,0,18614337,2301,3681,111,111,188,188,2,3,unique_notice,1,3,38,143,11903
21509,MOB_FW_TAESE_111,Forteresse (guerre de forteresse),111,75953747,0,24819116,2435,3477,111,111,188,188,2,3,unique_notice,1,3,10,34,11063
8685,MOB_HUNTER_NPC_11011101,AUTRE,111,52217,0,12927,2301,3681,111,111,188,188,2,0,normal,1,3,20,64,3218
8685,MOB_HUNTER_NPC_11011101,AUTRE,111,52217,0,12927,2301,3681,111,111,188,188,2,0,normal,1,3,20,64,3218
8686,MOB_HUNTER_NPC_11021102,AUTRE,111,45096,0,12927,2236,3787,111,111,188,188,2,0,normal,1,3,20,64,3219
8687,MOB_HUNTER_NPC_11031103,AUTRE,111,52217,0,12927,2301,3681,111,111,188,188,2,0,normal,1,3,20,69,3220
8688,MOB_HUNTER_NPC_11041104,AUTRE,111,52217,0,12927,2367,3578,111,111,188,188,2,0,normal,1,3,20,78,3221
8689,MOB_HUNTER_NPC_11051105,AUTRE,111,45096,0,12927,2301,3681,111,111,188,188,2,0,normal,1,3,20,106,3222
8690,MOB_HUNTER_NPC_11061106,AUTRE,111,52217,0,12927,2236,3787,111,111,188,188,2,0,normal,1,3,20,64,3223
8691,MOB_HUNTER_NPC_11071107,AUTRE,111,52217,0,12927,2301,3681,111,111,188,188,2,0,normal,1,3,20,64,3224
8692,MOB_HUNTER_NPC_11081108,AUTRE,111,45096,0,12927,2367,3578,111,111,188,188,2,0,normal,1,3,20,69,3225
8693,MOB_HUNTER_NPC_11091109,AUTRE,111,52217,0,12927,2301,3681,111,111,188,188,2,0,normal,1,3,20,78,3226
41353,MOB_JUPITER_NIKE_LION,"Temple de Jupiter (101-120, retrofit D12)",111,59339,0,12927,2367,3578,111,111,188,188,2,1,champion,0,3,10,40,18730
41341,MOB_JUPITER_TEMPLE_PROTECTION,"Temple de Jupiter (101-120, retrofit D12)",111,45096,0,12927,2367,3578,111,111,188,188,2,0,normal,0,3,30,100,18718
41737,MOB_JUPITER_TEMPLE_PROTECTION_CLONE,"Temple de Jupiter (101-120, retrofit D12)",111,45096,0,12927,2367,3578,111,111,188,188,2,0,normal,0,3,40,100,18848
41738,MOB_JUPITER_TEMPLE_WATCH,"Temple de Jupiter (101-120, retrofit D12)",111,52217,0,12927,2367,3578,111,111,188,188,2,0,normal,0,3,20,75,18849
3322,MOB_THIEF_NPC_11011101,Evenement caravan/thief,111,52217,0,12927,2301,3681,111,111,188,188,2,0,normal,1,3,20,64,1339
3323,MOB_THIEF_NPC_11021102,Evenement caravan/thief,111,45096,0,12927,2236,3787,111,111,188,188,2,0,normal,1,3,20,64,1340
3324,MOB_THIEF_NPC_11031103,Evenement caravan/thief,111,52217,0,12927,2301,3681,111,111,188,188,2,0,normal,1,3,20,69,1341
3325,MOB_THIEF_NPC_11041104,Evenement caravan/thief,111,52217,0,12927,2367,3578,111,111,188,188,2,0,normal,1,3,20,78,1342
3326,MOB_THIEF_NPC_11051105,Evenement caravan/thief,111,45096,0,12927,2301,3681,111,111,188,188,2,0,normal,1,3,20,106,1343
3327,MOB_THIEF_NPC_11061106,Evenement caravan/thief,111,52217,0,12927,2236,3787,111,111,188,188,2,0,normal,1,3,20,64,1344
3328,MOB_THIEF_NPC_11071107,Evenement caravan/thief,111,52217,0,12927,2301,3681,111,111,188,188,2,0,normal,1,3,20,320,1345
3329,MOB_THIEF_NPC_11081108,Evenement caravan/thief,111,45096,0,12927,2367,3578,111,111,188,188,2,0,normal,1,3,20,69,1346
3330,MOB_THIEF_NPC_11091109,Evenement caravan/thief,111,52217,0,12927,2301,3681,111,111,188,188,2,0,normal,1,3,20,78,1347
3331,MOB_THIEF_NPC_11101110,Evenement caravan/thief,111,45096,0,12927,2236,3787,111,111,188,188,2,0,normal,1,3,20,106,1348
24123,MOV_EV_BEAR_B_111,AUTRE,111,73122,0,51708,2035,3256,111,111,188,188,2,0,normal,1,0,50,75,13398
17520,MOB_EU_HUNTER_NPC_11111111,Europe (Constantinople),112,46360,0,13314,2435,3681,112,112,189,189,2,0,normal,1,3,20,87,7155
17521,MOB_EU_HUNTER_NPC_11121112,Europe (Constantinople),112,46360,0,13314,2435,3681,112,112,189,189,2,0,normal,1,3,20,87,7156
17522,MOB_EU_HUNTER_NPC_11131113,Europe (Constantinople),112,46360,0,13314,2435,3681,112,112,189,189,2,0,normal,1,3,20,87,7157
17523,MOB_EU_HUNTER_NPC_11141114,Europe (Constantinople),112,46360,0,13314,2367,3787,112,112,189,189,2,0,normal,1,3,20,106,7158
17524,MOB_EU_HUNTER_NPC_11151115,Europe (Constantinople),112,46360,0,13314,2367,3787,112,112,189,189,2,0,normal,1,3,20,69,7159
17525,MOB_EU_HUNTER_NPC_11161116,Europe (Constantinople),112,46360,0,13314,2301,3896,112,112,189,189,2,0,normal,1,3,20,78,7160
17526,MOB_EU_HUNTER_NPC_11171117,Europe (Constantinople),112,46360,0,13314,2301,3896,112,112,189,189,2,0,normal,1,3,20,78,7161
17527,MOB_EU_HUNTER_NPC_11181118,Europe (Constantinople),112,46360,0,13314,2301,3896,112,112,189,189,2,0,normal,1,3,20,78,7162
17528,MOB_EU_HUNTER_NPC_11191119,Europe (Constantinople),112,46360,0,13314,2301,3896,112,112,189,189,2,0,normal,1,3,20,78,7163
17529,MOB_EU_HUNTER_NPC_11201120,Europe (Constantinople),112,46360,0,13314,2301,3896,112,112,189,189,2,0,normal,1,3,20,78,7164
16120,MOB_EU_THIEF_NPC_11111111,Europe (Constantinople),112,46360,0,13314,2435,3681,112,112,189,189,2,0,normal,1,3,20,87,5755
16121,MOB_EU_THIEF_NPC_11121112,Europe (Constantinople),112,46360,0,13314,2435,3681,112,112,189,189,2,0,normal,1,3,20,87,5756
16122,MOB_EU_THIEF_NPC_11131113,Europe (Constantinople),112,46360,0,13314,2435,3681,112,112,189,189,2,0,normal,1,3,20,87,5757
16123,MOB_EU_THIEF_NPC_11141114,Europe (Constantinople),112,46360,0,13314,2367,3787,112,112,189,189,2,0,normal,1,3,20,106,5758
16124,MOB_EU_THIEF_NPC_11151115,Europe (Constantinople),112,46360,0,13314,2367,3787,112,112,189,189,2,0,normal,1,3,20,69,5759
16125,MOB_EU_THIEF_NPC_11161116,Europe (Constantinople),112,46360,0,13314,2301,3896,112,112,189,189,2,0,normal,1,3,20,78,5760
16126,MOB_EU_THIEF_NPC_11171117,Europe (Constantinople),112,46360,0,13314,2301,3896,112,112,189,189,2,0,normal,1,3,20,78,5761
16127,MOB_EU_THIEF_NPC_11181118,Europe (Constantinople),112,46360,0,13314,2301,3896,112,112,189,189,2,0,normal,1,3,20,78,5762
16128,MOB_EU_THIEF_NPC_11191119,Europe (Constantinople),112,46360,0,13314,2301,3896,112,112,189,189,2,0,normal,1,3,20,78,5763
16129,MOB_EU_THIEF_NPC_11201120,Europe (Constantinople),112,46360,0,13314,2301,3896,112,112,189,189,2,0,normal,1,3,20,78,5764
22630,MOB_FW_BATTLEGOLEM_112,Forteresse (guerre de forteresse),112,59340839,0,25563690,2505,3578,112,112,189,189,2,3,unique_notice,1,3,42,56,12184
22210,MOB_FW_HYEONGCHEON_112,Forteresse (guerre de forteresse),112,58568200,0,19172768,2367,3787,112,112,189,189,2,3,unique_notice,1,3,23,74,11764
21510,MOB_FW_TAESE_112,Forteresse (guerre de forteresse),112,78090933,0,25563690,2505,3578,112,112,189,189,2,3,unique_notice,1,3,10,34,11064
8695,MOB_HUNTER_NPC_11111111,AUTRE,112,46360,0,13314,2367,3787,112,112,189,189,2,0,normal,1,3,20,64,3228
8696,MOB_HUNTER_NPC_11121112,AUTRE,112,53684,0,13314,2435,3681,112,112,189,189,2,0,normal,1,3,20,64,3229
8697,MOB_HUNTER_NPC_11131113,AUTRE,112,53684,0,13314,2367,3787,112,112,189,189,2,0,normal,1,3,20,69,3230
8698,MOB_HUNTER_NPC_11141114,AUTRE,112,46360,0,13314,2301,3896,112,112,189,189,2,0,normal,1,3,20,78,3231
8699,MOB_HUNTER_NPC_11151115,AUTRE,112,46360,0,13314,2367,3787,112,112,189,189,2,0,normal,1,3,20,106,3232
8700,MOB_HUNTER_NPC_11161116,AUTRE,112,53684,0,13314,2435,3681,112,16777328,189,189,2,0,normal,1,3,20,64,3233
8701,MOB_HUNTER_NPC_11171117,AUTRE,112,46360,0,13314,2367,3787,112,112,189,189,2,0,normal,1,3,20,64,3234
8702,MOB_HUNTER_NPC_11181118,AUTRE,112,53684,0,13314,2301,3896,112,112,189,189,2,0,normal,1,3,20,69,3235
8703,MOB_HUNTER_NPC_11191119,AUTRE,112,53684,0,13314,2367,3787,112,112,189,189,2,0,normal,1,3,20,78,3236
8704,MOB_HUNTER_NPC_11201120,AUTRE,112,46360,0,13314,2435,3681,112,112,189,189,2,0,normal,1,3,20,106,3237
41354,MOB_JUPITER_APOLLO_LION,"Temple de Jupiter (101-120, retrofit D12)",112,61009,0,19972,2435,3681,112,112,189,189,2,6,elite/quest,0,3,10,40,18731
41365,MOB_JUPITER_GRIFFIN_GUARD,"Temple de Jupiter (101-120, retrofit D12)",112,46360,0,13314,2301,3896,112,112,189,189,2,1,champion,0,3,40,90,18742
41346,MOB_JUPITER_SOUL_BREAKER,"Temple de Jupiter (101-120, retrofit D12)",112,53684,0,13314,2435,3681,112,112,189,189,2,1,champion,0,3,20,75,18723
41739,MOB_JUPITER_TEMPLE_GUARD_CLONE,"Temple de Jupiter (101-120, retrofit D12)",112,53684,0,13314,2435,3681,112,112,189,189,2,0,normal,0,3,20,75,18850
41344,MOB_JUPITER_TEMPLE_WATCH,"Temple de Jupiter (101-120, retrofit D12)",112,53684,0,13314,2435,3681,112,112,189,189,2,0,normal,0,3,20,75,18721
3332,MOB_THIEF_NPC_11111111,Evenement caravan/thief,112,46360,0,13314,2367,3787,112,112,189,189,2,0,normal,1,3,20,64,1349
3333,MOB_THIEF_NPC_11121112,Evenement caravan/thief,112,53684,0,13314,2435,3681,112,112,189,189,2,0,normal,1,3,20,64,1350
3334,MOB_THIEF_NPC_11131113,Evenement caravan/thief,112,53684,0,13314,2367,3787,112,112,189,189,2,0,normal,1,3,20,69,1351
3335,MOB_THIEF_NPC_11141114,Evenement caravan/thief,112,46360,0,13314,2301,3896,112,112,189,189,2,0,normal,1,3,20,78,1352
3336,MOB_THIEF_NPC_11151115,Evenement caravan/thief,112,46360,0,13314,2367,3787,112,112,189,189,2,0,normal,1,3,20,106,1353
3338,MOB_THIEF_NPC_11171117,Evenement caravan/thief,112,46360,0,13314,2367,3787,112,112,189,189,2,0,normal,1,3,20,64,1355
3339,MOB_THIEF_NPC_11181118,Evenement caravan/thief,112,53684,0,13314,2301,3896,112,112,189,189,2,0,normal,1,3,20,69,1356
3340,MOB_THIEF_NPC_11191119,Evenement caravan/thief,112,53684,0,13314,2367,3787,112,112,189,189,2,0,normal,1,3,20,78,1357
3341,MOB_THIEF_NPC_11201120,Evenement caravan/thief,112,46360,0,13314,2435,3681,112,112,189,189,2,0,normal,1,3,20,106,1358
24124,MOV_EV_BEAR_B_112,AUTRE,112,75233,0,53256,2094,3350,112,112,189,189,2,0,normal,1,0,50,75,13399
8712,MMB_HUNTER_NPC_11281128,AUTRE,113,55189,0,13714,2505,3787,113,113,190,190,2,0,normal,1,3,20,69,3245
17530,MOB_EU_HUNTER_NPC_11211121,Europe (Constantinople),113,47657,0,13714,2505,3787,113,113,190,190,2,0,normal,1,3,20,88,7165
17531,MOB_EU_HUNTER_NPC_11221122,Europe (Constantinople),113,47657,0,13714,2505,3787,113,113,190,190,2,0,normal,1,3,20,88,7166
17532,MOB_EU_HUNTER_NPC_11231123,Europe (Constantinople),113,47657,0,13714,2505,3787,113,113,190,190,2,0,normal,1,3,20,88,7167
17533,MOB_EU_HUNTER_NPC_11241124,Europe (Constantinople),113,47657,0,13714,2435,3896,113,113,190,190,2,0,normal,1,3,20,107,7168
17534,MOB_EU_HUNTER_NPC_11251125,Europe (Constantinople),113,47657,0,13714,2435,3896,113,16777329,190,190,2,0,normal,1,3,20,69,7169
17535,MOB_EU_HUNTER_NPC_11261126,Europe (Constantinople),113,47657,0,13714,2367,4007,113,113,190,190,2,0,normal,1,3,20,78,7170
17536,MOB_EU_HUNTER_NPC_11271127,Europe (Constantinople),113,47657,0,13714,2367,4007,113,113,190,190,2,0,normal,1,3,20,78,7171
17537,MOB_EU_HUNTER_NPC_11281128,Europe (Constantinople),113,47657,0,13714,2367,4007,113,113,190,190,2,0,normal,1,3,20,78,7172
17538,MOB_EU_HUNTER_NPC_11291129,Europe (Constantinople),113,47657,0,13714,2367,4007,113,113,190,190,2,0,normal,1,3,20,78,7173
17539,MOB_EU_HUNTER_NPC_11301130,Europe (Constantinople),113,47657,0,13714,2367,4007,113,113,190,190,2,0,normal,1,3,20,78,7174
16130,MOB_EU_THIEF_NPC_11211121,Europe (Constantinople),113,47657,0,13714,2505,3787,113,113,190,190,2,0,normal,1,3,20,88,5765
16131,MOB_EU_THIEF_NPC_11221122,Europe (Constantinople),113,47657,0,13714,2505,3787,113,113,190,190,2,0,normal,1,3,20,88,5766
16132,MOB_EU_THIEF_NPC_11231123,Europe (Constantinople),113,47657,0,13714,2505,3787,113,113,190,190,2,0,normal,1,3,20,88,5767
16133,MOB_EU_THIEF_NPC_11241124,Europe (Constantinople),113,47657,0,13714,2435,3896,113,113,190,190,2,0,normal,1,3,20,107,5768
16134,MOB_EU_THIEF_NPC_11251125,Europe (Constantinople),113,47657,0,13714,2435,3896,113,113,190,190,2,0,normal,1,3,20,69,5769
16135,MOB_EU_THIEF_NPC_11261126,Europe (Constantinople),113,47657,0,13714,2367,4007,113,113,190,190,2,0,normal,1,3,20,78,5770
16136,MOB_EU_THIEF_NPC_11271127,Europe (Constantinople),113,47657,0,13714,2367,4007,113,113,190,190,2,0,normal,1,3,20,78,5771
16137,MOB_EU_THIEF_NPC_11281128,Europe (Constantinople),113,47657,0,13714,2367,4007,113,113,190,190,2,0,normal,1,3,20,78,5772
16138,MOB_EU_THIEF_NPC_11291129,Europe (Constantinople),113,47657,0,13714,2367,4007,113,113,190,190,2,0,normal,1,3,20,78,5773
16139,MOB_EU_THIEF_NPC_11301130,Europe (Constantinople),113,47657,0,13714,2367,4007,113,113,190,190,2,0,normal,1,3,20,78,5774
22631,MOB_FW_BATTLEGOLEM_113,Forteresse (guerre de forteresse),113,61000511,0,26330601,2576,3681,113,16777329,190,190,2,3,unique_notice,1,3,42,56,12185
22211,MOB_FW_HYEONGCHEON_113,Forteresse (guerre de forteresse),113,60212419,0,19747950,2435,3896,113,113,190,190,2,3,unique_notice,1,3,23,74,11765
22351,MOB_FW_MUJIGI_113,Forteresse (guerre de forteresse),113,45750383,0,19747950,2435,3896,113,113,190,190,2,3,unique_notice,1,3,38,143,11905
21511,MOB_FW_TAESE_113,Forteresse (guerre de forteresse),113,80283225,0,26330601,2576,3681,113,113,190,190,2,3,unique_notice,1,3,10,34,11065
8705,MOB_HUNTER_NPC_11211121,AUTRE,113,55189,0,13714,2435,3896,113,113,190,190,2,0,normal,1,3,20,64,3238
8706,MOB_HUNTER_NPC_11221122,AUTRE,113,55189,0,13714,2367,4007,113,113,190,190,2,0,normal,1,3,20,64,3239
8707,MOB_HUNTER_NPC_11231123,AUTRE,113,47657,0,13714,2435,3896,113,113,190,190,2,0,normal,1,3,20,69,3240
8708,MOB_HUNTER_NPC_11241124,AUTRE,113,55189,0,13714,2505,3787,113,113,190,190,2,0,normal,1,3,20,78,3241
8709,MOB_HUNTER_NPC_11251125,AUTRE,113,47657,0,13714,2435,3896,113,113,190,190,2,0,normal,1,3,20,107,3242
8710,MOB_HUNTER_NPC_11261126,AUTRE,113,47657,0,13714,2367,4007,113,113,190,190,2,0,normal,1,3,20,64,3243
8711,MOB_HUNTER_NPC_11271127,AUTRE,113,55189,0,13714,2435,3896,113,113,190,190,2,0,normal,1,3,20,64,3244
8713,MOB_HUNTER_NPC_11291129,AUTRE,113,47657,0,13714,2435,3896,113,113,190,190,2,0,normal,1,3,20,78,3246
8714,MOB_HUNTER_NPC_11301130,AUTRE,113,47657,0,13714,2367,4007,113,113,190,190,2,0,normal,1,3,20,107,3247
41355,MOB_JUPITER_ASHERAH_LION,"Temple de Jupiter (101-120, retrofit D12)",113,62721,0,13714,2505,3787,113,113,190,190,2,1,champion,0,3,10,40,18732
41367,MOB_JUPITER_GRIFFIN,"Temple de Jupiter (101-120, retrofit D12)",113,47657,0,20571,2367,4007,113,113,190,190,2,6,elite/quest,0,3,40,90,18744
41359,MOB_JUPITER_MINO,"Temple de Jupiter (101-120, retrofit D12)",113,47657,0,20571,2367,4007,113,113,190,190,2,6,elite/quest,0,3,40,100,18736
41342,MOB_JUPITER_SOUL_CUTER,"Temple de Jupiter (101-120, retrofit D12)",113,47657,0,20571,2505,3787,113,113,190,190,2,6,elite/quest,0,3,40,100,18719
41347,MOB_JUPITER_SOUL_WATCHER,"Temple de Jupiter (101-120, retrofit D12)",113,55189,0,13714,2505,3787,113,113,190,190,2,1,champion,0,3,20,75,18724
41345,MOB_JUPITER_TEMPLE_GUARD,"Temple de Jupiter (101-120, retrofit D12)",113,55189,0,13714,2505,3787,113,113,190,190,2,0,normal,0,3,0,0,18722
41351,MOB_JUPITER_TEMPLE_LION,"Temple de Jupiter (101-120, retrofit D12)",113,62721,0,13714,2505,3787,113,113,190,190,2,0,normal,0,3,10,40,18728
41740,MOB_JUPITER_TEMPLE_LION_CLONE,"Temple de Jupiter (101-120, retrofit D12)",113,62721,0,13714,2505,3787,113,113,190,190,2,0,normal,0,3,10,40,18851
41352,MOB_JUPITER_TEMPLE_WILDLION,"Temple de Jupiter (101-120, retrofit D12)",113,62721,0,13714,2505,3787,113,113,190,190,2,0,normal,0,3,10,40,18729
41741,MOB_JUPITER_TEMPLE_WILDLION_CLONE,"Temple de Jupiter (101-120, retrofit D12)",113,62721,0,13714,2505,3787,113,113,190,190,2,0,normal,0,3,10,40,18852
3342,MOB_THIEF_NPC_11211121,Evenement caravan/thief,113,55189,0,13714,2435,3896,113,113,190,190,2,0,normal,1,3,20,64,1359
3343,MOB_THIEF_NPC_11221122,Evenement caravan/thief,113,55189,0,13714,2367,4007,113,113,190,190,2,0,normal,1,3,20,64,1360
3344,MOB_THIEF_NPC_11231123,Evenement caravan/thief,113,47657,0,13714,2435,3896,113,16777329,190,190,2,0,normal,1,3,20,69,1361
3345,MOB_THIEF_NPC_11241124,Evenement caravan/thief,113,55189,0,13714,2505,3787,113,113,190,190,2,0,normal,1,3,20,334,1362
3346,MOB_THIEF_NPC_11251125,Evenement caravan/thief,113,47657,0,13714,2435,3896,113,113,190,190,2,0,normal,1,3,20,107,1363
3347,MOB_THIEF_NPC_11261126,Evenement caravan/thief,113,47657,0,13714,2367,4007,113,113,190,190,2,0,normal,1,3,20,64,1364
3348,MOB_THIEF_NPC_11271127,Evenement caravan/thief,113,55189,0,13714,2435,3896,113,113,190,190,2,0,normal,1,3,20,64,1365
3349,MOB_THIEF_NPC_11281128,Evenement caravan/thief,113,55189,0,13714,2505,3787,113,113,190,190,2,0,normal,1,3,20,69,1366
3350,MOB_THIEF_NPC_11291129,Evenement caravan/thief,113,47657,0,13714,2435,3896,113,113,190,190,2,0,normal,1,3,20,78,1367
3351,MOB_THIEF_NPC_11301130,Evenement caravan/thief,113,47657,0,13714,2367,4007,113,113,190,190,2,0,normal,1,3,20,107,1368
24125,MOV_EV_BEAR_B_113,AUTRE,113,77399,0,54856,2153,3445,113,113,190,190,2,0,normal,1,0,50,75,13400
17544,MOB_EU_HUNTER_NPC,Europe (Constantinople),114,48987,0,14125,2505,4007,114,114,191,191,2,0,normal,1,3,20,69,7179
17540,MOB_EU_HUNTER_NPC_11311131,Europe (Constantinople),114,48987,0,14125,2576,3896,114,114,191,191,2,0,normal,1,3,20,88,7175
17541,MOB_EU_HUNTER_NPC_11321132,Europe (Constantinople),114,48987,0,14125,2576,3896,114,114,191,191,2,0,normal,1,3,20,88,7176
17543,MOB_EU_HUNTER_NPC_11341134,Europe (Constantinople),114,48987,0,14125,2505,4007,114,114,191,191,2,0,normal,1,3,20,107,7178
17545,MOB_EU_HUNTER_NPC_11361136,Europe (Constantinople),114,48987,0,14125,2435,4122,114,114,191,191,2,0,normal,1,3,20,78,7180
17546,MOB_EU_HUNTER_NPC_11371137,Europe (Constantinople),114,48987,0,14125,2435,4122,114,114,191,191,2,0,normal,1,3,20,78,7181
17547,MOB_EU_HUNTER_NPC_11381138,Europe (Constantinople),114,48987,0,14125,2435,4122,114,114,191,191,2,0,normal,1,3,20,78,7182
17548,MOB_EU_HUNTER_NPC_11391139,Europe (Constantinople),114,48987,0,14125,2435,4122,114,114,191,191,2,0,normal,1,3,20,78,7183
17549,MOB_EU_HUNTER_NPC_11401140,Europe (Constantinople),114,48987,0,14125,2435,4122,114,114,191,191,2,0,normal,1,3,20,78,7184
16140,MOB_EU_THIEF_NPC_11311131,Europe (Constantinople),114,48987,0,14125,2576,3896,114,114,191,191,2,0,normal,1,3,20,88,5775
16141,MOB_EU_THIEF_NPC_11321132,Europe (Constantinople),114,48987,0,14125,2576,3896,114,114,191,191,2,0,normal,1,3,20,88,5776
16142,MOB_EU_THIEF_NPC_11331133,Europe (Constantinople),114,48987,0,14125,2576,3896,114,16777330,191,191,2,0,normal,1,3,20,88,5777
16143,MOB_EU_THIEF_NPC_11341134,Europe (Constantinople),114,48987,0,14125,2505,4007,114,114,191,191,2,0,normal,1,3,20,363,5778
16144,MOB_EU_THIEF_NPC_11351135,Europe (Constantinople),114,48987,0,14125,2505,4007,114,114,191,191,2,0,normal,1,3,20,69,5779
16146,MOB_EU_THIEF_NPC_11371137,Europe (Constantinople),114,48987,0,14125,2435,4122,114,114,191,191,2,0,normal,1,3,20,78,5781
16147,MOB_EU_THIEF_NPC_11381138,Europe (Constantinople),114,48987,0,14125,2435,4122,114,114,191,191,2,0,normal,1,3,20,78,5782
16148,MOB_EU_THIEF_NPC_11391139,Europe (Constantinople),114,48987,0,14125,2435,4122,114,114,191,191,2,0,normal,1,3,20,78,5783
16149,MOB_EU_THIEF_NPC_11401140,Europe (Constantinople),114,48987,0,14125,2435,4122,114,114,191,191,2,0,normal,1,3,20,78,5784
22632,MOB_FW_BATTLEGOLEM_114,Forteresse (guerre de forteresse),114,62702833,0,27120519,2650,3787,114,114,191,191,2,3,unique_notice,1,3,42,56,12186
22212,MOB_FW_HYEONGCHEON_114,Forteresse (guerre de forteresse),114,61898979,0,20340390,2505,4007,114,114,191,191,2,3,unique_notice,1,3,23,74,11766
22352,MOB_FW_MUJIGI_114,Forteresse (guerre de forteresse),114,47027125,0,20340390,2505,4007,114,114,191,191,2,3,unique_notice,1,3,38,143,11906
21512,MOB_FW_TAESE_114,Forteresse (guerre de forteresse),114,82531973,0,27120519,2650,3787,114,114,191,191,2,3,unique_notice,1,3,10,34,11066
8715,MOB_HUNTER_NPC_11311131,AUTRE,114,56732,0,14125,2505,4007,114,114,191,191,2,0,normal,1,3,20,64,3248
8716,MOB_HUNTER_NPC_11321132,AUTRE,114,48987,0,14125,2576,3896,114,114,191,191,2,0,normal,1,3,20,64,3249
8717,MOB_HUNTER_NPC_11331133,AUTRE,114,56732,0,14125,2505,4007,114,114,191,191,2,0,normal,1,3,20,69,3250
8717,MOB_HUNTER_NPC_11331133,AUTRE,114,56732,0,14125,2505,4007,114,114,191,191,2,0,normal,1,3,20,69,3250
8718,MOB_HUNTER_NPC_11341134,AUTRE,114,56732,0,14125,2435,4122,114,114,191,191,2,0,normal,1,3,20,78,3251
8719,MOB_HUNTER_NPC_11351135,AUTRE,114,48987,0,14125,2505,4007,114,114,191,191,2,0,normal,1,3,20,107,3252
8720,MOB_HUNTER_NPC_11361136,AUTRE,114,56732,0,14125,2576,3896,114,114,191,191,2,0,normal,1,3,20,64,3253
8721,MOB_HUNTER_NPC_11371137,AUTRE,114,56732,0,14125,2505,4007,114,114,191,191,2,0,normal,1,3,20,64,3254
8722,MOB_HUNTER_NPC_11381138,AUTRE,114,48987,0,14125,2435,4122,114,114,191,191,2,0,normal,1,3,20,69,3255
8723,MOB_HUNTER_NPC_11391139,AUTRE,114,56732,0,14125,2505,4007,114,114,191,191,2,0,normal,1,3,20,78,3256
8724,MOB_HUNTER_NPC_11401140,AUTRE,114,48987,0,14125,2576,3896,114,16777330,191,191,2,0,normal,1,3,20,107,3257
41356,MOB_JUPITER_ANATU_LION,"Temple de Jupiter (101-120, retrofit D12)",114,64478,0,21188,2576,3896,114,114,191,191,2,6,elite/quest,0,3,10,40,18733
41361,MOB_JUPITER_FIRE_PROTECTION,"Temple de Jupiter (101-120, retrofit D12)",114,48987,0,14125,2435,4122,114,114,191,191,2,0,normal,0,3,40,90,18738
41743,MOB_JUPITER_FIRE_PROTECTION_CLONE,"Temple de Jupiter (101-120, retrofit D12)",114,48987,0,14125,2435,4122,114,16777330,191,191,2,0,normal,0,3,40,90,18854
41369,MOB_JUPITER_IMMOTAL_GRIFFIN_CONQUEROR,"Temple de Jupiter (101-120, retrofit D12)",114,48987,0,14125,2435,4122,114,114,191,191,2,1,champion,0,3,40,90,18746
41368,MOB_JUPITER_IMMOTAL_GRIFFIN_GUARD,"Temple de Jupiter (101-120, retrofit D12)",114,48987,0,14125,2435,4122,114,114,191,191,2,1,champion,0,3,40,90,18745
41362,MOB_JUPITER_WATER_PROTECTION,"Temple de Jupiter (101-120, retrofit D12)",114,48987,0,14125,2435,4122,114,114,191,191,2,0,normal,0,3,40,90,18739
41744,MOB_JUPITER_WATER_PROTECTION_CLONE,"Temple de Jupiter (101-120, retrofit D12)",114,48987,0,14125,2435,4122,114,114,191,191,2,0,normal,0,3,40,90,18855
3352,MOB_THIEF_NPC_11311131,Evenement caravan/thief,114,56732,0,14125,2505,4007,114,114,191,191,2,0,normal,1,3,20,64,1369
3353,MOB_THIEF_NPC_11321132,Evenement caravan/thief,114,48987,0,14125,2576,3896,114,114,191,191,2,0,normal,1,3,20,64,1370
3355,MOB_THIEF_NPC_11341134,Evenement caravan/thief,114,56732,0,14125,2435,4122,114,114,191,191,2,0,normal,1,3,20,78,1372
3356,MOB_THIEF_NPC_11351135,Evenement caravan/thief,114,48987,0,14125,2505,4007,114,114,191,191,2,0,normal,1,3,20,107,1373
3357,MOB_THIEF_NPC_11361136,Evenement caravan/thief,114,56732,0,14125,2576,3896,114,114,191,191,2,0,normal,1,3,20,64,1374
3358,MOB_THIEF_NPC_11371137,Evenement caravan/thief,114,56732,0,14125,2505,4007,114,114,191,191,2,0,normal,1,3,20,64,1375
3359,MOB_THIEF_NPC_11381138,Evenement caravan/thief,114,48987,0,14125,2435,4122,114,114,191,191,2,0,normal,1,3,20,69,1376
3360,MOB_THIEF_NPC_11391139,Evenement caravan/thief,114,56732,0,14125,2505,4007,114,114,191,191,2,0,normal,1,3,20,78,1377
3361,MOB_THIEF_NPC_11401140,Evenement caravan/thief,114,48987,0,14125,2576,3896,114,114,191,191,2,0,normal,1,3,20,363,1378
24126,MOV_EV_BEAR_B_114,AUTRE,114,79622,0,56500,2215,3544,114,114,191,191,2,0,normal,1,0,50,75,13401
17550,MOB_EU_HUNTER_NPC_11411141,Europe (Constantinople),115,50351,0,14549,2650,4007,115,115,192,192,2,0,normal,1,3,20,88,7185
17551,MOB_EU_HUNTER_NPC_11421142,Europe (Constantinople),115,50351,0,14549,2650,4007,115,115,192,192,2,0,normal,1,3,20,88,7186
17552,MOB_EU_HUNTER_NPC_11431143,Europe (Constantinople),115,50351,0,14549,2650,4007,115,115,192,192,2,0,normal,1,3,20,88,7187
17553,MOB_EU_HUNTER_NPC_11441144,Europe (Constantinople),115,50351,0,14549,2576,4122,115,115,192,192,2,0,normal,1,3,20,108,7188
17554,MOB_EU_HUNTER_NPC_11451145,Europe (Constantinople),115,50351,0,14549,2576,4122,115,115,192,192,2,0,normal,1,3,20,69,7189
17555,MOB_EU_HUNTER_NPC_11461146,Europe (Constantinople),115,50351,0,14549,2505,4240,115,115,192,192,2,0,normal,1,3,20,79,7190
17556,MOB_EU_HUNTER_NPC_11471147,Europe (Constantinople),115,50351,0,14549,2505,4240,115,115,192,192,2,0,normal,1,3,20,79,7191
17557,MOB_EU_HUNTER_NPC_11481148,Europe (Constantinople),115,50351,0,14549,2505,4240,115,115,192,192,2,0,normal,1,3,20,79,7192
17558,MOB_EU_HUNTER_NPC_11491149,Europe (Constantinople),115,50351,0,14549,2505,4240,115,16777331,192,192,2,0,normal,1,3,20,79,7193
17559,MOB_EU_HUNTER_NPC_11501150,Europe (Constantinople),115,50351,0,14549,2505,4240,115,115,192,192,2,0,normal,1,3,20,79,7194
16150,MOB_EU_THIEF_NPC_11411141,Europe (Constantinople),115,50351,0,14549,2650,4007,115,115,192,192,2,0,normal,1,3,20,88,5785
16151,MOB_EU_THIEF_NPC_11421142,Europe (Constantinople),115,50351,0,14549,2650,4007,115,115,192,192,2,0,normal,1,3,20,88,5786
16152,MOB_EU_THIEF_NPC_11431143,Europe (Constantinople),115,50351,0,14549,2650,4007,115,115,192,192,2,0,normal,1,3,20,88,5787
16153,MOB_EU_THIEF_NPC_11441144,Europe (Constantinople),115,50351,0,14549,2576,4122,115,115,192,192,2,0,normal,1,3,20,108,5788
16154,MOB_EU_THIEF_NPC_11451145,Europe (Constantinople),115,50351,0,14549,2576,4122,115,115,192,192,2,0,normal,1,3,20,69,5789
16155,MOB_EU_THIEF_NPC_11461146,Europe (Constantinople),115,50351,0,14549,2505,4240,115,115,192,192,2,0,normal,1,3,20,79,5790
16156,MOB_EU_THIEF_NPC_11471147,Europe (Constantinople),115,50351,0,14549,2505,4240,115,115,192,192,2,0,normal,1,3,20,79,5791
16157,MOB_EU_THIEF_NPC_11481148,Europe (Constantinople),115,50351,0,14549,2505,4240,115,115,192,192,2,0,normal,1,3,20,79,5792
16159,MOB_EU_THIEF_NPC_11501150,Europe (Constantinople),115,50351,0,14549,2505,4240,115,115,192,192,2,0,normal,1,3,20,79,5794
22213,MOB_FW_HYEONGCHEON_115,Forteresse (guerre de forteresse),115,63628917,0,20950601,2576,4122,115,115,192,192,2,3,unique_notice,1,3,23,74,11767
22353,MOB_FW_MUJIGI_115,Forteresse (guerre de forteresse),115,48336636,0,20950601,2576,4122,115,115,192,192,2,3,unique_notice,1,3,38,143,11907
21513,MOB_FW_TAESE_115,Forteresse (guerre de forteresse),115,84838556,0,27934134,2725,3896,115,115,192,192,2,3,unique_notice,1,3,10,34,11067
8725,MOB_HUNTER_NPC_11411141,AUTRE,115,50351,0,14549,2576,4122,115,115,192,192,2,0,normal,1,3,20,64,3258
8727,MOB_HUNTER_NPC_11431143,AUTRE,115,58315,0,14549,2576,4122,115,115,192,192,2,0,normal,1,3,20,69,3260
8728,MOB_HUNTER_NPC_11441144,AUTRE,115,50351,0,14549,2650,4007,115,115,192,192,2,0,normal,1,3,20,79,3261
8729,MOB_HUNTER_NPC_11451145,AUTRE,115,50351,0,14549,2576,4122,115,115,192,192,2,0,normal,1,3,20,108,3262
8730,MOB_HUNTER_NPC_11461146,AUTRE,115,58315,0,14549,2505,4240,115,115,192,192,2,0,normal,1,3,20,64,3263
8731,MOB_HUNTER_NPC_11471147,AUTRE,115,50351,0,14549,2576,4122,115,115,192,192,2,0,normal,1,3,20,64,3264
8732,MOB_HUNTER_NPC_11481148,AUTRE,115,58315,0,14549,2650,4007,115,115,192,192,2,0,normal,1,3,20,69,3265
8733,MOB_HUNTER_NPC_11491149,AUTRE,115,58315,0,14549,2576,4122,115,115,192,192,2,0,normal,1,3,20,79,3266
8734,MOB_HUNTER_NPC_11501150,AUTRE,115,50351,0,14549,2505,4240,115,115,192,192,2,0,normal,1,3,20,108,3267
41411,MOB_JUPITER_AUTHORITY_CROWN,"Temple de Jupiter (101-120, retrofit D12)",115,66280,0,14549,2505,4240,115,115,192,192,2,6,elite/quest,0,3,0,0,18788
41414,MOB_JUPITER_BABILION_CLON,"Temple de Jupiter (101-120, retrofit D12)",115,66280,0,14549,2505,4240,115,115,192,192,2,6,elite/quest,0,3,20,40,18791
41360,MOB_JUPITER_DESPAIR_MINO,"Temple de Jupiter (101-120, retrofit D12)",115,50351,0,21824,2505,4240,115,115,192,192,2,6,elite/quest,0,3,40,100,18737
41412,MOB_JUPITER_HEAVENLY_GODS,"Temple de Jupiter (101-120, retrofit D12)",115,66280,0,14549,2505,4240,115,115,192,192,2,6,elite/quest,0,3,0,0,18789
41370,MOB_JUPITER_IMMOTAL_GRIFFIN,"Temple de Jupiter (101-120, retrofit D12)",115,50351,0,21824,2505,4240,115,115,192,192,2,6,elite/quest,0,3,40,90,18747
41364,MOB_JUPITER_IMMOTAL_SHARPBEAK,"Temple de Jupiter (101-120, retrofit D12)",115,50351,0,14549,2505,4240,115,115,192,192,2,0,normal,0,3,40,90,18741
41349,MOB_JUPITER_IMMOTAL_WATCH,"Temple de Jupiter (101-120, retrofit D12)",115,58315,0,14549,2650,4007,115,115,192,192,2,1,champion,0,3,20,75,18726
41410,MOB_JUPITER_LIFE_SEED,"Temple de Jupiter (101-120, retrofit D12)",115,66280,0,14549,2505,4240,115,115,192,192,2,6,elite/quest,0,3,0,0,18787
41415,MOB_JUPITER_PROHIBITION,"Temple de Jupiter (101-120, retrofit D12)",115,66280,0,14549,2505,4240,115,115,192,192,2,6,elite/quest,0,3,0,0,18792
41413,MOB_JUPITER_REFLECTION_SHIELD,"Temple de Jupiter (101-120, retrofit D12)",115,66280,0,14549,2505,4240,115,115,192,192,2,6,elite/quest,0,3,0,0,18790
41742,MOB_JUPITER_RUIN_WATCHER_CLONE,"Temple de Jupiter (101-120, retrofit D12)",115,50351,0,14549,2505,4240,115,115,192,192,2,0,normal,0,3,40,100,18853
41363,MOB_JUPITER_SOUL_PROTECTION,"Temple de Jupiter (101-120, retrofit D12)",115,50351,0,14549,2505,4240,115,115,192,192,2,0,normal,0,3,40,90,18740
41745,MOB_JUPITER_SOUL_PROTECTION_CLONE,"Temple de Jupiter (101-120, retrofit D12)",115,50351,0,14549,2505,4240,115,115,192,192,2,0,normal,0,3,40,90,18856
41416,MOB_JUPITER_THE_EARTH1,"Temple de Jupiter (101-120, retrofit D12)",115,15907229,0,5237650,2650,4007,120,120,197,197,2,8,unique_silencieux,0,3,30,40,18793
41417,MOB_JUPITER_THE_EARTH2,"Temple de Jupiter (101-120, retrofit D12)",115,18028193,0,5936004,2650,4007,121,121,198,198,2,8,unique_silencieux,0,3,32,45,18794
41418,MOB_JUPITER_YUNO,"Temple de Jupiter (101-120, retrofit D12)",115,24168318,0,9078594,2505,4240,123,123,200,200,2,3,unique_notice,0,3,60,100,18795
3362,MOB_THIEF_NPC_11411141,Evenement caravan/thief,115,50351,0,14549,2576,4122,115,115,192,192,2,0,normal,1,3,20,64,1379
3363,MOB_THIEF_NPC_11421142,Evenement caravan/thief,115,58315,0,14549,2505,4240,115,115,192,192,2,0,normal,1,3,20,64,1380
3364,MOB_THIEF_NPC_11431143,Evenement caravan/thief,115,58315,0,14549,2576,4122,115,115,192,192,2,0,normal,1,3,20,69,1381
3365,MOB_THIEF_NPC_11441144,Evenement caravan/thief,115,50351,0,14549,2650,4007,115,115,192,192,2,0,normal,1,3,20,79,1382
3366,MOB_THIEF_NPC_11451145,Evenement caravan/thief,115,50351,0,14549,2576,4122,115,115,192,192,2,0,normal,1,3,20,108,1383
3367,MOB_THIEF_NPC_11461146,Evenement caravan/thief,115,58315,0,14549,2505,4240,115,115,192,192,2,0,normal,1,3,20,64,1384
3368,MOB_THIEF_NPC_11471147,Evenement caravan/thief,115,50351,0,14549,2576,4122,115,16777331,192,192,2,0,normal,1,3,20,64,1385
3369,MOB_THIEF_NPC_11481148,Evenement caravan/thief,115,58315,0,14549,2650,4007,115,115,192,192,2,0,normal,1,3,20,69,1386
3371,MOB_THIEF_NPC_11501150,Evenement caravan/thief,115,50351,0,14549,2505,4240,115,115,192,192,2,0,normal,1,3,20,108,1388
24127,MOV_EV_BEAR_B_115,AUTRE,115,81903,0,58196,2278,3644,115,115,192,192,2,0,normal,1,0,50,75,13402
23063,COS_P_PENGUIN_116,COS (pets/vehicules),116,84243,0,14985,2342,3748,116,116,193,193,2,0,normal,1,3,50,75,12549
8744,MMB_HUNTER_NPC_11601160,AUTRE,116,51750,0,14985,2725,4122,116,116,193,193,2,0,normal,1,3,20,108,3277
17560,MOB_EU_HUNTER_NPC_11511151,Europe (Constantinople),116,51750,0,14985,2725,4122,116,116,193,193,2,0,normal,1,3,20,89,7195
17561,MOB_EU_HUNTER_NPC_11521152,Europe (Constantinople),116,51750,0,14985,2725,4122,116,116,193,193,2,0,normal,1,3,20,89,7196
17562,MOB_EU_HUNTER_NPC_11531153,Europe (Constantinople),116,51750,0,14985,2725,4122,116,116,193,193,2,0,normal,1,3,20,89,7197
17563,MOB_EU_HUNTER_NPC_11541154,Europe (Constantinople),116,51750,0,14985,2650,4240,116,116,193,193,2,0,normal,1,3,20,108,7198
17564,MOB_EU_HUNTER_NPC_11551155,Europe (Constantinople),116,51750,0,14985,2650,4240,116,116,193,193,2,0,normal,1,3,20,69,7199
17566,MOB_EU_HUNTER_NPC_11571157,Europe (Constantinople),116,51750,0,14985,2576,4360,116,116,193,193,2,0,normal,1,3,20,79,7201
17567,MOB_EU_HUNTER_NPC_11581158,Europe (Constantinople),116,51750,0,14985,2576,4360,116,116,193,193,2,0,normal,1,3,20,79,7202
17568,MOB_EU_HUNTER_NPC_11591159,Europe (Constantinople),116,51750,0,14985,2576,4360,116,116,193,193,2,0,normal,1,3,20,79,7203
17569,MOB_EU_HUNTER_NPC_11601160,Europe (Constantinople),116,51750,0,14985,2576,4360,116,116,193,193,2,0,normal,1,3,20,79,7204
16160,MOB_EU_THIEF_NPC_11511151,Europe (Constantinople),116,51750,0,14985,2725,4122,116,116,193,193,2,0,normal,1,3,20,89,5795
16161,MOB_EU_THIEF_NPC_11521152,Europe (Constantinople),116,51750,0,14985,2725,4122,116,116,193,193,2,0,normal,1,3,20,89,5796
16162,MOB_EU_THIEF_NPC_11531153,Europe (Constantinople),116,51750,0,14985,2725,4122,116,116,193,193,2,0,normal,1,3,20,89,5797
16163,MOB_EU_THIEF_NPC_11541154,Europe (Constantinople),116,51750,0,14985,2650,4240,116,116,193,193,2,0,normal,1,3,20,108,5798
16164,MOB_EU_THIEF_NPC_11551155,Europe (Constantinople),116,51750,0,14985,2650,4240,116,116,193,193,2,0,normal,1,3,20,69,5799
16165,MOB_EU_THIEF_NPC_11561156,Europe (Constantinople),116,51750,0,14985,2576,4360,116,116,193,193,2,0,normal,1,3,20,79,5800
16166,MOB_EU_THIEF_NPC_11571157,Europe (Constantinople),116,51750,0,14985,2576,4360,116,16777332,193,193,2,0,normal,1,3,20,79,5801
16167,MOB_EU_THIEF_NPC_11581158,Europe (Constantinople),116,51750,0,14985,2576,4360,116,116,193,193,2,0,normal,1,3,20,79,5802
16168,MOB_EU_THIEF_NPC_11591159,Europe (Constantinople),116,51750,0,14985,2576,4360,116,116,193,193,2,0,normal,1,3,20,79,5803
16169,MOB_EU_THIEF_NPC_11601160,Europe (Constantinople),116,51750,0,14985,2576,4360,116,116,193,193,2,0,normal,1,3,20,79,5804
22634,MOB_FW_BATTLEGOLEM_116,Forteresse (guerre de forteresse),116,66239622,0,28772158,2802,4007,116,116,193,193,2,3,unique_notice,1,3,42,56,12188
22214,MOB_FW_HYEONGCHEON_116,Forteresse (guerre de forteresse),116,65403293,0,21579119,2650,4240,116,116,193,193,2,3,unique_notice,1,3,23,330,11768
22354,MOB_FW_MUJIGI_116,Forteresse (guerre de forteresse),116,49679717,0,21579119,2650,4240,116,116,193,193,2,3,unique_notice,1,3,38,143,11908
21514,MOB_FW_TAESE_116,Forteresse (guerre de forteresse),116,87204391,0,28772158,2802,4007,116,116,193,193,2,3,unique_notice,1,3,10,34,11068
8735,MOB_HUNTER_NPC_11511151,AUTRE,116,59939,0,14985,2650,4240,116,116,193,193,2,0,normal,1,3,20,65,3268
8736,MOB_HUNTER_NPC_11521152,AUTRE,116,59939,0,14985,2725,4122,116,116,193,193,2,0,normal,1,3,20,65,3269
8737,MOB_HUNTER_NPC_11531153,AUTRE,116,51750,0,14985,2650,4240,116,116,193,193,2,0,normal,1,3,20,69,3270
8738,MOB_HUNTER_NPC_11541154,AUTRE,116,59939,0,14985,2576,4360,116,116,193,193,2,0,normal,1,3,20,79,3271
8739,MOB_HUNTER_NPC_11551155,AUTRE,116,51750,0,14985,2650,4240,116,116,193,193,2,0,normal,1,3,20,108,3272
8740,MOB_HUNTER_NPC_11561156,AUTRE,116,51750,0,14985,2725,4122,116,116,193,193,2,0,normal,1,3,20,65,3273
8741,MOB_HUNTER_NPC_11571157,AUTRE,116,59939,0,14985,2650,4240,116,116,193,193,2,0,normal,1,3,20,65,3274
8742,MOB_HUNTER_NPC_11581158,AUTRE,116,59939,0,14985,2576,4360,116,116,193,193,2,0,normal,1,3,20,69,3275
8743,MOB_HUNTER_NPC_11591159,AUTRE,116,51750,0,14985,2650,4240,116,116,193,193,2,0,normal,1,3,20,79,3276
41748,MOB_JUPITER_ANGER_FANATICISM_CLONE,"Temple de Jupiter (101-120, retrofit D12)",116,59939,0,14985,2576,4360,116,116,193,193,2,0,normal,0,3,30,75,18859
41393,MOB_JUPITER_BAAL_CURSING_FANATICISM,"Temple de Jupiter (101-120, retrofit D12)",116,59939,0,14985,2576,4360,116,116,193,193,2,0,normal,0,3,10,75,18770
41371,MOB_JUPITER_BAAL_FANATICISM,"Temple de Jupiter (101-120, retrofit D12)",116,59939,0,14985,2576,4360,116,116,193,193,2,0,normal,0,3,30,75,18748
41746,MOB_JUPITER_BAAL_FANATICISM_CLONE,"Temple de Jupiter (101-120, retrofit D12)",116,59939,0,14985,2576,4360,116,116,193,193,2,0,normal,0,3,30,75,18857
41389,MOB_JUPITER_CHARM_WITCH2,"Temple de Jupiter (101-120, retrofit D12)",116,51750,0,14985,2576,4360,116,116,193,193,2,1,champion,0,3,50,120,18766
41372,MOB_JUPITER_CRUEL_FANATICISM,"Temple de Jupiter (101-120, retrofit D12)",116,59939,0,14985,2576,4360,116,116,193,193,2,0,normal,0,3,30,75,18749
41747,MOB_JUPITER_CRUEL_FANATICISM_CLONE,"Temple de Jupiter (101-120, retrofit D12)",116,59939,0,14985,2576,4360,116,116,193,193,2,0,normal,0,3,30,75,18858
41386,MOB_JUPITER_DEVIL_DARK,"Temple de Jupiter (101-120, retrofit D12)",116,51750,0,22478,2725,4122,116,116,193,193,2,6,elite/quest,0,3,30,100,18763
41405,MOB_JUPITER_HELL_SERPENT,"Temple de Jupiter (101-120, retrofit D12)",116,59939,0,14985,2576,4360,116,16777332,193,193,2,0,normal,0,3,20,75,18782
41374,MOB_JUPITER_MEANNESS_FANATICISM,"Temple de Jupiter (101-120, retrofit D12)",116,59939,0,14985,2576,4360,116,116,193,193,2,1,champion,0,3,30,75,18751
41373,MOB_JUPITER_WILD_FANATICISM,"Temple de Jupiter (101-120, retrofit D12)",116,59939,0,14985,2576,4360,116,116,193,193,2,0,normal,0,3,30,75,18750
3372,MOB_THIEF_NPC_11511151,Evenement caravan/thief,116,59939,0,14985,2650,4240,116,116,193,193,2,0,normal,1,3,20,65,1389
3373,MOB_THIEF_NPC_11521152,Evenement caravan/thief,116,59939,0,14985,2725,4122,116,116,193,193,2,0,normal,1,3,20,65,1390
3374,MOB_THIEF_NPC_11531153,Evenement caravan/thief,116,51750,0,14985,2650,4240,116,116,193,193,2,0,normal,1,3,20,69,1391
3375,MOB_THIEF_NPC_11541154,Evenement caravan/thief,116,59939,0,14985,2576,4360,116,116,193,193,2,0,normal,1,3,20,79,1392
3376,MOB_THIEF_NPC_11551155,Evenement caravan/thief,116,51750,0,14985,2650,4240,116,116,193,193,2,0,normal,1,3,20,108,1393
3377,MOB_THIEF_NPC_11561156,Evenement caravan/thief,116,51750,0,14985,2725,4122,116,116,193,193,2,0,normal,1,3,20,65,1394
3378,MOB_THIEF_NPC_11571157,Evenement caravan/thief,116,59939,0,14985,2650,4240,116,116,193,193,2,0,normal,1,3,20,321,1395
3379,MOB_THIEF_NPC_11581158,Evenement caravan/thief,116,59939,0,14985,2576,4360,116,116,193,193,2,0,normal,1,3,20,69,1396
3380,MOB_THIEF_NPC_11591159,Evenement caravan/thief,116,51750,0,14985,2650,4240,116,116,193,193,2,0,normal,1,3,20,79,1397
3381,MOB_THIEF_NPC_11601160,Evenement caravan/thief,116,51750,0,14985,2725,4122,116,116,193,193,2,0,normal,1,3,20,108,1398
24128,MOV_EV_BEAR_B_116,AUTRE,116,84243,0,59940,2342,3748,116,116,193,193,2,0,normal,1,0,50,75,13403
17570,MOB_EU_HUNTER_NPC_11611161,Europe (Constantinople),117,53185,0,15435,2802,4240,117,117,194,194,2,0,normal,1,3,20,89,7205
17571,MOB_EU_HUNTER_NPC_11621162,Europe (Constantinople),117,53185,0,15435,2802,4240,117,117,194,194,2,0,normal,1,3,20,89,7206
17572,MOB_EU_HUNTER_NPC_11631163,Europe (Constantinople),117,53185,0,15435,2802,4240,117,117,194,194,2,0,normal,1,3,20,89,7207
17574,MOB_EU_HUNTER_NPC_11651165,Europe (Constantinople),117,53185,0,15435,2725,4360,117,117,194,194,2,0,normal,1,3,20,70,7209
17575,MOB_EU_HUNTER_NPC_11661166,Europe (Constantinople),117,53185,0,15435,2650,4484,117,117,194,194,2,0,normal,1,3,20,79,7210
17576,MOB_EU_HUNTER_NPC_11671167,Europe (Constantinople),117,53185,0,15435,2650,4484,117,117,194,194,2,0,normal,1,3,20,79,7211
17577,MOB_EU_HUNTER_NPC_11681168,Europe (Constantinople),117,53185,0,15435,2650,4484,117,117,194,194,2,0,normal,1,3,20,79,7212
17578,MOB_EU_HUNTER_NPC_11691169,Europe (Constantinople),117,53185,0,15435,2650,4484,117,117,194,194,2,0,normal,1,3,20,79,7213
17579,MOB_EU_HUNTER_NPC_11701170,Europe (Constantinople),117,53185,0,15435,2650,4484,117,117,194,194,2,0,normal,1,3,20,79,7214
16170,MOB_EU_THIEF_NPC_11611161,Europe (Constantinople),117,53185,0,15435,2802,4240,117,117,194,194,2,0,normal,1,3,20,89,5805
16171,MOB_EU_THIEF_NPC_11621162,Europe (Constantinople),117,53185,0,15435,2802,4240,117,117,194,194,2,0,normal,1,3,20,89,5806
16172,MOB_EU_THIEF_NPC_11631163,Europe (Constantinople),117,53185,0,15435,2802,4240,117,117,194,194,2,0,normal,1,3,20,89,5807
16173,MOB_EU_THIEF_NPC_11641164,Europe (Constantinople),117,53185,0,15435,2725,4360,117,117,194,194,2,0,normal,1,3,20,109,5808
16174,MOB_EU_THIEF_NPC_11651165,Europe (Constantinople),117,53185,0,15435,2725,4360,117,117,194,194,2,0,normal,1,3,20,326,5809
16175,MOB_EU_THIEF_NPC_11661166,Europe (Constantinople),117,53185,0,15435,2650,4484,117,117,194,194,2,0,normal,1,3,20,79,5810
16177,MOB_EU_THIEF_NPC_11681168,Europe (Constantinople),117,53185,0,15435,2650,4484,117,117,194,194,2,0,normal,1,3,20,79,5812
16178,MOB_EU_THIEF_NPC_11691169,Europe (Constantinople),117,53185,0,15435,2650,4484,117,117,194,194,2,0,normal,1,3,20,79,5813
16179,MOB_EU_THIEF_NPC_11701170,Europe (Constantinople),117,53185,0,15435,2650,4484,117,117,194,194,2,0,normal,1,3,20,79,5814
22635,MOB_FW_BATTLEGOLEM_117,Forteresse (guerre de forteresse),117,68076248,0,29635324,2882,4122,117,117,194,194,2,3,unique_notice,1,3,42,56,12189
22215,MOB_FW_HYEONGCHEON_117,Forteresse (guerre de forteresse),117,67223192,0,22226493,2725,4360,117,117,194,194,2,3,unique_notice,1,3,23,74,11769
22355,MOB_FW_MUJIGI_117,Forteresse (guerre de forteresse),117,51057186,0,22226493,2725,4360,117,117,194,194,2,3,unique_notice,1,3,38,143,11909
21515,MOB_FW_TAESE_117,Forteresse (guerre de forteresse),117,89630923,0,29635324,2882,4122,117,117,194,194,2,3,unique_notice,1,3,10,34,11069
8745,MOB_HUNTER_NPC_11611161,AUTRE,117,61604,0,15435,2725,4360,117,117,194,194,2,0,normal,1,3,20,65,3278
8746,MOB_HUNTER_NPC_11621162,AUTRE,117,53185,0,15435,2650,4484,117,117,194,194,2,0,normal,1,3,20,65,3279
8747,MOB_HUNTER_NPC_11631163,AUTRE,117,61604,0,15435,2725,4360,117,117,194,194,2,0,normal,1,3,20,70,3280
8748,MOB_HUNTER_NPC_11641164,AUTRE,117,61604,0,15435,2802,4240,117,16777333,194,194,2,0,normal,1,3,20,79,3281
8749,MOB_HUNTER_NPC_11651165,AUTRE,117,53185,0,15435,2725,4360,117,117,194,194,2,0,normal,1,3,20,109,3282
8749,MOB_HUNTER_NPC_11651165,AUTRE,117,53185,0,15435,2725,4360,117,117,194,194,2,0,normal,1,3,20,109,3282
8750,MOB_HUNTER_NPC_11661166,AUTRE,117,61604,0,15435,2650,4484,117,117,194,194,2,0,normal,1,3,20,65,3283
8751,MOB_HUNTER_NPC_11671167,AUTRE,117,61604,0,15435,2725,4360,117,117,194,194,2,0,normal,1,3,20,65,3284
8752,MOB_HUNTER_NPC_11681168,AUTRE,117,53185,0,15435,2802,4240,117,117,194,194,2,0,normal,1,3,20,70,3285
8753,MOB_HUNTER_NPC_11691169,AUTRE,117,61604,0,15435,2725,4360,117,117,194,194,2,0,normal,1,3,20,79,3286
8754,MOB_HUNTER_NPC_11701170,AUTRE,117,53185,0,15435,2650,4484,117,117,194,194,2,0,normal,1,3,20,109,3287
41378,MOB_JUPITER_ANGER_FANATICISM,"Temple de Jupiter (101-120, retrofit D12)",117,61604,0,15435,2650,4484,117,117,194,194,2,1,champion,0,3,30,75,18755
41754,MOB_JUPITER_BAAL_CURSING_FANATICISM_CLONE,"Temple de Jupiter (101-120, retrofit D12)",117,61604,0,15435,2650,4484,117,117,194,194,2,0,normal,0,3,10,75,18865
41394,MOB_JUPITER_BAAL_CURSING_WATCH,"Temple de Jupiter (101-120, retrofit D12)",117,61604,0,15435,2650,4484,117,117,194,194,2,0,normal,0,3,10,75,18771
41755,MOB_JUPITER_BAAL_CURSING_WATCH_CLONE,"Temple de Jupiter (101-120, retrofit D12)",117,61604,0,15435,2650,4484,117,117,194,194,2,0,normal,0,3,10,75,18866
41407,MOB_JUPITER_DEMON_SERPENT,"Temple de Jupiter (101-120, retrofit D12)",117,61604,0,15435,2650,4484,117,117,194,194,2,1,champion,0,3,20,75,18784
41403,MOB_JUPITER_GREED_WATCH,"Temple de Jupiter (101-120, retrofit D12)",117,53185,0,23153,2650,4484,117,117,194,194,2,6,elite/quest,0,3,20,100,18780
41381,MOB_JUPITER_HELL_PROTECTION,"Temple de Jupiter (101-120, retrofit D12)",117,53185,0,15435,2802,4240,117,16777333,194,194,2,0,normal,0,3,30,100,18758
41758,MOB_JUPITER_HELL_SERPENT_CLONE,"Temple de Jupiter (101-120, retrofit D12)",117,61604,0,15435,2650,4484,117,117,194,194,2,0,normal,0,3,20,75,18869
41380,MOB_JUPITER_HELL_WATCH,"Temple de Jupiter (101-120, retrofit D12)",117,53185,0,15435,2802,4240,117,117,194,194,2,0,normal,0,3,30,100,18757
41357,MOB_JUPITER_RUIN_WATCHER,"Temple de Jupiter (101-120, retrofit D12)",117,53185,0,15435,2650,4484,117,16777333,194,194,2,0,normal,0,3,40,100,18734
41382,MOB_JUPITER_VAMPIRE_DEVILDOG,"Temple de Jupiter (101-120, retrofit D12)",117,53185,0,15435,2802,4240,117,117,194,194,2,1,champion,0,3,30,100,18759
41383,MOB_JUPITER_VAMPIRE_WATCHDOG,"Temple de Jupiter (101-120, retrofit D12)",117,53185,0,15435,2802,4240,117,117,194,194,2,1,champion,0,3,30,100,18760
3382,MOB_THIEF_NPC_11611161,Evenement caravan/thief,117,61604,0,15435,2725,4360,117,117,194,194,2,0,normal,1,3,20,65,1399
3383,MOB_THIEF_NPC_11621162,Evenement caravan/thief,117,53185,0,15435,2650,4484,117,117,194,194,2,0,normal,1,3,20,65,1400
3384,MOB_THIEF_NPC_11631163,Evenement caravan/thief,117,61604,0,15435,2725,4360,117,117,194,194,2,0,normal,1,3,20,70,1401
3385,MOB_THIEF_NPC_11641164,Evenement caravan/thief,117,61604,0,15435,2802,4240,117,117,194,194,2,0,normal,1,3,20,79,1402
3386,MOB_THIEF_NPC_11651165,Evenement caravan/thief,117,53185,0,15435,2725,4360,117,117,194,194,2,0,normal,1,3,20,109,1403
3388,MOB_THIEF_NPC_11671167,Evenement caravan/thief,117,61604,0,15435,2725,4360,117,117,194,194,2,0,normal,1,3,20,65,1405
3389,MOB_THIEF_NPC_11681168,Evenement caravan/thief,117,53185,0,15435,2802,4240,117,117,194,194,2,0,normal,1,3,20,70,1406
3390,MOB_THIEF_NPC_11691169,Evenement caravan/thief,117,61604,0,15435,2725,4360,117,117,194,194,2,0,normal,1,3,20,79,1407
3391,MOB_THIEF_NPC_11701170,Evenement caravan/thief,117,53185,0,15435,2650,4484,117,117,194,194,2,0,normal,1,3,20,109,1408
24129,MOV_EV_BEAR_B_117,AUTRE,117,86644,0,61740,2409,3854,117,117,194,194,2,0,normal,1,0,50,75,13404
17580,MOB_EU_HUNTER_NPC_11711171,Europe (Constantinople),118,54656,0,15898,2882,4360,118,118,195,195,2,0,normal,1,3,20,89,7215
17581,MOB_EU_HUNTER_NPC_11721172,Europe (Constantinople),118,54656,0,15898,2882,4360,118,118,195,195,2,0,normal,1,3,20,89,7216
17582,MOB_EU_HUNTER_NPC_11731173,Europe (Constantinople),118,54656,0,15898,2882,4360,118,16777334,195,195,2,0,normal,1,3,20,89,7217
17583,MOB_EU_HUNTER_NPC_11741174,Europe (Constantinople),118,54656,0,15898,2802,4484,118,118,195,195,2,0,normal,1,3,20,109,7218
17584,MOB_EU_HUNTER_NPC_11751175,Europe (Constantinople),118,54656,0,15898,2802,4484,118,118,195,195,2,0,normal,1,3,20,70,7219
17585,MOB_EU_HUNTER_NPC_11761176,Europe (Constantinople),118,54656,0,15898,2725,4611,118,118,195,195,2,0,normal,1,3,20,80,7220
17586,MOB_EU_HUNTER_NPC_11771177,Europe (Constantinople),118,54656,0,15898,2725,4611,118,118,195,195,2,0,normal,1,3,20,80,7221
17587,MOB_EU_HUNTER_NPC_11781178,Europe (Constantinople),118,54656,0,15898,2725,4611,118,118,195,195,2,0,normal,1,3,20,80,7222
17588,MOB_EU_HUNTER_NPC_11791179,Europe (Constantinople),118,54656,0,15898,2725,4611,118,118,195,195,2,0,normal,1,3,20,80,7223
17589,MOB_EU_HUNTER_NPC_11801180,Europe (Constantinople),118,54656,0,15898,2725,4611,118,118,195,195,2,0,normal,1,3,20,80,7224
16180,MOB_EU_THIEF_NPC_11711171,Europe (Constantinople),118,54656,0,15898,2882,4360,118,118,195,195,2,0,normal,1,3,20,89,5815
16181,MOB_EU_THIEF_NPC_11721172,Europe (Constantinople),118,54656,0,15898,2882,4360,118,118,195,195,2,0,normal,1,3,20,89,5816
16182,MOB_EU_THIEF_NPC_11731173,Europe (Constantinople),118,54656,0,15898,2882,4360,118,118,195,195,2,0,normal,1,3,20,89,5817
16184,MOB_EU_THIEF_NPC_11751175,Europe (Constantinople),118,54656,0,15898,2802,4484,118,118,195,195,2,0,normal,1,3,20,70,5819
16185,MOB_EU_THIEF_NPC_11761176,Europe (Constantinople),118,54656,0,15898,2725,4611,118,118,195,195,2,0,normal,1,3,20,80,5820
16186,MOB_EU_THIEF_NPC_11771177,Europe (Constantinople),118,54656,0,15898,2725,4611,118,118,195,195,2,0,normal,1,3,20,80,5821
16187,MOB_EU_THIEF_NPC_11781178,Europe (Constantinople),118,54656,0,15898,2725,4611,118,118,195,195,2,0,normal,1,3,20,80,5822
16188,MOB_EU_THIEF_NPC_11791179,Europe (Constantinople),118,54656,0,15898,2725,4611,118,118,195,195,2,0,normal,1,3,20,80,5823
22636,MOB_FW_BATTLEGOLEM_118,Forteresse (guerre de forteresse),118,69959843,0,30524383,2963,4240,118,118,195,195,2,3,unique_notice,1,3,42,56,12190
22356,MOB_FW_MUJIGI_118,Forteresse (guerre de forteresse),118,52469882,0,22893287,2802,4484,118,118,195,195,2,3,unique_notice,1,3,38,143,11910
21516,MOB_FW_TAESE_118,Forteresse (guerre de forteresse),118,92119635,0,30524383,2963,4240,118,118,195,195,2,3,unique_notice,1,3,10,34,11070
8755,MOB_HUNTER_NPC_11711171,AUTRE,118,54656,0,15898,2802,4484,118,118,195,195,2,0,normal,1,3,20,65,3288
8756,MOB_HUNTER_NPC_11721172,AUTRE,118,63312,0,15898,2882,4360,118,118,195,195,2,0,normal,1,3,20,65,3289
8757,MOB_HUNTER_NPC_11731173,AUTRE,118,63312,0,15898,2802,4484,118,118,195,195,2,0,normal,1,3,20,70,3290
8759,MOB_HUNTER_NPC_11751175,AUTRE,118,54656,0,15898,2802,4484,118,118,195,195,2,0,normal,1,3,20,109,3292
8760,MOB_HUNTER_NPC_11761176,AUTRE,118,63312,0,15898,2882,4360,118,118,195,195,2,0,normal,1,3,20,65,3293
8761,MOB_HUNTER_NPC_11771177,AUTRE,118,54656,0,15898,2802,4484,118,118,195,195,2,0,normal,1,3,20,65,3294
8762,MOB_HUNTER_NPC_11781178,AUTRE,118,63312,0,15898,2725,4611,118,118,195,195,2,0,normal,1,3,20,70,3295
8763,MOB_HUNTER_NPC_11791179,AUTRE,118,63312,0,15898,2802,4484,118,118,195,195,2,0,normal,1,3,20,80,3296
8764,MOB_HUNTER_NPC_11801180,AUTRE,118,54656,0,15898,2882,4360,118,118,195,195,2,0,normal,1,3,20,109,3297
41395,MOB_JUPITER_BAAL_MODIFY_FANATICISM,"Temple de Jupiter (101-120, retrofit D12)",118,63312,0,15898,2725,4611,118,118,195,195,2,0,normal,0,3,10,75,18772
41406,MOB_JUPITER_BLOOD_SERPENT,"Temple de Jupiter (101-120, retrofit D12)",118,63312,0,23847,2725,4611,118,118,195,195,2,6,elite/quest,0,3,20,75,18783
41390,MOB_JUPITER_BLOOD_WITCH2,"Temple de Jupiter (101-120, retrofit D12)",118,54656,0,23847,2725,4611,118,118,195,195,2,6,elite/quest,0,3,50,120,18767
41392,MOB_JUPITER_CHARM_WITCH,"Temple de Jupiter (101-120, retrofit D12)",118,54656,0,15898,2725,4611,118,118,195,195,2,1,champion,0,3,50,120,18769
41375,MOB_JUPITER_CURSING_FANATICISM,"Temple de Jupiter (101-120, retrofit D12)",118,63312,0,23847,2725,4611,118,118,195,195,2,6,elite/quest,0,3,30,75,18752
41420,MOB_JUPITER_DARK_DOG,"Temple de Jupiter (101-120, retrofit D12)",118,26234941,0,9920425,2725,4611,124,124,201,201,2,8,unique_silencieux,0,3,30,100,18797
41751,MOB_JUPITER_DEVIL_DARK_CLONE,"Temple de Jupiter (101-120, retrofit D12)",118,54656,0,15898,2882,4360,118,118,195,195,2,0,normal,0,3,30,100,18862
41752,MOB_JUPITER_DEVIL_HELL_CLONE,"Temple de Jupiter (101-120, retrofit D12)",118,54656,0,15898,2882,4360,118,118,195,195,2,0,normal,0,3,30,100,18863
41376,MOB_JUPITER_HELL_FANATICISM,"Temple de Jupiter (101-120, retrofit D12)",118,63312,0,15898,2725,4611,118,118,195,195,2,1,champion,0,3,30,75,18753
41397,MOB_JUPITER_METAMORPHOSIS_CT,"Temple de Jupiter (101-120, retrofit D12)",118,63312,0,15898,2725,4611,118,118,195,195,2,1,champion,0,3,10,75,18774
41398,MOB_JUPITER_METAMORPHOSIS_INFECTION,"Temple de Jupiter (101-120, retrofit D12)",118,63312,0,15898,2725,4611,118,118,195,195,2,1,champion,0,3,10,75,18775
41358,MOB_JUPITER_RUIN_CUTTER,"Temple de Jupiter (101-120, retrofit D12)",118,54656,0,15898,2725,4611,118,118,195,195,2,0,normal,0,3,40,100,18735
3392,MOB_THIEF_NPC_11711171,Evenement caravan/thief,118,54656,0,15898,2802,4484,118,16777334,195,195,2,0,normal,1,3,20,65,1409
3393,MOB_THIEF_NPC_11721172,Evenement caravan/thief,118,63312,0,15898,2882,4360,118,118,195,195,2,0,normal,1,3,20,65,1410
3394,MOB_THIEF_NPC_11731173,Evenement caravan/thief,118,63312,0,15898,2802,4484,118,118,195,195,2,0,normal,1,3,20,326,1411
3395,MOB_THIEF_NPC_11741174,Evenement caravan/thief,118,54656,0,15898,2725,4611,118,118,195,195,2,0,normal,1,3,20,80,1412
3396,MOB_THIEF_NPC_11751175,Evenement caravan/thief,118,54656,0,15898,2802,4484,118,118,195,195,2,0,normal,1,3,20,109,1413
3397,MOB_THIEF_NPC_11761176,Evenement caravan/thief,118,63312,0,15898,2882,4360,118,118,195,195,2,0,normal,1,3,20,65,1414
3398,MOB_THIEF_NPC_11771177,Evenement caravan/thief,118,54656,0,15898,2802,4484,118,118,195,195,2,0,normal,1,3,20,65,1415
3399,MOB_THIEF_NPC_11781178,Evenement caravan/thief,118,63312,0,15898,2725,4611,118,118,195,195,2,0,normal,1,3,20,70,1416
3400,MOB_THIEF_NPC_11791179,Evenement caravan/thief,118,63312,0,15898,2802,4484,118,118,195,195,2,0,normal,1,3,20,80,1417
3401,MOB_THIEF_NPC_11801180,Evenement caravan/thief,118,54656,0,15898,2882,4360,118,118,195,195,2,0,normal,1,3,20,109,1418
17590,MOB_EU_HUNTER_NPC_11811181,Europe (Constantinople),119,56165,0,16375,2963,4484,119,119,196,196,2,0,normal,1,3,20,90,7225
17591,MOB_EU_HUNTER_NPC_11821182,Europe (Constantinople),119,56165,0,16375,2963,4484,119,119,196,196,2,0,normal,1,3,20,90,7226
17592,MOB_EU_HUNTER_NPC_11831183,Europe (Constantinople),119,56165,0,16375,2963,4484,119,119,196,196,2,0,normal,1,3,20,90,7227
17593,MOB_EU_HUNTER_NPC_11841184,Europe (Constantinople),119,56165,0,16375,2882,4611,119,119,196,196,2,0,normal,1,3,20,110,7228
17594,MOB_EU_HUNTER_NPC_11851185,Europe (Constantinople),119,56165,0,16375,2882,4611,119,119,196,196,2,0,normal,1,3,20,70,7229
17595,MOB_EU_HUNTER_NPC_11861186,Europe (Constantinople),119,56165,0,16375,2802,4741,119,119,196,196,2,0,normal,1,3,20,80,7230
17597,MOB_EU_HUNTER_NPC_11881188,Europe (Constantinople),119,56165,0,16375,2802,4741,119,119,196,196,2,0,normal,1,3,20,80,7232
17598,MOB_EU_HUNTER_NPC_11891189,Europe (Constantinople),119,56165,0,16375,2802,4741,119,119,196,196,2,0,normal,1,3,20,80,7233
17599,MOB_EU_HUNTER_NPC_11901190,Europe (Constantinople),119,56165,0,16375,2802,4741,119,119,196,196,2,0,normal,1,3,20,80,7234
16190,MOB_EU_THIEF_NPC_11811181,Europe (Constantinople),119,56165,0,16375,2963,4484,119,16777335,196,196,2,0,normal,1,3,20,90,5825
16191,MOB_EU_THIEF_NPC_11821182,Europe (Constantinople),119,56165,0,16375,2963,4484,119,119,196,196,2,0,normal,1,3,20,90,5826
16192,MOB_EU_THIEF_NPC_11831183,Europe (Constantinople),119,56165,0,16375,2963,4484,119,119,196,196,2,0,normal,1,3,20,90,5827
16193,MOB_EU_THIEF_NPC_11841184,Europe (Constantinople),119,56165,0,16375,2882,4611,119,119,196,196,2,0,normal,1,3,20,110,5828
16194,MOB_EU_THIEF_NPC_11851185,Europe (Constantinople),119,56165,0,16375,2882,4611,119,119,196,196,2,0,normal,1,3,20,70,5829
16195,MOB_EU_THIEF_NPC_11861186,Europe (Constantinople),119,56165,0,16375,2802,4741,119,119,196,196,2,0,normal,1,3,20,80,5830
16196,MOB_EU_THIEF_NPC_11871187,Europe (Constantinople),119,56165,0,16375,2802,4741,119,119,196,196,2,0,normal,1,3,20,80,5831
16197,MOB_EU_THIEF_NPC_11881188,Europe (Constantinople),119,56165,0,16375,2802,4741,119,119,196,196,2,0,normal,1,3,20,80,5832
16198,MOB_EU_THIEF_NPC_11891189,Europe (Constantinople),119,56165,0,16375,2802,4741,119,119,196,196,2,0,normal,1,3,20,80,5833
16199,MOB_EU_THIEF_NPC_11901190,Europe (Constantinople),119,56165,0,16375,2802,4741,119,119,196,196,2,0,normal,1,3,20,80,5834
22637,MOB_FW_BATTLEGOLEM_119,Forteresse (guerre de forteresse),119,71891551,0,31440114,3047,4360,119,119,196,196,2,3,unique_notice,1,3,42,56,12191
22217,MOB_FW_HYEONGCHEON_119,Forteresse (guerre de forteresse),119,71004032,0,23580086,2882,4611,119,119,196,196,2,3,unique_notice,1,3,23,74,11771
22357,MOB_FW_MUJIGI_119,Forteresse (guerre de forteresse),119,53918663,0,23580086,2882,4611,119,119,196,196,2,3,unique_notice,1,3,38,143,11911
21517,MOB_FW_TAESE_119,Forteresse (guerre de forteresse),119,94672043,0,31440114,3047,4360,119,119,196,196,2,3,unique_notice,1,3,10,34,11071
8765,MOB_HUNTER_NPC_11811181,AUTRE,119,65064,0,16375,2882,4611,119,119,196,196,2,0,normal,1,3,20,65,3298
8766,MOB_HUNTER_NPC_11821182,AUTRE,119,65064,0,16375,2802,4741,119,119,196,196,2,0,normal,1,3,20,65,3299
8767,MOB_HUNTER_NPC_11831183,AUTRE,119,56165,0,16375,2882,4611,119,119,196,196,2,0,normal,1,3,20,70,3300
8768,MOB_HUNTER_NPC_11841184,AUTRE,119,65064,0,16375,2963,4484,119,119,196,196,2,0,normal,1,3,20,80,3301
8769,MOB_HUNTER_NPC_11851185,AUTRE,119,56165,0,16375,2882,4611,119,119,196,196,2,0,normal,1,3,20,110,3302
8770,MOB_HUNTER_NPC_11861186,AUTRE,119,56165,0,16375,2802,4741,119,119,196,196,2,0,normal,1,3,20,65,3303
8771,MOB_HUNTER_NPC_11871187,AUTRE,119,65064,0,16375,2882,4611,119,119,196,196,2,0,normal,1,3,20,65,3304
8772,MOB_HUNTER_NPC_11881188,AUTRE,119,65064,0,16375,2963,4484,119,16777335,196,196,2,0,normal,1,3,20,70,3305
8773,MOB_HUNTER_NPC_11891189,AUTRE,119,56165,0,16375,2882,4611,119,119,196,196,2,0,normal,1,3,20,80,3306
8774,MOB_HUNTER_NPC_11901190,AUTRE,119,56165,0,16375,2802,4741,119,119,196,196,2,0,normal,1,3,20,110,3307
41384,MOB_JUPITER_BAAL_DEVILDOG,"Temple de Jupiter (101-120, retrofit D12)",119,56165,0,16375,2963,4484,119,119,196,196,2,1,champion,0,3,30,100,18761
41396,MOB_JUPITER_BAAL_MODIFY_WATCH,"Temple de Jupiter (101-120, retrofit D12)",119,65064,0,16375,2802,4741,119,119,196,196,2,0,normal,0,3,10,75,18773
41385,MOB_JUPITER_BAAL_WATCHDOG,"Temple de Jupiter (101-120, retrofit D12)",119,56165,0,16375,2963,4484,119,119,196,196,2,1,champion,0,3,30,100,18762
41404,MOB_JUPITER_DESIRE_WATCH,"Temple de Jupiter (101-120, retrofit D12)",119,65064,0,24563,2802,4741,119,119,196,196,2,6,elite/quest,0,3,20,75,18781
41409,MOB_JUPITER_FEAR_SERPENT,"Temple de Jupiter (101-120, retrofit D12)",119,65064,0,16375,2802,4741,119,119,196,196,2,1,champion,0,3,20,75,18786
41388,MOB_JUPITER_HELL_ENCHANTRESS,"Temple de Jupiter (101-120, retrofit D12)",119,56165,0,16375,2802,4741,119,119,196,196,2,0,normal,0,3,50,120,18765
41753,MOB_JUPITER_HELL_ENCHANTRESS_CLONE,"Temple de Jupiter (101-120, retrofit D12)",119,56165,0,16375,2802,4741,119,119,196,196,2,0,normal,0,3,50,120,18864
41749,MOB_JUPITER_HELL_WATCH_CLONE,"Temple de Jupiter (101-120, retrofit D12)",119,56165,0,16375,2963,4484,119,119,196,196,2,0,normal,0,3,30,100,18860
41379,MOB_JUPITER_PAIN_FANATICISM,"Temple de Jupiter (101-120, retrofit D12)",119,65064,0,16375,2802,4741,119,119,196,196,2,1,champion,0,3,30,75,18756
41750,MOB_JUPITER_VAMPIRE_WATCHDOG_CLONE,"Temple de Jupiter (101-120, retrofit D12)",119,56165,0,16375,2963,4484,119,119,196,196,2,0,normal,0,3,30,100,18861
3402,MOB_THIEF_NPC_11811181,Evenement caravan/thief,119,65064,0,16375,2882,4611,119,119,196,196,2,0,normal,1,3,20,65,1419
3404,MOB_THIEF_NPC_11831183,Evenement caravan/thief,119,56165,0,16375,2882,4611,119,119,196,196,2,0,normal,1,3,20,70,1421
3405,MOB_THIEF_NPC_11841184,Evenement caravan/thief,119,65064,0,16375,2963,4484,119,119,196,196,2,0,normal,1,3,20,80,1422
3406,MOB_THIEF_NPC_11851185,Evenement caravan/thief,119,56165,0,16375,2882,4611,119,119,196,196,2,0,normal,1,3,20,110,1423
3407,MOB_THIEF_NPC_11861186,Evenement caravan/thief,119,56165,0,16375,2802,4741,119,119,196,196,2,0,normal,1,3,20,65,1424
3408,MOB_THIEF_NPC_11871187,Evenement caravan/thief,119,65064,0,16375,2882,4611,119,119,196,196,2,0,normal,1,3,20,65,1425
3409,MOB_THIEF_NPC_11881188,Evenement caravan/thief,119,65064,0,16375,2963,4484,119,119,196,196,2,0,normal,1,3,20,70,1426
3410,MOB_THIEF_NPC_11891189,Evenement caravan/thief,119,56165,0,16375,2882,4611,119,119,196,196,2,0,normal,1,3,20,80,1427
3411,MOB_THIEF_NPC_11901190,Evenement caravan/thief,119,56165,0,16375,2802,4741,119,119,196,196,2,0,normal,1,3,20,366,1428
24131,MOV_EV_BEAR_B_119,AUTRE,119,91634,0,65500,2546,4074,119,119,196,196,2,0,normal,1,0,50,75,13406
8776,MMB_HUNTER_NPC_11921192,AUTRE,120,57713,0,16866,3047,4611,120,120,197,197,2,0,normal,1,3,20,65,3309
17600,MOB_EU_HUNTER_NPC_11911191,Europe (Constantinople),120,57713,0,16866,3047,4611,120,120,197,197,2,0,normal,1,3,20,90,7235
17601,MOB_EU_HUNTER_NPC_11921192,Europe (Constantinople),120,57713,0,16866,3047,4611,120,120,197,197,2,0,normal,1,3,20,90,7236
17602,MOB_EU_HUNTER_NPC_11931193,Europe (Constantinople),120,57713,0,16866,3047,4611,120,120,197,197,2,0,normal,1,3,20,90,7237
17603,MOB_EU_HUNTER_NPC_11941194,Europe (Constantinople),120,57713,0,16866,2963,4741,120,120,197,197,2,0,normal,1,3,20,110,7238
17605,MOB_EU_HUNTER_NPC_11961196,Europe (Constantinople),120,57713,0,16866,2882,4875,120,120,197,197,2,0,normal,1,3,20,80,7240
17606,MOB_EU_HUNTER_NPC_11971197,Europe (Constantinople),120,57713,0,16866,2882,4875,120,16777336,197,197,2,0,normal,1,3,20,80,7241
17607,MOB_EU_HUNTER_NPC_11981198,Europe (Constantinople),120,57713,0,16866,2882,4875,120,120,197,197,2,0,normal,1,3,20,80,7242
17608,MOB_EU_HUNTER_NPC_11991199,Europe (Constantinople),120,57713,0,16866,2882,4875,120,120,197,197,2,0,normal,1,3,20,80,7243
17609,MOB_EU_HUNTER_NPC_12001200,Europe (Constantinople),120,57713,0,16866,2882,4875,120,120,197,197,2,0,normal,1,3,20,80,7244
16200,MOB_EU_THIEF_NPC_11911191,Europe (Constantinople),120,57713,0,16866,3047,4611,120,120,197,197,2,0,normal,1,3,20,90,5835
16201,MOB_EU_THIEF_NPC_11921192,Europe (Constantinople),120,57713,0,16866,3047,4611,120,120,197,197,2,0,normal,1,3,20,90,5836
16202,MOB_EU_THIEF_NPC_11931193,Europe (Constantinople),120,57713,0,16866,3047,4611,120,120,197,197,2,0,normal,1,3,20,90,5837
16203,MOB_EU_THIEF_NPC_11941194,Europe (Constantinople),120,57713,0,16866,2963,4741,120,120,197,197,2,0,normal,1,3,20,110,5838
16204,MOB_EU_THIEF_NPC_11951195,Europe (Constantinople),120,57713,0,16866,2963,4741,120,120,197,197,2,0,normal,1,3,20,70,5839
16205,MOB_EU_THIEF_NPC_11961196,Europe (Constantinople),120,57713,0,16866,2882,4875,120,120,197,197,2,0,normal,1,3,20,336,5840
16206,MOB_EU_THIEF_NPC_11971197,Europe (Constantinople),120,57713,0,16866,2882,4875,120,120,197,197,2,0,normal,1,3,20,80,5841
16207,MOB_EU_THIEF_NPC_11981198,Europe (Constantinople),120,57713,0,16866,2882,4875,120,120,197,197,2,0,normal,1,3,20,80,5842
16208,MOB_EU_THIEF_NPC_11991199,Europe (Constantinople),120,57713,0,16866,2882,4875,120,120,197,197,2,0,normal,1,3,20,80,5843
16209,MOB_EU_THIEF_NPC_12001200,Europe (Constantinople),120,57713,0,16866,2882,4875,120,120,197,197,2,0,normal,1,3,20,80,5844
22638,MOB_FW_BATTLEGOLEM_120,Forteresse (guerre de forteresse),120,73872544,0,32383316,3132,4484,120,120,197,197,2,3,unique_notice,1,3,42,56,12192
22218,MOB_FW_HYEONGCHEON_120,Forteresse (guerre de forteresse),120,72967274,0,24287487,2963,4741,120,120,197,197,2,3,unique_notice,1,3,23,74,11772
22358,MOB_FW_MUJIGI_120,Forteresse (guerre de forteresse),120,55404408,0,24287487,2963,4741,120,120,197,197,2,3,unique_notice,1,3,38,143,11912
21518,MOB_FW_TAESE_120,Forteresse (guerre de forteresse),120,97289699,0,32383316,3132,4484,120,120,197,197,2,3,unique_notice,1,3,10,34,11072
8775,MOB_HUNTER_NPC_11911191,AUTRE,120,66860,0,16866,2963,4741,120,120,197,197,2,0,normal,1,3,20,65,3308
8777,MOB_HUNTER_NPC_11931193,AUTRE,120,66860,0,16866,2963,4741,120,120,197,197,2,0,normal,1,3,20,70,3310
8778,MOB_HUNTER_NPC_11941194,AUTRE,120,66860,0,16866,2882,4875,120,120,197,197,2,0,normal,1,3,20,80,3311
8779,MOB_HUNTER_NPC_11951195,AUTRE,120,57713,0,16866,2963,4741,120,120,197,197,2,0,normal,1,3,20,110,3312
8780,MOB_HUNTER_NPC_11961196,AUTRE,120,66860,0,16866,3047,4611,120,120,197,197,2,0,normal,1,3,20,65,3313
8781,MOB_HUNTER_NPC_11971197,AUTRE,120,66860,0,16866,2963,4741,120,120,197,197,2,0,normal,1,3,20,65,3314
8781,MOB_HUNTER_NPC_11971197,AUTRE,120,66860,0,16866,2963,4741,120,120,197,197,2,0,normal,1,3,20,65,3314
8782,MOB_HUNTER_NPC_11981198,AUTRE,120,57713,0,16866,2882,4875,120,120,197,197,2,0,normal,1,3,20,70,3315
8783,MOB_HUNTER_NPC_11991199,AUTRE,120,66860,0,16866,2963,4741,120,120,197,197,2,0,normal,1,3,20,80,3316
8784,MOB_HUNTER_NPC_12001200,AUTRE,120,57713,0,16866,3047,4611,120,120,197,197,2,0,normal,1,3,20,110,3317
41423,MOB_JUPITER_BAAL,"Temple de Jupiter (101-120, retrofit D12)",120,55404408,0,20239573,2882,4875,132,132,209,209,2,3,unique_notice,0,3,40,110,18800
41424,MOB_JUPITER_BAAL_WEAPON,"Temple de Jupiter (101-120, retrofit D12)",120,83106612,0,28335402,2882,4875,132,132,209,209,2,3,unique_notice,0,3,40,110,18801
41422,MOB_JUPITER_BABILION,"Temple de Jupiter (101-120, retrofit D12)",120,40116151,0,13493048,2882,4875,128,128,205,205,2,3,unique_notice,0,3,20,75,18799
41391,MOB_JUPITER_BLOOD_WITCH,"Temple de Jupiter (101-120, retrofit D12)",120,57713,0,25299,2882,4875,120,120,197,197,2,6,elite/quest,0,3,50,120,18768
41421,MOB_JUPITER_DARK_DOG2,"Temple de Jupiter (101-120, retrofit D12)",120,31395831,0,12143744,2882,4875,126,126,203,203,2,8,unique_silencieux,0,3,30,100,18798
41759,MOB_JUPITER_DEMON_SERPENT_CLONE,"Temple de Jupiter (101-120, retrofit D12)",120,66860,0,16866,2882,4875,120,120,197,197,2,0,normal,0,3,20,75,18870
41377,MOB_JUPITER_DESPAIR_FANATICISM,"Temple de Jupiter (101-120, retrofit D12)",120,66860,0,25299,2882,4875,120,120,197,197,2,6,elite/quest,0,3,30,75,18754
41387,MOB_JUPITER_DEVIL_HELL,"Temple de Jupiter (101-120, retrofit D12)",120,57713,0,25299,3047,4611,120,120,197,197,2,6,elite/quest,0,3,30,100,18764
41402,MOB_JUPITER_HELL_BLOODDOG,"Temple de Jupiter (101-120, retrofit D12)",120,57713,0,16866,2882,4875,120,120,197,197,2,0,normal,0,3,20,100,18779
41757,MOB_JUPITER_HELL_BLOODDOG_CLONE,"Temple de Jupiter (101-120, retrofit D12)",120,57713,0,16866,2882,4875,120,120,197,197,2,0,normal,0,3,20,100,18868
41401,MOB_JUPITER_HELL_BLOODWATCH,"Temple de Jupiter (101-120, retrofit D12)",120,57713,0,16866,2882,4875,120,120,197,197,2,0,normal,0,3,20,100,18778
41756,MOB_JUPITER_HELL_BLOODWATCH_CLONE,"Temple de Jupiter (101-120, retrofit D12)",120,57713,0,16866,2882,4875,120,120,197,197,2,0,normal,0,3,20,100,18867
41419,MOB_JUPITER_JUPITER,"Temple de Jupiter (101-120, retrofit D12)",120,40116151,0,13155722,2882,4875,128,128,205,205,2,3,unique_notice,0,3,60,75,18796
41399,MOB_JUPITER_METAMORPHOSIS_FANATICISM,"Temple de Jupiter (101-120, retrofit D12)",120,66860,0,16866,2882,4875,120,120,197,197,2,1,champion,0,3,10,75,18776
41408,MOB_JUPITER_NIGHTMARE_SERPENT,"Temple de Jupiter (101-120, retrofit D12)",120,66860,0,25299,2882,4875,120,120,197,197,2,6,elite/quest,0,3,20,75,18785
41400,MOB_JUPITER_TRANSFORMATION_FANATICISM,"Temple de Jupiter (101-120, retrofit D12)",120,66860,0,16866,2882,4875,120,120,197,197,2,1,champion,0,3,10,75,18777
3412,MOB_THIEF_NPC_11911191,Evenement caravan/thief,120,66860,0,16866,2963,4741,120,120,197,197,2,0,normal,1,3,20,65,1429
3413,MOB_THIEF_NPC_11921192,Evenement caravan/thief,120,57713,0,16866,3047,4611,120,120,197,197,2,0,normal,1,3,20,65,1430
3414,MOB_THIEF_NPC_11931193,Evenement caravan/thief,120,66860,0,16866,2963,4741,120,120,197,197,2,0,normal,1,3,20,70,1431
3415,MOB_THIEF_NPC_11941194,Evenement caravan/thief,120,66860,0,16866,2882,4875,120,120,197,197,2,0,normal,1,3,20,80,1432
3416,MOB_THIEF_NPC_11951195,Evenement caravan/thief,120,57713,0,16866,2963,4741,120,16777336,197,197,2,0,normal,1,3,20,110,1433
3417,MOB_THIEF_NPC_11961196,Evenement caravan/thief,120,66860,0,16866,3047,4611,120,120,197,197,2,0,normal,1,3,20,65,1434
3418,MOB_THIEF_NPC_11971197,Evenement caravan/thief,120,66860,0,16866,2963,4741,120,120,197,197,2,0,normal,1,3,20,65,1435
3419,MOB_THIEF_NPC_11981198,Evenement caravan/thief,120,57713,0,16866,2882,4875,120,120,197,197,2,0,normal,1,3,20,70,1436
3421,MOB_THIEF_NPC_12001200,Evenement caravan/thief,120,57713,0,16866,3047,4611,120,120,197,197,2,0,normal,1,3,20,110,1438
24132,MOV_EV_BEAR_B_120,AUTRE,120,94227,0,67464,2618,4189,120,120,197,197,2,0,normal,1,0,50,75,13407
17610,MOB_EU_HUNTER_NPC_12011201,Europe (Constantinople),121,59300,0,17372,3132,4741,121,121,198,198,2,0,normal,1,3,20,90,7245
17611,MOB_EU_HUNTER_NPC_12021202,Europe (Constantinople),121,59300,0,17372,3132,4741,121,121,198,198,2,0,normal,1,3,20,90,7246
17612,MOB_EU_HUNTER_NPC_12031203,Europe (Constantinople),121,59300,0,17372,3132,4741,121,121,198,198,2,0,normal,1,3,20,90,7247
17613,MOB_EU_HUNTER_NPC_12041204,Europe (Constantinople),121,59300,0,17372,3047,4875,121,121,198,198,2,0,normal,1,3,20,111,7248
17614,MOB_EU_HUNTER_NPC_12051205,Europe (Constantinople),121,59300,0,17372,3047,4875,121,121,198,198,2,0,normal,1,3,20,70,7249
17615,MOB_EU_HUNTER_NPC_12061206,Europe (Constantinople),121,59300,0,17372,2963,5012,121,121,198,198,2,0,normal,1,3,20,80,7250
17616,MOB_EU_HUNTER_NPC_12071207,Europe (Constantinople),121,59300,0,17372,2963,5012,121,121,198,198,2,0,normal,1,3,20,80,7251
17617,MOB_EU_HUNTER_NPC_12081208,Europe (Constantinople),121,59300,0,17372,2963,5012,121,121,198,198,2,0,normal,1,3,20,80,7252
17618,MOB_EU_HUNTER_NPC_12091209,Europe (Constantinople),121,59300,0,17372,2963,5012,121,121,198,198,2,0,normal,1,3,20,80,7253
17619,MOB_EU_HUNTER_NPC_12101210,Europe (Constantinople),121,59300,0,17372,2963,5012,121,121,198,198,2,0,normal,1,3,20,80,7254
16210,MOB_EU_THIEF_NPC_12011201,Europe (Constantinople),121,59300,0,17372,3132,4741,121,121,198,198,2,0,normal,1,3,20,90,5845
16211,MOB_EU_THIEF_NPC_12021202,Europe (Constantinople),121,59300,0,17372,3132,4741,121,121,198,198,2,0,normal,1,3,20,90,5846
16212,MOB_EU_THIEF_NPC_12031203,Europe (Constantinople),121,59300,0,17372,3132,4741,121,121,198,198,2,0,normal,1,3,20,90,5847
16213,MOB_EU_THIEF_NPC_12041204,Europe (Constantinople),121,59300,0,17372,3047,4875,121,121,198,198,2,0,normal,1,3,20,111,5848
16215,MOB_EU_THIEF_NPC_12061206,Europe (Constantinople),121,59300,0,17372,2963,5012,121,121,198,198,2,0,normal,1,3,20,80,5850
16216,MOB_EU_THIEF_NPC_12071207,Europe (Constantinople),121,59300,0,17372,2963,5012,121,121,198,198,2,0,normal,1,3,20,80,5851
16217,MOB_EU_THIEF_NPC_12081208,Europe (Constantinople),121,59300,0,17372,2963,5012,121,121,198,198,2,0,normal,1,3,20,80,5852
16218,MOB_EU_THIEF_NPC_12091209,Europe (Constantinople),121,59300,0,17372,2963,5012,121,121,198,198,2,0,normal,1,3,20,80,5853
16219,MOB_EU_THIEF_NPC_12101210,Europe (Constantinople),121,59300,0,17372,2963,5012,121,121,198,198,2,0,normal,1,3,20,80,5854
22639,MOB_FW_BATTLEGOLEM_121,Forteresse (guerre de forteresse),121,75904020,0,33354818,3220,4611,121,121,198,198,2,3,unique_notice,1,3,42,56,12193
22219,MOB_FW_IYEONGCHEON_121,Forteresse (guerre de forteresse),121,74980645,0,25016113,3047,4875,121,121,198,198,2,3,unique_notice,1,3,23,74,11773
21519,MOB_FW_TAESE_121,Forteresse (guerre de forteresse),121,99974193,0,33354818,3220,4611,121,121,198,198,2,3,unique_notice,1,3,10,34,11073
8785,MOB_HUNTER_NPC_12011201,AUTRE,121,59300,0,17372,3047,4875,121,121,198,198,2,0,normal,1,3,20,65,3318
8786,MOB_HUNTER_NPC_12021202,AUTRE,121,68702,0,17372,2963,5012,121,121,198,198,2,0,normal,1,3,20,65,3319
8787,MOB_HUNTER_NPC_12031203,AUTRE,121,68702,0,17372,3047,4875,121,121,198,198,2,0,normal,1,3,20,70,3320
8788,MOB_HUNTER_NPC_12041204,AUTRE,121,59300,0,17372,3132,4741,121,121,198,198,2,0,normal,1,3,20,80,3321
8789,MOB_HUNTER_NPC_12051205,AUTRE,121,59300,0,17372,3047,4875,121,121,198,198,2,0,normal,1,3,20,111,3322
8791,MOB_HUNTER_NPC_12071207,AUTRE,121,59300,0,17372,3047,4875,121,121,198,198,2,0,normal,1,3,20,65,3324
8792,MOB_HUNTER_NPC_12081208,AUTRE,121,68702,0,17372,3132,4741,121,121,198,198,2,0,normal,1,3,20,70,3325
8793,MOB_HUNTER_NPC_12091209,AUTRE,121,59300,0,17372,3047,4875,121,121,198,198,2,0,normal,1,3,20,80,3326
8794,MOB_HUNTER_NPC_12101210,AUTRE,121,59300,0,17372,2963,5012,121,121,198,198,2,0,normal,1,3,20,111,3327
3429,MOB_THIEF_NPC_11081208,Evenement caravan/thief,121,68702,0,17372,3132,4741,121,121,198,198,2,0,normal,1,3,20,70,1446
3422,MOB_THIEF_NPC_12011201,Evenement caravan/thief,121,59300,0,17372,3047,4875,121,121,198,198,2,0,normal,1,3,20,65,1439
3423,MOB_THIEF_NPC_12021202,Evenement caravan/thief,121,68702,0,17372,2963,5012,121,121,198,198,2,0,normal,1,3,20,65,1440
3424,MOB_THIEF_NPC_12031203,Evenement caravan/thief,121,68702,0,17372,3047,4875,121,121,198,198,2,0,normal,1,3,20,70,1441
3425,MOB_THIEF_NPC_12041204,Evenement caravan/thief,121,59300,0,17372,3132,4741,121,121,198,198,2,0,normal,1,3,20,80,1442
3426,MOB_THIEF_NPC_12051205,Evenement caravan/thief,121,59300,0,17372,3047,4875,121,121,198,198,2,0,normal,1,3,20,111,1443
3427,MOB_THIEF_NPC_12061206,Evenement caravan/thief,121,68702,0,17372,2963,5012,121,121,198,198,2,0,normal,1,3,20,321,1444
3428,MOB_THIEF_NPC_12071207,Evenement caravan/thief,121,59300,0,17372,3047,4875,121,121,198,198,2,0,normal,1,3,20,65,1445
3430,MOB_THIEF_NPC_12091209,Evenement caravan/thief,121,59300,0,17372,3047,4875,121,121,198,198,2,0,normal,1,3,20,80,1447
3431,MOB_THIEF_NPC_12101210,Evenement caravan/thief,121,59300,0,17372,2963,5012,121,121,198,198,2,0,normal,1,3,20,111,1448
24133,MOV_EV_BEAR_B_121,AUTRE,121,96886,0,69488,2691,4306,121,121,198,198,2,0,normal,1,0,50,75,13408
17620,MOB_EU_HUNTER_NPC_12111211,Europe (Constantinople),122,60928,0,17893,3220,4875,122,122,199,199,2,0,normal,1,3,20,91,7255
17621,MOB_EU_HUNTER_NPC_12121212,Europe (Constantinople),122,60928,0,17893,3220,4875,122,122,199,199,2,0,normal,1,3,20,91,7256
17622,MOB_EU_HUNTER_NPC_12131213,Europe (Constantinople),122,60928,0,17893,3220,4875,122,122,199,199,2,0,normal,1,3,20,91,7257
17623,MOB_EU_HUNTER_NPC_12141214,Europe (Constantinople),122,60928,0,17893,3132,5012,122,122,199,199,2,0,normal,1,3,20,111,7258
17624,MOB_EU_HUNTER_NPC_12151215,Europe (Constantinople),122,60928,0,17893,3132,5012,122,122,199,199,2,0,normal,1,3,20,70,7259
17625,MOB_EU_HUNTER_NPC_12161216,Europe (Constantinople),122,60928,0,17893,3047,5152,122,122,199,199,2,0,normal,1,3,20,81,7260
17626,MOB_EU_HUNTER_NPC_12171217,Europe (Constantinople),122,60928,0,17893,3047,5152,122,122,199,199,2,0,normal,1,3,20,81,7261
17628,MOB_EU_HUNTER_NPC_12191219,Europe (Constantinople),122,60928,0,17893,3047,5152,122,122,199,199,2,0,normal,1,3,20,81,7263
17629,MOB_EU_HUNTER_NPC_12201220,Europe (Constantinople),122,60928,0,17893,3047,5152,122,122,199,199,2,0,normal,1,3,20,81,7264
16221,MOB_EU_THIEF_NPC_12121212,Europe (Constantinople),122,60928,0,17893,3220,4875,122,122,199,199,2,0,normal,1,3,20,91,5856
16222,MOB_EU_THIEF_NPC_12131213,Europe (Constantinople),122,60928,0,17893,3220,4875,122,122,199,199,2,0,normal,1,3,20,91,5857
16223,MOB_EU_THIEF_NPC_12141214,Europe (Constantinople),122,60928,0,17893,3132,5012,122,122,199,199,2,0,normal,1,3,20,111,5858
16224,MOB_EU_THIEF_NPC_12151215,Europe (Constantinople),122,60928,0,17893,3132,5012,122,122,199,199,2,0,normal,1,3,20,70,5859
16225,MOB_EU_THIEF_NPC_12161216,Europe (Constantinople),122,60928,0,17893,3047,5152,122,122,199,199,2,0,normal,1,3,20,81,5860
16226,MOB_EU_THIEF_NPC_12171217,Europe (Constantinople),122,60928,0,17893,3047,5152,122,122,199,199,2,0,normal,1,3,20,81,5861
16227,MOB_EU_THIEF_NPC_12181218,Europe (Constantinople),122,60928,0,17893,3047,5152,122,122,199,199,2,0,normal,1,3,20,81,5862
16228,MOB_EU_THIEF_NPC_12191219,Europe (Constantinople),122,60928,0,17893,3047,5152,122,122,199,199,2,0,normal,1,3,20,81,5863
16229,MOB_EU_THIEF_NPC_12201220,Europe (Constantinople),122,60928,0,17893,3047,5152,122,122,199,199,2,0,normal,1,3,20,81,5864
22640,MOB_FW_BATTLEGOLEM_122,Forteresse (guerre de forteresse),122,77987205,0,34355464,3310,4741,122,122,199,199,2,3,unique_notice,1,3,42,56,12194
22220,MOB_FW_HYEONGCHEON_122,Forteresse (guerre de forteresse),122,77045363,0,25766598,3132,5012,122,122,199,199,2,3,unique_notice,1,3,23,74,11774
22360,MOB_FW_MUJIGI_122,Forteresse (guerre de forteresse),122,58490404,0,25766598,3132,5012,122,122,199,199,2,3,unique_notice,1,3,38,143,11914
21520,MOB_FW_TAESE_122,Forteresse (guerre de forteresse),122,102727151,0,34355464,3310,4741,122,122,199,199,2,3,unique_notice,1,3,10,34,11074
8795,MOB_HUNTER_NPC_12111211,AUTRE,122,70592,0,17893,3132,5012,122,122,199,199,2,0,normal,1,3,20,65,3328
8796,MOB_HUNTER_NPC_12121212,AUTRE,122,70592,0,17893,3220,4875,122,16777338,199,199,2,0,normal,1,3,20,65,3329
8797,MOB_HUNTER_NPC_12131213,AUTRE,122,60928,0,17893,3132,5012,122,122,199,199,2,0,normal,1,3,20,70,3330
8798,MOB_HUNTER_NPC_12141214,AUTRE,122,60928,0,17893,3047,5152,122,122,199,199,2,0,normal,1,3,20,81,3331
8799,MOB_HUNTER_NPC_12151215,AUTRE,122,60928,0,17893,3132,5012,122,122,199,199,2,0,normal,1,3,20,111,3332
8800,MOB_HUNTER_NPC_12161216,AUTRE,122,60928,0,17893,3220,4875,122,122,199,199,2,0,normal,1,3,20,65,3333
8801,MOB_HUNTER_NPC_12171217,AUTRE,122,70592,0,17893,3132,5012,122,122,199,199,2,0,normal,1,3,20,65,3334
8802,MOB_HUNTER_NPC_12181218,AUTRE,122,70592,0,17893,3047,5152,122,122,199,199,2,0,normal,1,3,20,70,3335
8803,MOB_HUNTER_NPC_12191219,AUTRE,122,60928,0,17893,3132,5012,122,122,199,199,2,0,normal,1,3,20,81,3336
8804,MOB_HUNTER_NPC_12201220,AUTRE,122,60928,0,17893,3220,4875,122,122,199,199,2,0,normal,1,3,20,111,3337
3432,MOB_THIEF_NPC_12111211,Evenement caravan/thief,122,70592,0,17893,3132,5012,122,122,199,199,2,0,normal,1,3,20,65,1449
3433,MOB_THIEF_NPC_12121212,Evenement caravan/thief,122,70592,0,17893,3220,4875,122,122,199,199,2,0,normal,1,3,20,65,1450
3434,MOB_THIEF_NPC_12131213,Evenement caravan/thief,122,60928,0,17893,3132,5012,122,122,199,199,2,0,normal,1,3,20,70,1451
3435,MOB_THIEF_NPC_12141214,Evenement caravan/thief,122,60928,0,17893,3047,5152,122,122,199,199,2,0,normal,1,3,20,81,1452
3437,MOB_THIEF_NPC_12161216,Evenement caravan/thief,122,60928,0,17893,3220,4875,122,122,199,199,2,0,normal,1,3,20,65,1454
3438,MOB_THIEF_NPC_12171217,Evenement caravan/thief,122,70592,0,17893,3132,5012,122,122,199,199,2,0,normal,1,3,20,65,1455
3439,MOB_THIEF_NPC_12181218,Evenement caravan/thief,122,70592,0,17893,3047,5152,122,122,199,199,2,0,normal,1,3,20,70,1456
3440,MOB_THIEF_NPC_12191219,Evenement caravan/thief,122,60928,0,17893,3132,5012,122,16777338,199,199,2,0,normal,1,3,20,81,1457
3441,MOB_THIEF_NPC_12201220,Evenement caravan/thief,122,60928,0,17893,3220,4875,122,122,199,199,2,0,normal,1,3,20,111,1458
24134,MOV_EV_BEAR_B_122,AUTRE,122,99615,0,71572,2767,4427,122,16777338,199,199,2,0,normal,1,0,50,75,13409
8808,MMB_HUNTER_NPC_12241224,AUTRE,123,62596,0,18430,3310,5012,123,123,200,200,2,0,normal,1,3,20,81,3341
17637,MOB_EU_HUNTER_NPC_11281228,Europe (Constantinople),123,62596,0,18430,3132,5296,123,123,200,200,2,0,normal,1,3,20,81,7272
17630,MOB_EU_HUNTER_NPC_12211221,Europe (Constantinople),123,62596,0,18430,3310,5012,123,16777339,200,200,2,0,normal,1,3,20,91,7265
17631,MOB_EU_HUNTER_NPC_12221222,Europe (Constantinople),123,62596,0,18430,3310,5012,123,123,200,200,2,0,normal,1,3,20,91,7266
17632,MOB_EU_HUNTER_NPC_12231223,Europe (Constantinople),123,62596,0,18430,3310,5012,123,123,200,200,2,0,normal,1,3,20,91,7267
17633,MOB_EU_HUNTER_NPC_12241224,Europe (Constantinople),123,62596,0,18430,3220,5152,123,123,200,200,2,0,normal,1,3,20,112,7268
17634,MOB_EU_HUNTER_NPC_12251225,Europe (Constantinople),123,62596,0,18430,3220,5152,123,123,200,200,2,0,normal,1,3,20,71,7269
17635,MOB_EU_HUNTER_NPC_12261226,Europe (Constantinople),123,62596,0,18430,3132,5296,123,123,200,200,2,0,normal,1,3,20,81,7270
17636,MOB_EU_HUNTER_NPC_12271227,Europe (Constantinople),123,62596,0,18430,3132,5296,123,123,200,200,2,0,normal,1,3,20,81,7271
17638,MOB_EU_HUNTER_NPC_12291229,Europe (Constantinople),123,62596,0,18430,3132,5296,123,123,200,200,2,0,normal,1,3,20,81,7273
17639,MOB_EU_HUNTER_NPC_12301230,Europe (Constantinople),123,62596,0,18430,3132,5296,123,123,200,200,2,0,normal,1,3,20,81,7274
16230,MOB_EU_THIEF_NPC_12211221,Europe (Constantinople),123,62596,0,18430,3310,5012,123,123,200,200,2,0,normal,1,3,20,91,5865
16231,MOB_EU_THIEF_NPC_12221222,Europe (Constantinople),123,62596,0,18430,3310,5012,123,123,200,200,2,0,normal,1,3,20,91,5866
16232,MOB_EU_THIEF_NPC_12231223,Europe (Constantinople),123,62596,0,18430,3310,5012,123,123,200,200,2,0,normal,1,3,20,91,5867
16233,MOB_EU_THIEF_NPC_12241224,Europe (Constantinople),123,62596,0,18430,3220,5152,123,123,200,200,2,0,normal,1,3,20,112,5868
16234,MOB_EU_THIEF_NPC_12251225,Europe (Constantinople),123,62596,0,18430,3220,5152,123,123,200,200,2,0,normal,1,3,20,71,5869
16235,MOB_EU_THIEF_NPC_12261226,Europe (Constantinople),123,62596,0,18430,3132,5296,123,123,200,200,2,0,normal,1,3,20,81,5870
16236,MOB_EU_THIEF_NPC_12271227,Europe (Constantinople),123,62596,0,18430,3132,5296,123,123,200,200,2,0,normal,1,3,20,337,5871
16237,MOB_EU_THIEF_NPC_12281228,Europe (Constantinople),123,62596,0,18430,3132,5296,123,123,200,200,2,0,normal,1,3,20,81,5872
16239,MOB_EU_THIEF_NPC_12301230,Europe (Constantinople),123,62596,0,18430,3132,5296,123,123,200,200,2,0,normal,1,3,20,81,5874
22641,MOB_FW_BATTLEGOLEM_123,Forteresse (guerre de forteresse),123,80123357,0,35386129,3403,4875,123,123,200,200,2,3,unique_notice,1,3,42,56,12195
22221,MOB_FW_HYEONGCHEON_123,Forteresse (guerre de forteresse),123,79162678,0,26539597,3220,5152,123,123,200,200,2,3,unique_notice,1,3,23,74,11775
22361,MOB_FW_MUJIGI_123,Forteresse (guerre de forteresse),123,60092518,0,26539597,3220,5152,123,123,200,200,2,3,unique_notice,1,3,38,143,11915
21521,MOB_FW_TAESE_123,Forteresse (guerre de forteresse),123,105550237,0,35386129,3403,4875,123,123,200,200,2,3,unique_notice,1,3,10,34,11075
8805,MOB_HUNTER_NPC_12211221,AUTRE,123,72529,0,18430,3220,5152,123,123,200,200,2,0,normal,1,3,20,65,3338
8806,MOB_HUNTER_NPC_12221222,AUTRE,123,62596,0,18430,3132,5296,123,123,200,200,2,0,normal,1,3,20,65,3339
8807,MOB_HUNTER_NPC_12231223,AUTRE,123,72529,0,18430,3220,5152,123,123,200,200,2,0,normal,1,3,20,71,3340
8809,MOB_HUNTER_NPC_12251225,AUTRE,123,62596,0,18430,3220,5152,123,123,200,200,2,0,normal,1,3,20,112,3342
8810,MOB_HUNTER_NPC_12261226,AUTRE,123,72529,0,18430,3132,5296,123,123,200,200,2,0,normal,1,3,20,65,3343
8811,MOB_HUNTER_NPC_12271227,AUTRE,123,72529,0,18430,3220,5152,123,123,200,200,2,0,normal,1,3,20,65,3344
8812,MOB_HUNTER_NPC_12281228,AUTRE,123,62596,0,18430,3310,5012,123,123,200,200,2,0,normal,1,3,20,71,3345
8813,MOB_HUNTER_NPC_12291229,AUTRE,123,62596,0,18430,3220,5152,123,123,200,200,2,0,normal,1,3,20,81,3346
8813,MOB_HUNTER_NPC_12291229,AUTRE,123,62596,0,18430,3220,5152,123,123,200,200,2,0,normal,1,3,20,81,3346
8814,MOB_HUNTER_NPC_12301230,AUTRE,123,62596,0,18430,3132,5296,123,123,200,200,2,0,normal,1,3,20,112,3347
3446,MOB_THIEF_NPC_11251225,Evenement caravan/thief,123,62596,0,18430,3220,5152,123,123,200,200,2,0,normal,1,3,20,112,1463
3442,MOB_THIEF_NPC_12211221,Evenement caravan/thief,123,72529,0,18430,3220,5152,123,123,200,200,2,0,normal,1,3,20,65,1459
3443,MOB_THIEF_NPC_12221222,Evenement caravan/thief,123,62596,0,18430,3132,5296,123,123,200,200,2,0,normal,1,3,20,65,1460
3444,MOB_THIEF_NPC_12231223,Evenement caravan/thief,123,72529,0,18430,3220,5152,123,123,200,200,2,0,normal,1,3,20,327,1461
3445,MOB_THIEF_NPC_12241224,Evenement caravan/thief,123,62596,0,18430,3310,5012,123,123,200,200,2,0,normal,1,3,20,81,1462
3447,MOB_THIEF_NPC_12261226,Evenement caravan/thief,123,72529,0,18430,3132,5296,123,123,200,200,2,0,normal,1,3,20,65,1464
3448,MOB_THIEF_NPC_12271227,Evenement caravan/thief,123,72529,0,18430,3220,5152,123,123,200,200,2,0,normal,1,3,20,65,1465
3449,MOB_THIEF_NPC_12281228,Evenement caravan/thief,123,62596,0,18430,3310,5012,123,123,200,200,2,0,normal,1,3,20,71,1466
3450,MOB_THIEF_NPC_12291229,Evenement caravan/thief,123,62596,0,18430,3220,5152,123,123,200,200,2,0,normal,1,3,20,81,1467
3451,MOB_THIEF_NPC_12301230,Evenement caravan/thief,123,62596,0,18430,3132,5296,123,123,200,200,2,0,normal,1,3,20,112,1468
24135,MOV_EV_BEAR_B_123,AUTRE,123,102413,0,73720,2844,4550,123,123,200,200,2,0,normal,1,0,50,75,13410
17640,MOB_EU_HUNTER_NPC_12311231,Europe (Constantinople),124,64308,0,18983,3403,5152,124,124,201,201,2,0,normal,1,3,20,91,7275
17641,MOB_EU_HUNTER_NPC_12321232,Europe (Constantinople),124,64308,0,18983,3403,5152,124,124,201,201,2,0,normal,1,3,20,91,7276
17642,MOB_EU_HUNTER_NPC_12331233,Europe (Constantinople),124,64308,0,18983,3403,5152,124,124,201,201,2,0,normal,1,3,20,91,7277
17643,MOB_EU_HUNTER_NPC_12341234,Europe (Constantinople),124,64308,0,18983,3310,5296,124,124,201,201,2,0,normal,1,3,20,112,7278
17644,MOB_EU_HUNTER_NPC_12351235,Europe (Constantinople),124,64308,0,18983,3310,5296,124,124,201,201,2,0,normal,1,3,20,71,7279
17645,MOB_EU_HUNTER_NPC_12361236,Europe (Constantinople),124,64308,0,18983,3220,5444,124,124,201,201,2,0,normal,1,3,20,81,7280
17646,MOB_EU_HUNTER_NPC_12371237,Europe (Constantinople),124,64308,0,18983,3220,5444,124,124,201,201,2,0,normal,1,3,20,81,7281
17647,MOB_EU_HUNTER_NPC_12381238,Europe (Constantinople),124,64308,0,18983,3220,5444,124,124,201,201,2,0,normal,1,3,20,81,7282
17648,MOB_EU_HUNTER_NPC_12391239,Europe (Constantinople),124,64308,0,18983,3220,5444,124,124,201,201,2,0,normal,1,3,20,81,7283
17649,MOB_EU_HUNTER_NPC_12401240,Europe (Constantinople),124,64308,0,18983,3220,5444,124,124,201,201,2,0,normal,1,3,20,81,7284
16240,MOB_EU_THIEF_NPC_12311231,Europe (Constantinople),124,64308,0,18983,3403,5152,124,124,201,201,2,0,normal,1,3,20,91,5875
16241,MOB_EU_THIEF_NPC_12321232,Europe (Constantinople),124,64308,0,18983,3403,5152,124,124,201,201,2,0,normal,1,3,20,91,5876
16242,MOB_EU_THIEF_NPC_12331233,Europe (Constantinople),124,64308,0,18983,3403,5152,124,124,201,201,2,0,normal,1,3,20,91,5877
16243,MOB_EU_THIEF_NPC_12341234,Europe (Constantinople),124,64308,0,18983,3310,5296,124,124,201,201,2,0,normal,1,3,20,112,5878
16244,MOB_EU_THIEF_NPC_12351235,Europe (Constantinople),124,64308,0,18983,3310,5296,124,124,201,201,2,0,normal,1,3,20,71,5879
16246,MOB_EU_THIEF_NPC_12371237,Europe (Constantinople),124,64308,0,18983,3220,5444,124,124,201,201,2,0,normal,1,3,20,81,5881
16247,MOB_EU_THIEF_NPC_12381238,Europe (Constantinople),124,64308,0,18983,3220,5444,124,124,201,201,2,0,normal,1,3,20,81,5882
16248,MOB_EU_THIEF_NPC_12391239,Europe (Constantinople),124,64308,0,18983,3220,5444,124,124,201,201,2,0,normal,1,3,20,81,5883
16249,MOB_EU_THIEF_NPC_12401240,Europe (Constantinople),124,64308,0,18983,3220,5444,124,124,201,201,2,0,normal,1,3,20,81,5884
22642,MOB_FW_BATTLEGOLEM_124,Forteresse (guerre de forteresse),124,82313760,0,36447713,3497,5012,124,124,201,201,2,3,unique_notice,1,3,42,56,12196
22222,MOB_FW_HYEONGCHEON_124,Forteresse (guerre de forteresse),124,81333867,0,27335784,3310,5296,124,124,201,201,2,3,unique_notice,1,3,23,74,11776
22362,MOB_FW_MUJIGI_124,Forteresse (guerre de forteresse),124,61735320,0,27335784,3310,5296,124,124,201,201,2,3,unique_notice,1,3,38,143,11916
21522,MOB_FW_TAESE_124,Forteresse (guerre de forteresse),124,108445156,0,36447713,3497,5012,124,124,201,201,2,3,unique_notice,1,3,10,34,11076
8815,MOB_HUNTER_NPC_12311231,AUTRE,124,64308,0,18983,3310,5296,124,124,201,201,2,0,normal,1,3,20,66,3348
8816,MOB_HUNTER_NPC_12321232,AUTRE,124,74515,0,18983,3403,5152,124,124,201,201,2,0,normal,1,3,20,66,3349
8817,MOB_HUNTER_NPC_12331233,AUTRE,124,74515,0,18983,3310,5296,124,124,201,201,2,0,normal,1,3,20,71,3350
8818,MOB_HUNTER_NPC_12341234,AUTRE,124,64308,0,18983,3220,5444,124,124,201,201,2,0,normal,1,3,20,81,3351
8819,MOB_HUNTER_NPC_12351235,AUTRE,124,64308,0,18983,3310,5296,124,124,201,201,2,0,normal,1,3,20,112,3352
8820,MOB_HUNTER_NPC_12361236,AUTRE,124,74515,0,18983,3403,5152,124,16777340,201,201,2,0,normal,1,3,20,66,3353
8821,MOB_HUNTER_NPC_12371237,AUTRE,124,64308,0,18983,3310,5296,124,124,201,201,2,0,normal,1,3,20,66,3354
8823,MOB_HUNTER_NPC_12391239,AUTRE,124,64308,0,18983,3310,5296,124,124,201,201,2,0,normal,1,3,20,81,3356
8824,MOB_HUNTER_NPC_12401240,AUTRE,124,64308,0,18983,3403,5152,124,124,201,201,2,0,normal,1,3,20,112,3357
3452,MOB_THIEF_NPC_12311231,Evenement caravan/thief,124,64308,0,18983,3310,5296,124,124,201,201,2,0,normal,1,3,20,66,1469
3454,MOB_THIEF_NPC_12331233,Evenement caravan/thief,124,74515,0,18983,3310,5296,124,124,201,201,2,0,normal,1,3,20,71,1471
3455,MOB_THIEF_NPC_12341234,Evenement caravan/thief,124,64308,0,18983,3220,5444,124,124,201,201,2,0,normal,1,3,20,81,1472
3456,MOB_THIEF_NPC_12351235,Evenement caravan/thief,124,64308,0,18983,3310,5296,124,124,201,201,2,0,normal,1,3,20,112,1473
3457,MOB_THIEF_NPC_12361236,Evenement caravan/thief,124,74515,0,18983,3403,5152,124,124,201,201,2,0,normal,1,3,20,66,1474
3458,MOB_THIEF_NPC_12371237,Evenement caravan/thief,124,64308,0,18983,3310,5296,124,124,201,201,2,0,normal,1,3,20,66,1475
3459,MOB_THIEF_NPC_12381238,Evenement caravan/thief,124,74515,0,18983,3220,5444,124,124,201,201,2,0,normal,1,3,20,71,1476
3460,MOB_THIEF_NPC_12391239,Evenement caravan/thief,124,64308,0,18983,3310,5296,124,124,201,201,2,0,normal,1,3,20,337,1477
3461,MOB_THIEF_NPC_12401240,Evenement caravan/thief,124,64308,0,18983,3403,5152,124,124,201,201,2,0,normal,1,3,20,112,1478
24136,MOV_EV_BEAR_B_124,AUTRE,124,105284,0,75932,2923,4677,124,124,201,201,2,0,normal,1,0,50,75,13411
17650,MOB_EU_HUNTER_NPC_12411241,Europe (Constantinople),125,66062,0,19553,3497,5296,125,125,202,202,2,0,normal,1,3,20,92,7285
17651,MOB_EU_HUNTER_NPC_12421242,Europe (Constantinople),125,66062,0,19553,3497,5296,125,125,202,202,2,0,normal,1,3,20,92,7286
17652,MOB_EU_HUNTER_NPC_12431243,Europe (Constantinople),125,66062,0,19553,3497,5296,125,125,202,202,2,0,normal,1,3,20,92,7287
17653,MOB_EU_HUNTER_NPC_12441244,Europe (Constantinople),125,66062,0,19553,3403,5444,125,125,202,202,2,0,normal,1,3,20,113,7288
17654,MOB_EU_HUNTER_NPC_12451245,Europe (Constantinople),125,66062,0,19553,3403,5444,125,16777341,202,202,2,0,normal,1,3,20,71,7289
17655,MOB_EU_HUNTER_NPC_12461246,Europe (Constantinople),125,66062,0,19553,3310,5596,125,125,202,202,2,0,normal,1,3,20,81,7290
17656,MOB_EU_HUNTER_NPC_12471247,Europe (Constantinople),125,66062,0,19553,3310,5596,125,125,202,202,2,0,normal,1,3,20,81,7291
17657,MOB_EU_HUNTER_NPC_12481248,Europe (Constantinople),125,66062,0,19553,3310,5596,125,125,202,202,2,0,normal,1,3,20,81,7292
17659,MOB_EU_HUNTER_NPC_12501250,Europe (Constantinople),125,66062,0,19553,3310,5596,125,125,202,202,2,0,normal,1,3,20,81,7294
16250,MOB_EU_THIEF_NPC_12411241,Europe (Constantinople),125,66062,0,19553,3497,5296,125,125,202,202,2,0,normal,1,3,20,92,5885
16251,MOB_EU_THIEF_NPC_12421242,Europe (Constantinople),125,66062,0,19553,3497,5296,125,125,202,202,2,0,normal,1,3,20,92,5886
16252,MOB_EU_THIEF_NPC_12431243,Europe (Constantinople),125,66062,0,19553,3497,5296,125,125,202,202,2,0,normal,1,3,20,92,5887
16254,MOB_EU_THIEF_NPC_12451245,Europe (Constantinople),125,66062,0,19553,3403,5444,125,125,202,202,2,0,normal,1,3,20,71,5889
16255,MOB_EU_THIEF_NPC_12461246,Europe (Constantinople),125,66062,0,19553,3310,5596,125,125,202,202,2,0,normal,1,3,20,81,5890
16256,MOB_EU_THIEF_NPC_12471247,Europe (Constantinople),125,66062,0,19553,3310,5596,125,125,202,202,2,0,normal,1,3,20,81,5891
16257,MOB_EU_THIEF_NPC_12481248,Europe (Constantinople),125,66062,0,19553,3310,5596,125,125,202,202,2,0,normal,1,3,20,81,5892
16258,MOB_EU_THIEF_NPC_12491249,Europe (Constantinople),125,66062,0,19553,3310,5596,125,125,202,202,2,0,normal,1,3,20,81,5893
16259,MOB_EU_THIEF_NPC_12501250,Europe (Constantinople),125,66062,0,19553,3310,5596,125,125,202,202,2,0,normal,1,3,20,81,5894
16253,MOB_EU_THIEF_NPC_12541244,Europe (Constantinople),125,66062,0,19553,3403,5444,125,125,202,202,2,0,normal,1,3,20,113,5888
22643,MOB_FW_BATTLEGOLEM_125,Forteresse (guerre de forteresse),125,84559729,0,37541145,3595,5152,125,125,202,202,2,3,unique_notice,1,3,42,56,12197
22223,MOB_FW_HYEONGCHEON_125,Forteresse (guerre de forteresse),125,83560239,0,28155859,3403,5444,125,16777341,202,202,2,3,unique_notice,1,3,23,74,11777
22363,MOB_FW_MUJIGI_125,Forteresse (guerre de forteresse),125,63419797,0,28155859,3403,5444,125,125,202,202,2,3,unique_notice,1,3,38,143,11917
21523,MOB_FW_TAESE_125,Forteresse (guerre de forteresse),125,111413652,0,37541145,3595,5152,125,125,202,202,2,3,unique_notice,1,3,10,34,11077
8825,MOB_HUNTER_NPC_12411241,AUTRE,125,76552,0,19553,3403,5444,125,125,202,202,2,0,normal,1,3,20,66,3358
8826,MOB_HUNTER_NPC_12421242,AUTRE,125,76552,0,19553,3310,5596,125,125,202,202,2,0,normal,1,3,20,66,3359
8827,MOB_HUNTER_NPC_12431243,AUTRE,125,66062,0,19553,3403,5444,125,125,202,202,2,0,normal,1,3,20,71,3360
8828,MOB_HUNTER_NPC_12441244,AUTRE,125,66062,0,19553,3497,5296,125,125,202,202,2,0,normal,1,3,20,81,3361
8829,MOB_HUNTER_NPC_12451245,AUTRE,125,66062,0,19553,3403,5444,125,125,202,202,2,0,normal,1,3,20,113,3362
8830,MOB_HUNTER_NPC_12461246,AUTRE,125,66062,0,19553,3310,5596,125,125,202,202,2,0,normal,1,3,20,66,3363
8831,MOB_HUNTER_NPC_12471247,AUTRE,125,76552,0,19553,3403,5444,125,125,202,202,2,0,normal,1,3,20,66,3364
8832,MOB_HUNTER_NPC_12481248,AUTRE,125,76552,0,19553,3497,5296,125,125,202,202,2,0,normal,1,3,20,71,3365
8833,MOB_HUNTER_NPC_12491249,AUTRE,125,66062,0,19553,3403,5444,125,125,202,202,2,0,normal,1,3,20,81,3366
8834,MOB_HUNTER_NPC_12501250,AUTRE,125,66062,0,19553,3310,5596,125,125,202,202,2,0,normal,1,3,20,113,3367
3462,MOB_THIEF_NPC_11411241,Evenement caravan/thief,125,76552,0,19553,3403,5444,125,125,202,202,2,0,normal,1,3,20,66,1479
3463,MOB_THIEF_NPC_12421242,Evenement caravan/thief,125,76552,0,19553,3310,5596,125,125,202,202,2,0,normal,1,3,20,66,1480
3464,MOB_THIEF_NPC_12431243,Evenement caravan/thief,125,66062,0,19553,3403,5444,125,16777341,202,202,2,0,normal,1,3,20,71,1481
3465,MOB_THIEF_NPC_12441244,Evenement caravan/thief,125,66062,0,19553,3497,5296,125,125,202,202,2,0,normal,1,3,20,81,1482
3466,MOB_THIEF_NPC_12451245,Evenement caravan/thief,125,66062,0,19553,3403,5444,125,125,202,202,2,0,normal,1,3,20,113,1483
3467,MOB_THIEF_NPC_12461246,Evenement caravan/thief,125,66062,0,19553,3310,5596,125,125,202,202,2,0,normal,1,3,20,66,1484
3468,MOB_THIEF_NPC_12471247,Evenement caravan/thief,125,76552,0,19553,3403,5444,125,125,202,202,2,0,normal,1,3,20,66,1485
3470,MOB_THIEF_NPC_12491249,Evenement caravan/thief,125,66062,0,19553,3403,5444,125,125,202,202,2,0,normal,1,3,20,81,1487
3471,MOB_THIEF_NPC_12501250,Evenement caravan/thief,125,66062,0,19553,3310,5596,125,125,202,202,2,0,normal,1,3,20,113,1488
24137,MOV_EV_BEAR_B_125,AUTRE,125,108229,0,78212,3004,4807,125,125,202,202,2,0,normal,1,0,50,75,13412
8840,MMB_HUNTER_NPC_12561256,AUTRE,126,78641,0,20139,3595,5444,126,126,203,203,2,0,normal,1,3,20,66,3373
17668,MOB_EU_HUNTER_NPC_11591259,Europe (Constantinople),126,67861,0,20139,3403,5751,126,126,203,203,2,0,normal,1,3,20,82,7303
17660,MOB_EU_HUNTER_NPC_12511251,Europe (Constantinople),126,67861,0,20139,3595,5444,126,126,203,203,2,0,normal,1,3,20,92,7295
17661,MOB_EU_HUNTER_NPC_12521252,Europe (Constantinople),126,67861,0,20139,3595,5444,126,126,203,203,2,0,normal,1,3,20,92,7296
17662,MOB_EU_HUNTER_NPC_12531253,Europe (Constantinople),126,67861,0,20139,3595,5444,126,126,203,203,2,0,normal,1,3,20,92,7297
17663,MOB_EU_HUNTER_NPC_12541254,Europe (Constantinople),126,67861,0,20139,3497,5596,126,126,203,203,2,0,normal,1,3,20,113,7298
17664,MOB_EU_HUNTER_NPC_12551255,Europe (Constantinople),126,67861,0,20139,3497,5596,126,126,203,203,2,0,normal,1,3,20,71,7299
17665,MOB_EU_HUNTER_NPC_12561256,Europe (Constantinople),126,67861,0,20139,3403,5751,126,126,203,203,2,0,normal,1,3,20,82,7300
17667,MOB_EU_HUNTER_NPC_12581258,Europe (Constantinople),126,67861,0,20139,3403,5751,126,126,203,203,2,0,normal,1,3,20,82,7302
17669,MOB_EU_HUNTER_NPC_12601260,Europe (Constantinople),126,67861,0,20139,3403,5751,126,126,203,203,2,0,normal,1,3,20,82,7304
16260,MOB_EU_THIEF_NPC_12511251,Europe (Constantinople),126,67861,0,20139,3595,5444,126,126,203,203,2,0,normal,1,3,20,92,5895
16261,MOB_EU_THIEF_NPC_12521252,Europe (Constantinople),126,67861,0,20139,3595,5444,126,126,203,203,2,0,normal,1,3,20,92,5896
16262,MOB_EU_THIEF_NPC_12531253,Europe (Constantinople),126,67861,0,20139,3595,5444,126,16777342,203,203,2,0,normal,1,3,20,92,5897
16263,MOB_EU_THIEF_NPC_12541254,Europe (Constantinople),126,67861,0,20139,3497,5596,126,126,203,203,2,0,normal,1,3,20,113,5898
16264,MOB_EU_THIEF_NPC_12551255,Europe (Constantinople),126,67861,0,20139,3497,5596,126,126,203,203,2,0,normal,1,3,20,71,5899
16265,MOB_EU_THIEF_NPC_12561256,Europe (Constantinople),126,67861,0,20139,3403,5751,126,126,203,203,2,0,normal,1,3,20,82,5900
16266,MOB_EU_THIEF_NPC_12571257,Europe (Constantinople),126,67861,0,20139,3403,5751,126,126,203,203,2,0,normal,1,3,20,82,5901
16267,MOB_EU_THIEF_NPC_12581258,Europe (Constantinople),126,67861,0,20139,3403,5751,126,126,203,203,2,0,normal,1,3,20,338,5902
16268,MOB_EU_THIEF_NPC_12591259,Europe (Constantinople),126,67861,0,20139,3403,5751,126,126,203,203,2,0,normal,1,3,20,82,5903
16269,MOB_EU_THIEF_NPC_12601260,Europe (Constantinople),126,67861,0,20139,3403,5751,126,126,203,203,2,0,normal,1,3,20,82,5904
22644,MOB_FW_BATTLEGOLEM_126,Forteresse (guerre de forteresse),126,86862612,0,38667379,3694,5296,126,126,203,203,2,3,unique_notice,1,3,42,56,12198
22224,MOB_FW_HYEONGCHEON_126,Forteresse (guerre de forteresse),126,85843132,0,29000534,3497,5596,126,126,203,203,2,3,unique_notice,1,3,23,74,11778
22364,MOB_FW_MUJIGI_126,Forteresse (guerre de forteresse),126,65146959,0,29000534,3497,5596,126,126,203,203,2,3,unique_notice,1,3,38,143,11918
21524,MOB_FW_TAESE_126,Forteresse (guerre de forteresse),126,114457509,0,38667379,3694,5296,126,126,203,203,2,3,unique_notice,1,3,10,34,11078
8835,MOB_HUNTER_NPC_12511251,AUTRE,126,78641,0,20139,3497,5596,126,126,203,203,2,0,normal,1,3,20,66,3368
8836,MOB_HUNTER_NPC_12521252,AUTRE,126,67861,0,20139,3595,5444,126,126,203,203,2,0,normal,1,3,20,66,3369
8837,MOB_HUNTER_NPC_12531253,AUTRE,126,78641,0,20139,3497,5596,126,126,203,203,2,0,normal,1,3,20,71,3370
8838,MOB_HUNTER_NPC_12541254,AUTRE,126,67861,0,20139,3403,5751,126,126,203,203,2,0,normal,1,3,20,82,3371
8839,MOB_HUNTER_NPC_12551255,AUTRE,126,67861,0,20139,3497,5596,126,126,203,203,2,0,normal,1,3,20,113,3372
8841,MOB_HUNTER_NPC_12571257,AUTRE,126,78641,0,20139,3497,5596,126,126,203,203,2,0,normal,1,3,20,66,3374
8842,MOB_HUNTER_NPC_12581258,AUTRE,126,67861,0,20139,3403,5751,126,126,203,203,2,0,normal,1,3,20,71,3375
8843,MOB_HUNTER_NPC_12591259,AUTRE,126,67861,0,20139,3497,5596,126,126,203,203,2,0,normal,1,3,20,82,3376
8844,MOB_HUNTER_NPC_12601260,AUTRE,126,67861,0,20139,3595,5444,126,16777342,203,203,2,0,normal,1,3,20,113,3377
3479,MOB_THIEF_NPC_11581258,Evenement caravan/thief,126,67861,0,20139,3403,5751,126,126,203,203,2,0,normal,1,3,20,71,1496
3472,MOB_THIEF_NPC_12511251,Evenement caravan/thief,126,78641,0,20139,3497,5596,126,126,203,203,2,0,normal,1,3,20,66,1489
3473,MOB_THIEF_NPC_12521252,Evenement caravan/thief,126,67861,0,20139,3595,5444,126,126,203,203,2,0,normal,1,3,20,66,1490
3474,MOB_THIEF_NPC_12531253,Evenement caravan/thief,126,78641,0,20139,3497,5596,126,126,203,203,2,0,normal,1,3,20,71,1491
3475,MOB_THIEF_NPC_12541254,Evenement caravan/thief,126,67861,0,20139,3403,5751,126,126,203,203,2,0,normal,1,3,20,82,1492
3476,MOB_THIEF_NPC_12551255,Evenement caravan/thief,126,67861,0,20139,3497,5596,126,126,203,203,2,0,normal,1,3,20,113,1493
3477,MOB_THIEF_NPC_12561256,Evenement caravan/thief,126,78641,0,20139,3595,5444,126,126,203,203,2,0,normal,1,3,20,322,1494
3478,MOB_THIEF_NPC_12571257,Evenement caravan/thief,126,78641,0,20139,3497,5596,126,126,203,203,2,0,normal,1,3,20,66,1495
3480,MOB_THIEF_NPC_12591259,Evenement caravan/thief,126,67861,0,20139,3497,5596,126,126,203,203,2,0,normal,1,3,20,82,1497
3481,MOB_THIEF_NPC_12601260,Evenement caravan/thief,126,67861,0,20139,3595,5444,126,126,203,203,2,0,normal,1,3,20,113,1498
24138,MOV_EV_BEAR_B_126,AUTRE,126,111249,0,80556,3087,4940,126,126,203,203,2,0,normal,1,0,50,75,13413
17670,MOB_EU_HUNTER_NPC_12611261,Europe (Constantinople),127,69706,0,20743,3694,5596,127,127,204,204,2,0,normal,1,3,20,92,7305
17671,MOB_EU_HUNTER_NPC_12621262,Europe (Constantinople),127,69706,0,20743,3694,5596,127,127,204,204,2,0,normal,1,3,20,92,7306
17672,MOB_EU_HUNTER_NPC_12631263,Europe (Constantinople),127,69706,0,20743,3694,5596,127,127,204,204,2,0,normal,1,3,20,92,7307
17673,MOB_EU_HUNTER_NPC_12641264,Europe (Constantinople),127,69706,0,20743,3595,5751,127,127,204,204,2,0,normal,1,3,20,114,7308
17674,MOB_EU_HUNTER_NPC_12651265,Europe (Constantinople),127,69706,0,20743,3595,5751,127,127,204,204,2,0,normal,1,3,20,71,7309
17675,MOB_EU_HUNTER_NPC_12661266,Europe (Constantinople),127,69706,0,20743,3497,5911,127,127,204,204,2,0,normal,1,3,20,82,7310
17676,MOB_EU_HUNTER_NPC_12671267,Europe (Constantinople),127,69706,0,20743,3497,5911,127,127,204,204,2,0,normal,1,3,20,82,7311
17677,MOB_EU_HUNTER_NPC_12681268,Europe (Constantinople),127,69706,0,20743,3497,5911,127,127,204,204,2,0,normal,1,3,20,82,7312
17678,MOB_EU_HUNTER_NPC_12691269,Europe (Constantinople),127,69706,0,20743,3497,5911,127,16777343,204,204,2,0,normal,1,3,20,82,7313
17679,MOB_EU_HUNTER_NPC_12701270,Europe (Constantinople),127,69706,0,20743,3497,5911,127,127,204,204,2,0,normal,1,3,20,82,7314
16270,MOB_EU_THIEF_NPC_12611261,Europe (Constantinople),127,69706,0,20743,3694,5596,127,127,204,204,2,0,normal,1,3,20,92,5905
16271,MOB_EU_THIEF_NPC_12621262,Europe (Constantinople),127,69706,0,20743,3694,5596,127,127,204,204,2,0,normal,1,3,20,92,5906
16272,MOB_EU_THIEF_NPC_12631263,Europe (Constantinople),127,69706,0,20743,3694,5596,127,127,204,204,2,0,normal,1,3,20,92,5907
16273,MOB_EU_THIEF_NPC_12641264,Europe (Constantinople),127,69706,0,20743,3595,5751,127,127,204,204,2,0,normal,1,3,20,114,5908
16274,MOB_EU_THIEF_NPC_12651265,Europe (Constantinople),127,69706,0,20743,3595,5751,127,127,204,204,2,0,normal,1,3,20,71,5909
16275,MOB_EU_THIEF_NPC_12661266,Europe (Constantinople),127,69706,0,20743,3497,5911,127,127,204,204,2,0,normal,1,3,20,82,5910
16276,MOB_EU_THIEF_NPC_12671267,Europe (Constantinople),127,69706,0,20743,3497,5911,127,127,204,204,2,0,normal,1,3,20,82,5911
16277,MOB_EU_THIEF_NPC_12681268,Europe (Constantinople),127,69706,0,20743,3497,5911,127,127,204,204,2,0,normal,1,3,20,82,5912
16278,MOB_EU_THIEF_NPC_12691269,Europe (Constantinople),127,69706,0,20743,3497,5911,127,127,204,204,2,0,normal,1,3,20,82,5913
16279,MOB_EU_THIEF_NPC_12701270,Europe (Constantinople),127,69706,0,20743,3497,5911,127,127,204,204,2,0,normal,1,3,20,82,5914
22645,MOB_FW_BATTLEGOLEM_127,Forteresse (guerre de forteresse),127,89223787,0,39827400,3796,5444,127,127,204,204,2,3,unique_notice,1,3,42,56,12199
22225,MOB_FW_HYEONGCHEON_127,Forteresse (guerre de forteresse),127,88183916,0,29870550,3595,5751,127,127,204,204,2,3,unique_notice,1,3,23,74,11779
22365,MOB_FW_MUJIGI_127,Forteresse (guerre de forteresse),127,66917840,0,29870550,3595,5751,127,127,204,204,2,3,unique_notice,1,3,38,143,11919
8845,MOB_HUNTER_NPC_12611261,AUTRE,127,69706,0,20743,3595,5751,127,127,204,204,2,0,normal,1,3,20,66,3378
8845,MOB_HUNTER_NPC_12611261,AUTRE,127,69706,0,20743,3595,5751,127,127,204,204,2,0,normal,1,3,20,66,3378
8846,MOB_HUNTER_NPC_12621262,AUTRE,127,80782,0,20743,3497,5911,127,127,204,204,2,0,normal,1,3,20,66,3379
8847,MOB_HUNTER_NPC_12631263,AUTRE,127,80782,0,20743,3595,5751,127,127,204,204,2,0,normal,1,3,20,71,3380
8848,MOB_HUNTER_NPC_12641264,AUTRE,127,69706,0,20743,3694,5596,127,127,204,204,2,0,normal,1,3,20,82,3381
8849,MOB_HUNTER_NPC_12651265,AUTRE,127,69706,0,20743,3595,5751,127,127,204,204,2,0,normal,1,3,20,114,3382
8850,MOB_HUNTER_NPC_12661266,AUTRE,127,80782,0,20743,3497,5911,127,127,204,204,2,0,normal,1,3,20,66,3383
8851,MOB_HUNTER_NPC_12671267,AUTRE,127,69706,0,20743,3595,5751,127,127,204,204,2,0,normal,1,3,20,66,3384
8852,MOB_HUNTER_NPC_12681268,AUTRE,127,80782,0,20743,3694,5596,127,127,204,204,2,0,normal,1,3,20,71,3385
8853,MOB_HUNTER_NPC_12691269,AUTRE,127,69706,0,20743,3595,5751,127,127,204,204,2,0,normal,1,3,20,82,3386
3482,MOB_THIEF_NPC_12611261,Evenement caravan/thief,127,69706,0,20743,3595,5751,127,127,204,204,2,0,normal,1,3,20,66,1499
3483,MOB_THIEF_NPC_12621262,Evenement caravan/thief,127,80782,0,20743,3497,5911,127,127,204,204,2,0,normal,1,3,20,66,1500
3484,MOB_THIEF_NPC_12631263,Evenement caravan/thief,127,80782,0,20743,3595,5751,127,127,204,204,2,0,normal,1,3,20,71,1501
3485,MOB_THIEF_NPC_12641264,Evenement caravan/thief,127,69706,0,20743,3694,5596,127,127,204,204,2,0,normal,1,3,20,82,1502
3487,MOB_THIEF_NPC_12661266,Evenement caravan/thief,127,80782,0,20743,3497,5911,127,127,204,204,2,0,normal,1,3,20,66,1504
3488,MOB_THIEF_NPC_12671267,Evenement caravan/thief,127,69706,0,20743,3595,5751,127,16777343,204,204,2,0,normal,1,3,20,66,1505
3489,MOB_THIEF_NPC_12681268,Evenement caravan/thief,127,80782,0,20743,3694,5596,127,127,204,204,2,0,normal,1,3,20,71,1506
3490,MOB_THIEF_NPC_12691269,Evenement caravan/thief,127,69706,0,20743,3595,5751,127,127,204,204,2,0,normal,1,3,20,82,1507
3491,MOB_THIEF_NPC_12701270,Evenement caravan/thief,127,69706,0,20743,3497,5911,127,127,204,204,2,0,normal,1,3,20,114,1508
24139,MOV_EV_BEAR_B_127,AUTRE,127,114347,0,82972,3173,5077,127,127,204,204,2,0,normal,1,0,50,75,13414
17680,MOB_EU_HUNTER_NPC_12711271,Europe (Constantinople),128,71597,0,21366,3796,5751,128,128,205,205,2,0,normal,1,3,20,93,7315
17681,MOB_EU_HUNTER_NPC_12721272,Europe (Constantinople),128,71597,0,21366,3796,5751,128,128,205,205,2,0,normal,1,3,20,93,7316
17682,MOB_EU_HUNTER_NPC_12731273,Europe (Constantinople),128,71597,0,21366,3796,5751,128,128,205,205,2,0,normal,1,3,20,93,7317
17683,MOB_EU_HUNTER_NPC_12741274,Europe (Constantinople),128,71597,0,21366,3694,5911,128,128,205,205,2,0,normal,1,3,20,114,7318
17684,MOB_EU_HUNTER_NPC_12751275,Europe (Constantinople),128,71597,0,21366,3694,5911,128,128,205,205,2,0,normal,1,3,20,71,7319
17685,MOB_EU_HUNTER_NPC_12761276,Europe (Constantinople),128,71597,0,21366,3595,6074,128,128,205,205,2,0,normal,1,3,20,82,7320
17686,MOB_EU_HUNTER_NPC_12771277,Europe (Constantinople),128,71597,0,21366,3595,6074,128,128,205,205,2,0,normal,1,3,20,82,7321
17687,MOB_EU_HUNTER_NPC_12781278,Europe (Constantinople),128,71597,0,21366,3595,6074,128,128,205,205,2,0,normal,1,3,20,82,7322
17688,MOB_EU_HUNTER_NPC_12791279,Europe (Constantinople),128,71597,0,21366,3595,6074,128,128,205,205,2,0,normal,1,3,20,82,7323
16280,MOB_EU_THIEF_NPC_12711271,Europe (Constantinople),128,71597,0,21366,3796,5751,128,128,205,205,2,0,normal,1,3,20,93,5915
16281,MOB_EU_THIEF_NPC_12721272,Europe (Constantinople),128,71597,0,21366,3796,5751,128,128,205,205,2,0,normal,1,3,20,93,5916
16282,MOB_EU_THIEF_NPC_12731273,Europe (Constantinople),128,71597,0,21366,3796,5751,128,128,205,205,2,0,normal,1,3,20,93,5917
16283,MOB_EU_THIEF_NPC_12741274,Europe (Constantinople),128,71597,0,21366,3694,5911,128,128,205,205,2,0,normal,1,3,20,114,5918
16284,MOB_EU_THIEF_NPC_12751275,Europe (Constantinople),128,71597,0,21366,3694,5911,128,128,205,205,2,0,normal,1,3,20,71,5919
16285,MOB_EU_THIEF_NPC_12761276,Europe (Constantinople),128,71597,0,21366,3595,6074,128,128,205,205,2,0,normal,1,3,20,82,5920
16286,MOB_EU_THIEF_NPC_12771277,Europe (Constantinople),128,71597,0,21366,3595,6074,128,16777344,205,205,2,0,normal,1,3,20,82,5921
16287,MOB_EU_THIEF_NPC_12781278,Europe (Constantinople),128,71597,0,21366,3595,6074,128,128,205,205,2,0,normal,1,3,20,82,5922
16288,MOB_EU_THIEF_NPC_12791279,Europe (Constantinople),128,71597,0,21366,3595,6074,128,128,205,205,2,0,normal,1,3,20,82,5923
16289,MOB_EU_THIEF_NPC_12801280,Europe (Constantinople),128,71597,0,21366,3595,6074,128,128,205,205,2,0,normal,1,3,20,82,5924
22646,MOB_FW_BATTLEGOLEM_128,Forteresse (guerre de forteresse),128,91644663,0,41022221,3901,5596,128,128,205,205,2,3,unique_notice,1,3,42,56,12200
22366,MOB_FW_MUJIGI_128,Forteresse (guerre de forteresse),128,68733497,0,30766666,3694,5911,128,128,205,205,2,3,unique_notice,1,3,38,143,11920
21526,MOB_FW_TAESE_128,Forteresse (guerre de forteresse),128,120778660,0,41022221,3901,5596,128,128,205,205,2,3,unique_notice,1,3,10,34,11080
8855,MOB_HUNTER_NPC_12711271,AUTRE,128,82978,0,21366,3694,5911,128,128,205,205,2,0,normal,1,3,20,66,3388
8856,MOB_HUNTER_NPC_12721272,AUTRE,128,82978,0,21366,3796,5751,128,128,205,205,2,0,normal,1,3,20,66,3389
8857,MOB_HUNTER_NPC_12731273,AUTRE,128,71597,0,21366,3694,5911,128,128,205,205,2,0,normal,1,3,20,71,3390
8858,MOB_HUNTER_NPC_12741274,AUTRE,128,71597,0,21366,3595,6074,128,128,205,205,2,0,normal,1,3,20,82,3391
8859,MOB_HUNTER_NPC_12751275,AUTRE,128,71597,0,21366,3694,5911,128,128,205,205,2,0,normal,1,3,20,114,3392
8860,MOB_HUNTER_NPC_12761276,AUTRE,128,71597,0,21366,3796,5751,128,128,205,205,2,0,normal,1,3,20,66,3393
8861,MOB_HUNTER_NPC_12771277,AUTRE,128,82978,0,21366,3694,5911,128,128,205,205,2,0,normal,1,3,20,66,3394
8862,MOB_HUNTER_NPC_12781278,AUTRE,128,82978,0,21366,3595,6074,128,128,205,205,2,0,normal,1,3,20,71,3395
8863,MOB_HUNTER_NPC_12791279,AUTRE,128,71597,0,21366,3694,5911,128,128,205,205,2,0,normal,1,3,20,82,3396
8864,MOB_HUNTER_NPC_12801280,AUTRE,128,71597,0,21366,3796,5751,128,128,205,205,2,0,normal,1,3,20,114,3397
3495,MOB_THIEF_NPC_11741274,Evenement caravan/thief,128,71597,0,21366,3595,6074,128,128,205,205,2,0,normal,1,3,20,82,1512
3492,MOB_THIEF_NPC_12711271,Evenement caravan/thief,128,82978,0,21366,3694,5911,128,128,205,205,2,0,normal,1,3,20,66,1509
3493,MOB_THIEF_NPC_12721272,Evenement caravan/thief,128,82978,0,21366,3796,5751,128,128,205,205,2,0,normal,1,3,20,322,1510
3494,MOB_THIEF_NPC_12731273,Evenement caravan/thief,128,71597,0,21366,3694,5911,128,128,205,205,2,0,normal,1,3,20,71,1511
3496,MOB_THIEF_NPC_12751275,Evenement caravan/thief,128,71597,0,21366,3694,5911,128,128,205,205,2,0,normal,1,3,20,114,1513
3497,MOB_THIEF_NPC_12761276,Evenement caravan/thief,128,71597,0,21366,3796,5751,128,128,205,205,2,0,normal,1,3,20,66,1514
3498,MOB_THIEF_NPC_12771277,Evenement caravan/thief,128,82978,0,21366,3694,5911,128,128,205,205,2,0,normal,1,3,20,66,1515
3499,MOB_THIEF_NPC_12781278,Evenement caravan/thief,128,82978,0,21366,3595,6074,128,128,205,205,2,0,normal,1,3,20,71,1516
3500,MOB_THIEF_NPC_12791279,Evenement caravan/thief,128,71597,0,21366,3694,5911,128,128,205,205,2,0,normal,1,3,20,82,1517
3501,MOB_THIEF_NPC_12801280,Evenement caravan/thief,128,71597,0,21366,3796,5751,128,128,205,205,2,0,normal,1,3,20,114,1518
24140,MOV_EV_BEAR_B_128,AUTRE,128,117524,0,85464,3261,5217,128,128,205,205,2,0,normal,1,0,50,75,13415
8872,MMB_HUNTER_NPC_12881288,AUTRE,129,73536,0,22007,3901,5911,129,129,206,206,2,0,normal,1,3,20,72,3405
17699,MOB_EU_HUNTER_NPC_11901290,Europe (Constantinople),129,73536,0,22007,3694,6242,129,129,206,206,2,0,normal,1,3,20,82,7334
17690,MOB_EU_HUNTER_NPC_12811281,Europe (Constantinople),129,73536,0,22007,3901,5911,129,129,206,206,2,0,normal,1,3,20,93,7325
17691,MOB_EU_HUNTER_NPC_12821282,Europe (Constantinople),129,73536,0,22007,3901,5911,129,129,206,206,2,0,normal,1,3,20,93,7326
17692,MOB_EU_HUNTER_NPC_12831283,Europe (Constantinople),129,73536,0,22007,3901,5911,129,129,206,206,2,0,normal,1,3,20,93,7327
17693,MOB_EU_HUNTER_NPC_12841284,Europe (Constantinople),129,73536,0,22007,3796,6074,129,129,206,206,2,0,normal,1,3,20,115,7328
17694,MOB_EU_HUNTER_NPC_12851285,Europe (Constantinople),129,73536,0,22007,3796,6074,129,129,206,206,2,0,normal,1,3,20,72,7329
17695,MOB_EU_HUNTER_NPC_12861286,Europe (Constantinople),129,73536,0,22007,3694,6242,129,129,206,206,2,0,normal,1,3,20,82,7330
17696,MOB_EU_HUNTER_NPC_12871287,Europe (Constantinople),129,73536,0,22007,3694,6242,129,129,206,206,2,0,normal,1,3,20,82,7331
17697,MOB_EU_HUNTER_NPC_12881288,Europe (Constantinople),129,73536,0,22007,3694,6242,129,129,206,206,2,0,normal,1,3,20,82,7332
17698,MOB_EU_HUNTER_NPC_12891289,Europe (Constantinople),129,73536,0,22007,3694,6242,129,129,206,206,2,0,normal,1,3,20,82,7333
16290,MOB_EU_THIEF_NPC_12811281,Europe (Constantinople),129,73536,0,22007,3901,5911,129,129,206,206,2,0,normal,1,3,20,93,5925
16291,MOB_EU_THIEF_NPC_12821282,Europe (Constantinople),129,73536,0,22007,3901,5911,129,129,206,206,2,0,normal,1,3,20,93,5926
16292,MOB_EU_THIEF_NPC_12831283,Europe (Constantinople),129,73536,0,22007,3901,5911,129,129,206,206,2,0,normal,1,3,20,93,5927
16293,MOB_EU_THIEF_NPC_12841284,Europe (Constantinople),129,73536,0,22007,3796,6074,129,129,206,206,2,0,normal,1,3,20,115,5928
16294,MOB_EU_THIEF_NPC_12851285,Europe (Constantinople),129,73536,0,22007,3796,6074,129,129,206,206,2,0,normal,1,3,20,72,5929
16295,MOB_EU_THIEF_NPC_12861286,Europe (Constantinople),129,73536,0,22007,3694,6242,129,129,206,206,2,0,normal,1,3,20,82,5930
16296,MOB_EU_THIEF_NPC_12871287,Europe (Constantinople),129,73536,0,22007,3694,6242,129,129,206,206,2,0,normal,1,3,20,82,5931
16297,MOB_EU_THIEF_NPC_12881288,Europe (Constantinople),129,73536,0,22007,3694,6242,129,129,206,206,2,0,normal,1,3,20,82,5932
16298,MOB_EU_THIEF_NPC_12891289,Europe (Constantinople),129,73536,0,22007,3694,6242,129,129,206,206,2,0,normal,1,3,20,338,5933
16299,MOB_EU_THIEF_NPC_12901290,Europe (Constantinople),129,73536,0,22007,3694,6242,129,129,206,206,2,0,normal,1,3,20,82,5934
22647,MOB_FW_BATTLEGOLEM_129,Forteresse (guerre de forteresse),129,94126684,0,42252889,4009,5751,129,129,206,206,2,3,unique_notice,1,3,42,56,12201
22227,MOB_FW_HYEONGCHEON_129,Forteresse (guerre de forteresse),129,93044804,0,31689667,3796,6074,129,129,206,206,2,3,unique_notice,1,3,23,74,11781
22367,MOB_FW_MUJIGI_129,Forteresse (guerre de forteresse),129,70595013,0,31689667,3796,6074,129,16777345,206,206,2,3,unique_notice,1,3,38,143,11921
21527,MOB_FW_TAESE_129,Forteresse (guerre de forteresse),129,124059738,0,42252889,4009,5751,129,16777345,206,206,2,3,unique_notice,1,3,10,34,11081
8865,MOB_HUNTER_NPC_12811281,AUTRE,129,85229,0,22007,3796,6074,129,129,206,206,2,0,normal,1,3,20,66,3398
8866,MOB_HUNTER_NPC_12821282,AUTRE,129,73536,0,22007,3694,6242,129,129,206,206,2,0,normal,1,3,20,66,3399
8867,MOB_HUNTER_NPC_12831283,AUTRE,129,85229,0,22007,3796,6074,129,129,206,206,2,0,normal,1,3,20,72,3400
8868,MOB_HUNTER_NPC_12841284,AUTRE,129,73536,0,22007,3901,5911,129,16777345,206,206,2,0,normal,1,3,20,82,3401
8869,MOB_HUNTER_NPC_12851285,AUTRE,129,73536,0,22007,3796,6074,129,129,206,206,2,0,normal,1,3,20,115,3402
8870,MOB_HUNTER_NPC_12861286,AUTRE,129,85229,0,22007,3694,6242,129,129,206,206,2,0,normal,1,3,20,66,3403
8871,MOB_HUNTER_NPC_12871287,AUTRE,129,85229,0,22007,3796,6074,129,129,206,206,2,0,normal,1,3,20,66,3404
8873,MOB_HUNTER_NPC_12891289,AUTRE,129,73536,0,22007,3796,6074,129,129,206,206,2,0,normal,1,3,20,82,3406
8874,MOB_HUNTER_NPC_12901290,AUTRE,129,73536,0,22007,3694,6242,129,129,206,206,2,0,normal,1,3,20,115,3407
3503,MOB_THIEF_NPC_12821282,Evenement caravan/thief,129,73536,0,22007,3694,6242,129,129,206,206,2,0,normal,1,3,20,66,1520
3504,MOB_THIEF_NPC_12831283,Evenement caravan/thief,129,85229,0,22007,3796,6074,129,129,206,206,2,0,normal,1,3,20,72,1521
3505,MOB_THIEF_NPC_12841284,Evenement caravan/thief,129,73536,0,22007,3901,5911,129,129,206,206,2,0,normal,1,3,20,82,1522
3506,MOB_THIEF_NPC_12851285,Evenement caravan/thief,129,73536,0,22007,3796,6074,129,129,206,206,2,0,normal,1,3,20,115,1523
3507,MOB_THIEF_NPC_12861286,Evenement caravan/thief,129,85229,0,22007,3694,6242,129,129,206,206,2,0,normal,1,3,20,66,1524
3508,MOB_THIEF_NPC_12871287,Evenement caravan/thief,129,85229,0,22007,3796,6074,129,129,206,206,2,0,normal,1,3,20,66,1525
3509,MOB_THIEF_NPC_12881288,Evenement caravan/thief,129,73536,0,22007,3901,5911,129,129,206,206,2,0,normal,1,3,20,72,1526
3510,MOB_THIEF_NPC_12891289,Evenement caravan/thief,129,73536,0,22007,3796,6074,129,129,206,206,2,0,normal,1,3,20,338,1527
3511,MOB_THIEF_NPC_12901290,Evenement caravan/thief,129,73536,0,22007,3694,6242,129,129,206,206,2,0,normal,1,3,20,115,1528
24141,MOV_EV_BEAR_B_129,AUTRE,129,120783,0,88028,3350,5361,129,129,206,206,2,0,normal,1,0,50,75,13416
17700,MOB_EU_HUNTER_NPC_12911291,Europe (Constantinople),130,75524,0,22667,4009,6074,130,130,207,207,2,0,normal,1,3,20,93,7335
17701,MOB_EU_HUNTER_NPC_12921292,Europe (Constantinople),130,75524,0,22667,4009,6074,130,130,207,207,2,0,normal,1,3,20,93,7336
17702,MOB_EU_HUNTER_NPC_12931293,Europe (Constantinople),130,75524,0,22667,4009,6074,130,16777346,207,207,2,0,normal,1,3,20,93,7337
17703,MOB_EU_HUNTER_NPC_12941294,Europe (Constantinople),130,75524,0,22667,3901,6242,130,130,207,207,2,0,normal,1,3,20,115,7338
17704,MOB_EU_HUNTER_NPC_12951295,Europe (Constantinople),130,75524,0,22667,3901,6242,130,130,207,207,2,0,normal,1,3,20,72,7339
17705,MOB_EU_HUNTER_NPC_12961296,Europe (Constantinople),130,75524,0,22667,3796,6414,130,130,207,207,2,0,normal,1,3,20,83,7340
17706,MOB_EU_HUNTER_NPC_12971297,Europe (Constantinople),130,75524,0,22667,3796,6414,130,130,207,207,2,0,normal,1,1,20,83,7341
17707,MOB_EU_HUNTER_NPC_12981298,Europe (Constantinople),130,75524,0,22667,3796,6414,130,130,207,207,2,0,normal,1,3,20,83,7342
17708,MOB_EU_HUNTER_NPC_12991299,Europe (Constantinople),130,75524,0,22667,3796,6414,130,130,207,207,2,0,normal,1,3,20,83,7343
17709,MOB_EU_HUNTER_NPC_13001300,Europe (Constantinople),130,75524,0,22667,3796,6414,130,130,207,207,2,0,normal,1,3,20,83,7344
16301,MOB_EU_THIEF_NPC_12921292,Europe (Constantinople),130,75524,0,22667,4009,6074,130,130,207,207,2,0,normal,1,3,20,93,5936
16302,MOB_EU_THIEF_NPC_12931293,Europe (Constantinople),130,75524,0,22667,4009,6074,130,130,207,207,2,0,normal,1,3,20,93,5937
16303,MOB_EU_THIEF_NPC_12941294,Europe (Constantinople),130,75524,0,22667,3901,6242,130,130,207,207,2,0,normal,1,3,20,115,5938
16304,MOB_EU_THIEF_NPC_12951295,Europe (Constantinople),130,75524,0,22667,3901,6242,130,130,207,207,2,0,normal,1,3,20,72,5939
16305,MOB_EU_THIEF_NPC_12961296,Europe (Constantinople),130,75524,0,22667,3796,6414,130,130,207,207,2,0,normal,1,3,20,83,5940
16306,MOB_EU_THIEF_NPC_12971297,Europe (Constantinople),130,75524,0,22667,3796,6414,130,130,207,207,2,0,normal,1,3,20,83,5941
16307,MOB_EU_THIEF_NPC_12981298,Europe (Constantinople),130,75524,0,22667,3796,6414,130,130,207,207,2,0,normal,1,3,20,83,5942
16308,MOB_EU_THIEF_NPC_12991299,Europe (Constantinople),130,75524,0,22667,3796,6414,130,130,207,207,2,0,normal,1,3,20,83,5943
16309,MOB_EU_THIEF_NPC_13001300,Europe (Constantinople),130,75524,0,22667,3796,6414,130,130,207,207,2,0,normal,1,3,20,83,5944
22648,MOB_FW_BATTLEGOLEM_130,Forteresse (guerre de forteresse),130,96671329,0,43520475,4119,5911,130,130,207,207,2,3,unique_notice,1,3,42,56,12202
22228,MOB_FW_HYEONGCHEON_130,Forteresse (guerre de forteresse),130,95567811,0,32640356,3901,6242,130,130,207,207,2,3,unique_notice,1,3,23,74,11782
22368,MOB_FW_MUJIGI_130,Forteresse (guerre de forteresse),130,72503497,0,32640356,3901,6242,130,130,207,207,2,3,unique_notice,1,3,38,143,11922
21528,MOB_FW_TAESE_130,Forteresse (guerre de forteresse),130,127423748,0,43520475,4119,5911,130,130,207,207,2,3,unique_notice,1,3,10,34,11082
8875,MOB_HUNTER_NPC_12911291,AUTRE,130,75524,0,22667,3901,6242,130,130,207,207,2,0,normal,1,3,20,66,3408
8876,MOB_HUNTER_NPC_12921292,AUTRE,130,87537,0,22667,4009,6074,130,130,207,207,2,0,normal,1,3,20,66,3409
8877,MOB_HUNTER_NPC_12931293,AUTRE,130,87537,0,22667,3901,6242,130,130,207,207,2,0,normal,1,3,20,72,3410
8877,MOB_HUNTER_NPC_12931293,AUTRE,130,87537,0,22667,3901,6242,130,130,207,207,2,0,normal,1,3,20,72,3410
8878,MOB_HUNTER_NPC_12941294,AUTRE,130,75524,0,22667,3796,6414,130,130,207,207,2,0,normal,1,3,20,83,3411
8879,MOB_HUNTER_NPC_12951295,AUTRE,130,75524,0,22667,3901,6242,130,130,207,207,2,0,normal,1,3,20,115,3412
8880,MOB_HUNTER_NPC_12961296,AUTRE,130,87537,0,22667,4009,6074,130,130,207,207,2,0,normal,1,3,20,66,3413
8881,MOB_HUNTER_NPC_12971297,AUTRE,130,75524,0,22667,3901,6242,130,130,207,207,2,0,normal,1,3,20,66,3414
8882,MOB_HUNTER_NPC_12981298,AUTRE,130,87537,0,22667,3796,6414,130,130,207,207,2,0,normal,1,3,20,72,3415
8883,MOB_HUNTER_NPC_12991299,AUTRE,130,75524,0,22667,3901,6242,130,130,207,207,2,0,normal,1,3,20,83,3416
8884,MOB_HUNTER_NPC_13001300,AUTRE,130,75524,0,22667,4009,6074,130,130,207,207,2,0,normal,1,3,20,115,3417
3512,MOB_THIEF_NPC_11911291,Evenement caravan/thief,130,75524,0,22667,3901,6242,130,16777346,207,207,2,0,normal,1,3,20,66,1529
3513,MOB_THIEF_NPC_12921292,Evenement caravan/thief,130,87537,0,22667,4009,6074,130,130,207,207,2,0,normal,1,3,20,66,1530
3514,MOB_THIEF_NPC_12931293,Evenement caravan/thief,130,87537,0,22667,3901,6242,130,130,207,207,2,0,normal,1,3,20,72,1531
3515,MOB_THIEF_NPC_12941294,Evenement caravan/thief,130,75524,0,22667,3796,6414,130,130,207,207,2,0,normal,1,3,20,83,1532
3516,MOB_THIEF_NPC_12951295,Evenement caravan/thief,130,75524,0,22667,3901,6242,130,130,207,207,2,0,normal,1,3,20,115,1533
3517,MOB_THIEF_NPC_12961296,Evenement caravan/thief,130,87537,0,22667,4009,6074,130,130,207,207,2,0,normal,1,3,20,66,1534
3518,MOB_THIEF_NPC_12971297,Evenement caravan/thief,130,75524,0,22667,3901,6242,130,130,207,207,2,0,normal,1,3,20,66,1535
3520,MOB_THIEF_NPC_12991299,Evenement caravan/thief,130,75524,0,22667,3901,6242,130,130,207,207,2,0,normal,1,3,20,83,1537
3521,MOB_THIEF_NPC_13001300,Evenement caravan/thief,130,75524,0,22667,4009,6074,130,130,207,207,2,0,normal,1,3,20,115,1538
24142,MOV_EV_BEAR_B_130,AUTRE,130,124125,0,90668,3442,5508,130,130,207,207,2,0,normal,1,0,50,75,13417
17710,MOB_EU_HUNTER_NPC_13011301,Europe (Constantinople),131,77563,0,23347,4119,6242,131,131,208,208,2,0,normal,1,3,20,94,7345
17711,MOB_EU_HUNTER_NPC_13021302,Europe (Constantinople),131,77563,0,23347,4119,6242,131,131,208,208,2,0,normal,1,3,20,94,7346
17712,MOB_EU_HUNTER_NPC_13031303,Europe (Constantinople),131,77563,0,23347,4119,6242,131,131,208,208,2,0,normal,1,3,20,94,7347
17713,MOB_EU_HUNTER_NPC_13041304,Europe (Constantinople),131,77563,0,23347,4009,6414,131,131,208,208,2,0,normal,1,3,20,116,7348
17714,MOB_EU_HUNTER_NPC_13051305,Europe (Constantinople),131,77563,0,23347,4009,6414,131,131,208,208,2,0,normal,1,3,20,72,7349
17715,MOB_EU_HUNTER_NPC_13061306,Europe (Constantinople),131,77563,0,23347,3901,6591,131,131,208,208,2,0,normal,1,3,20,83,7350
17716,MOB_EU_HUNTER_NPC_13071307,Europe (Constantinople),131,77563,0,23347,3901,6591,131,131,208,208,2,0,normal,1,3,20,83,7351
17717,MOB_EU_HUNTER_NPC_13081308,Europe (Constantinople),131,77563,0,23347,3901,6591,131,131,208,208,2,0,normal,1,3,20,83,7352
17718,MOB_EU_HUNTER_NPC_13091309,Europe (Constantinople),131,77563,0,23347,3901,6591,131,131,208,208,2,0,normal,1,3,20,83,7353
17719,MOB_EU_HUNTER_NPC_13101310,Europe (Constantinople),131,77563,0,23347,3901,6591,131,131,208,208,2,0,normal,1,3,20,83,7354
16310,MOB_EU_THIEF_NPC_13011301,Europe (Constantinople),131,77563,0,23347,4119,6242,131,16777347,208,208,2,0,normal,1,3,20,94,5945
16311,MOB_EU_THIEF_NPC_13021302,Europe (Constantinople),131,77563,0,23347,4119,6242,131,131,208,208,2,0,normal,1,3,20,94,5946
16312,MOB_EU_THIEF_NPC_13031303,Europe (Constantinople),131,77563,0,23347,4119,6242,131,131,208,208,2,0,normal,1,3,20,94,5947
16314,MOB_EU_THIEF_NPC_13051305,Europe (Constantinople),131,77563,0,23347,4009,6414,131,131,208,208,2,0,normal,1,3,20,72,5949
16315,MOB_EU_THIEF_NPC_13061306,Europe (Constantinople),131,77563,0,23347,3901,6591,131,131,208,208,2,0,normal,1,3,20,83,5950
16316,MOB_EU_THIEF_NPC_13071307,Europe (Constantinople),131,77563,0,23347,3901,6591,131,131,208,208,2,0,normal,1,3,20,83,5951
16317,MOB_EU_THIEF_NPC_13081308,Europe (Constantinople),131,77563,0,23347,3901,6591,131,131,208,208,2,0,normal,1,3,20,83,5952
16318,MOB_EU_THIEF_NPC_13091309,Europe (Constantinople),131,77563,0,23347,3901,6591,131,131,208,208,2,0,normal,1,3,20,83,5953
16319,MOB_EU_THIEF_NPC_13101310,Europe (Constantinople),131,77563,0,23347,3901,6591,131,131,208,208,2,0,normal,1,3,20,83,5954
22649,MOB_FW_BATTLEGOLEM_131,Forteresse (guerre de forteresse),131,99280109,0,44826090,4232,6074,131,131,208,208,2,3,unique_notice,1,3,42,56,12203
22229,MOB_FW_HYEONGCHEON_131,Forteresse (guerre de forteresse),131,98154520,0,33619568,4009,6414,131,131,208,208,2,3,unique_notice,1,3,23,74,11783
22369,MOB_FW_MUJIGI_131,Forteresse (guerre de forteresse),131,74460082,0,33619568,4009,6414,131,131,208,208,2,3,unique_notice,1,3,38,143,11923
21529,MOB_FW_TAESE_131,Forteresse (guerre de forteresse),131,130872694,0,44826090,4232,6074,131,131,208,208,2,3,unique_notice,1,3,10,34,11083
8885,MOB_HUNTER_NPC_13011301,AUTRE,131,89903,0,23347,4009,6414,131,131,208,208,2,0,normal,1,3,20,66,3418
8887,MOB_HUNTER_NPC_13031303,AUTRE,131,77563,0,23347,4009,6414,131,131,208,208,2,0,normal,1,3,20,72,3420
8888,MOB_HUNTER_NPC_13041304,AUTRE,131,77563,0,23347,4119,6242,131,131,208,208,2,0,normal,1,3,20,83,3421
8889,MOB_HUNTER_NPC_13051305,AUTRE,131,77563,0,23347,4009,6414,131,131,208,208,2,0,normal,1,3,20,116,3422
8890,MOB_HUNTER_NPC_13061306,AUTRE,131,77563,0,23347,3901,6591,131,131,208,208,2,0,normal,1,3,20,66,3423
8891,MOB_HUNTER_NPC_13071307,AUTRE,131,89903,0,23347,4009,6414,131,131,208,208,2,0,normal,1,3,20,66,3424
8892,MOB_HUNTER_NPC_13081308,AUTRE,131,89903,0,23347,4119,6242,131,16777347,208,208,2,0,normal,1,3,20,72,3425
8893,MOB_HUNTER_NPC_13091309,AUTRE,131,77563,0,23347,4009,6414,131,131,208,208,2,0,normal,1,3,20,83,3426
8894,MOB_HUNTER_NPC_13101310,AUTRE,131,77563,0,23347,3901,6591,131,131,208,208,2,0,normal,1,3,20,116,3427
3528,MOB_THIEF_NPC_11071307,Evenement caravan/thief,131,89903,0,23347,4009,6414,131,131,208,208,2,0,normal,1,3,20,66,1545
3522,MOB_THIEF_NPC_13011301,Evenement caravan/thief,131,89903,0,23347,4009,6414,131,131,208,208,2,0,normal,1,3,20,66,1539
3523,MOB_THIEF_NPC_13021302,Evenement caravan/thief,131,89903,0,23347,3901,6591,131,131,208,208,2,0,normal,1,3,20,66,1540
3524,MOB_THIEF_NPC_13031303,Evenement caravan/thief,131,77563,0,23347,4009,6414,131,131,208,208,2,0,normal,1,3,20,72,1541
3525,MOB_THIEF_NPC_13041304,Evenement caravan/thief,131,77563,0,23347,4119,6242,131,131,208,208,2,0,normal,1,3,20,83,1542
3526,MOB_THIEF_NPC_13051305,Evenement caravan/thief,131,77563,0,23347,4009,6414,131,131,208,208,2,0,normal,1,3,20,372,1543
3527,MOB_THIEF_NPC_13061306,Evenement caravan/thief,131,77563,0,23347,3901,6591,131,131,208,208,2,0,normal,1,3,20,66,1544
3529,MOB_THIEF_NPC_13081308,Evenement caravan/thief,131,89903,0,23347,4119,6242,131,131,208,208,2,0,normal,1,3,20,72,1546
3530,MOB_THIEF_NPC_13091309,Evenement caravan/thief,131,77563,0,23347,4009,6414,131,131,208,208,2,0,normal,1,3,20,83,1547
3531,MOB_THIEF_NPC_13101310,Evenement caravan/thief,131,77563,0,23347,3901,6591,131,131,208,208,2,0,normal,1,3,20,116,1548
24143,MOV_EV_BEAR_B_131,AUTRE,131,127552,0,93388,3537,5659,131,131,208,208,2,0,normal,1,0,50,75,13418
8904,MMB_HUNTER_NPC_13201320,AUTRE,132,79652,0,24047,4232,6414,132,132,209,209,2,0,normal,1,3,20,116,3437
17721,MOB_EU_HUNTER_NPC_13121312,Europe (Constantinople),132,79652,0,24047,4232,6414,132,132,209,209,2,0,normal,1,3,20,94,7356
17722,MOB_EU_HUNTER_NPC_13131313,Europe (Constantinople),132,79652,0,24047,4232,6414,132,132,209,209,2,0,normal,1,3,20,94,7357
17723,MOB_EU_HUNTER_NPC_13141314,Europe (Constantinople),132,79652,0,24047,4119,6591,132,132,209,209,2,0,normal,1,3,20,116,7358
17724,MOB_EU_HUNTER_NPC_13151315,Europe (Constantinople),132,79652,0,24047,4119,6591,132,132,209,209,2,0,normal,1,3,20,72,7359
17725,MOB_EU_HUNTER_NPC_13161316,Europe (Constantinople),132,79652,0,24047,4009,6772,132,132,209,209,2,0,normal,1,3,20,83,7360
17726,MOB_EU_HUNTER_NPC_13171317,Europe (Constantinople),132,79652,0,24047,4009,6772,132,16777348,209,209,2,0,normal,1,3,20,83,7361
17727,MOB_EU_HUNTER_NPC_13181318,Europe (Constantinople),132,79652,0,24047,4009,6772,132,132,209,209,2,0,normal,1,3,20,83,7362
17729,MOB_EU_HUNTER_NPC_13201320,Europe (Constantinople),132,79652,0,24047,4009,6772,132,132,209,209,2,0,normal,1,3,20,83,7364
16320,MOB_EU_THIEF_NPC_13111311,Europe (Constantinople),132,79652,0,24047,4232,6414,132,132,209,209,2,0,normal,1,3,20,94,5955
16321,MOB_EU_THIEF_NPC_13121312,Europe (Constantinople),132,79652,0,24047,4232,6414,132,132,209,209,2,0,normal,1,3,20,94,5956
16322,MOB_EU_THIEF_NPC_13131313,Europe (Constantinople),132,79652,0,24047,4232,6414,132,132,209,209,2,0,normal,1,3,20,94,5957
16323,MOB_EU_THIEF_NPC_13141314,Europe (Constantinople),132,79652,0,24047,4119,6591,132,132,209,209,2,0,normal,1,3,20,116,5958
16324,MOB_EU_THIEF_NPC_13151315,Europe (Constantinople),132,79652,0,24047,4119,6591,132,132,209,209,2,0,normal,1,3,20,72,5959
16325,MOB_EU_THIEF_NPC_13161316,Europe (Constantinople),132,79652,0,24047,4009,6772,132,132,209,209,2,0,normal,1,3,20,83,5960
16326,MOB_EU_THIEF_NPC_13171317,Europe (Constantinople),132,79652,0,24047,4009,6772,132,132,209,209,2,0,normal,1,3,20,83,5961
16327,MOB_EU_THIEF_NPC_13181318,Europe (Constantinople),132,79652,0,24047,4009,6772,132,132,209,209,2,0,normal,1,3,20,83,5962
16328,MOB_EU_THIEF_NPC_13191319,Europe (Constantinople),132,79652,0,24047,4009,6772,132,132,209,209,2,0,normal,1,3,20,83,5963
16329,MOB_EU_THIEF_NPC_13201320,Europe (Constantinople),132,79652,0,24047,4009,6772,132,132,209,209,2,0,normal,1,3,20,339,5964
22650,MOB_FW_BATTLEGOLEM_132,Forteresse (guerre de forteresse),132,101954572,0,46170874,4348,6242,132,132,209,209,2,3,unique_notice,1,3,42,56,12204
22230,MOB_FW_HYEONGCHEON_132,Forteresse (guerre de forteresse),132,100806471,0,34628155,4119,6591,132,132,209,209,2,3,unique_notice,1,3,23,74,11784
22370,MOB_FW_MUJIGI_132,Forteresse (guerre de forteresse),132,76465929,0,34628155,4119,6591,132,132,209,209,2,3,unique_notice,1,3,38,143,11924
21530,MOB_FW_TAESE_132,Forteresse (guerre de forteresse),132,134408628,0,46170874,4348,6242,132,132,209,209,2,3,unique_notice,1,3,10,34,11084
8895,MOB_HUNTER_NPC_13111311,AUTRE,132,92329,0,24047,4119,6591,132,132,209,209,2,0,normal,1,3,20,67,3428
8896,MOB_HUNTER_NPC_13121312,AUTRE,132,79652,0,24047,4232,6414,132,132,209,209,2,0,normal,1,3,20,67,3429
8897,MOB_HUNTER_NPC_13131313,AUTRE,132,92329,0,24047,4119,6591,132,132,209,209,2,0,normal,1,3,20,72,3430
8898,MOB_HUNTER_NPC_13141314,AUTRE,132,79652,0,24047,4009,6772,132,132,209,209,2,0,normal,1,3,20,83,3431
8899,MOB_HUNTER_NPC_13151315,AUTRE,132,79652,0,24047,4119,6591,132,132,209,209,2,0,normal,1,3,20,116,3432
8900,MOB_HUNTER_NPC_13161316,AUTRE,132,92329,0,24047,4232,6414,132,132,209,209,2,0,normal,1,3,20,67,3433
8901,MOB_HUNTER_NPC_13171317,AUTRE,132,92329,0,24047,4119,6591,132,132,209,209,2,0,normal,1,3,20,67,3434
8902,MOB_HUNTER_NPC_13181318,AUTRE,132,79652,0,24047,4009,6772,132,132,209,209,2,0,normal,1,3,20,72,3435
8903,MOB_HUNTER_NPC_13191319,AUTRE,132,79652,0,24047,4119,6591,132,132,209,209,2,0,normal,1,3,20,83,3436
3532,MOB_THIEF_NPC_13111311,Evenement caravan/thief,132,92329,0,24047,4119,6591,132,132,209,209,2,0,normal,1,3,20,67,1549
3533,MOB_THIEF_NPC_13121312,Evenement caravan/thief,132,79652,0,24047,4232,6414,132,132,209,209,2,0,normal,1,3,20,67,1550
3534,MOB_THIEF_NPC_13131313,Evenement caravan/thief,132,92329,0,24047,4119,6591,132,132,209,209,2,0,normal,1,3,20,72,1551
3536,MOB_THIEF_NPC_13151315,Evenement caravan/thief,132,79652,0,24047,4119,6591,132,16777348,209,209,2,0,normal,1,3,20,116,1553
3537,MOB_THIEF_NPC_13161316,Evenement caravan/thief,132,92329,0,24047,4232,6414,132,132,209,209,2,0,normal,1,3,20,67,1554
3538,MOB_THIEF_NPC_13171317,Evenement caravan/thief,132,92329,0,24047,4119,6591,132,132,209,209,2,0,normal,1,3,20,67,1555
3539,MOB_THIEF_NPC_13181318,Evenement caravan/thief,132,79652,0,24047,4009,6772,132,132,209,209,2,0,normal,1,3,20,72,1556
3540,MOB_THIEF_NPC_13191319,Evenement caravan/thief,132,79652,0,24047,4119,6591,132,132,209,209,2,0,normal,1,3,20,83,1557
3541,MOB_THIEF_NPC_13201320,Evenement caravan/thief,132,79652,0,24047,4232,6414,132,132,209,209,2,0,normal,1,3,20,116,1558
24144,MOV_EV_BEAR_B_132,AUTRE,132,131067,0,96188,3634,5814,132,132,209,209,2,0,normal,1,0,50,75,13419
17730,MOB_EU_HUNTER_NPC_11211321,Europe (Constantinople),133,81794,0,24769,4348,6591,133,133,210,210,2,0,normal,1,3,20,94,7365
17731,MOB_EU_HUNTER_NPC_13221322,Europe (Constantinople),133,81794,0,24769,4348,6591,133,133,210,210,2,0,normal,1,3,20,94,7366
17732,MOB_EU_HUNTER_NPC_13231323,Europe (Constantinople),133,81794,0,24769,4348,6591,133,133,210,210,2,0,normal,1,3,20,94,7367
17733,MOB_EU_HUNTER_NPC_13241324,Europe (Constantinople),133,81794,0,24769,4232,6772,133,133,210,210,2,0,normal,1,3,20,117,7368
17734,MOB_EU_HUNTER_NPC_13251325,Europe (Constantinople),133,81794,0,24769,4232,6772,133,133,210,210,2,0,normal,1,3,20,72,7369
17735,MOB_EU_HUNTER_NPC_13261326,Europe (Constantinople),133,81794,0,24769,4119,6957,133,133,210,210,2,0,normal,1,3,20,83,7370
17736,MOB_EU_HUNTER_NPC_13271327,Europe (Constantinople),133,81794,0,24769,4119,6957,133,133,210,210,2,0,normal,1,3,20,83,7371
17738,MOB_EU_HUNTER_NPC_13291329,Europe (Constantinople),133,81794,0,24769,4119,6957,133,133,210,210,2,0,normal,1,3,20,83,7373
17739,MOB_EU_HUNTER_NPC_13301330,Europe (Constantinople),133,81794,0,24769,4119,6957,133,133,210,210,2,0,normal,1,3,20,83,7374
16330,MOB_EU_THIEF_NPC_13211321,Europe (Constantinople),133,81794,0,24769,4348,6591,133,133,210,210,2,0,normal,1,3,20,94,5965
16331,MOB_EU_THIEF_NPC_13221322,Europe (Constantinople),133,81794,0,24769,4348,6591,133,133,210,210,2,0,normal,1,3,20,94,5966
16332,MOB_EU_THIEF_NPC_13231323,Europe (Constantinople),133,81794,0,24769,4348,6591,133,133,210,210,2,0,normal,1,3,20,94,5967
16333,MOB_EU_THIEF_NPC_13241324,Europe (Constantinople),133,81794,0,24769,4232,6772,133,133,210,210,2,0,normal,1,3,20,117,5968
16334,MOB_EU_THIEF_NPC_13251325,Europe (Constantinople),133,81794,0,24769,4232,6772,133,16777349,210,210,2,0,normal,1,3,20,72,5969
16335,MOB_EU_THIEF_NPC_13261326,Europe (Constantinople),133,81794,0,24769,4119,6957,133,133,210,210,2,0,normal,1,3,20,83,5970
16336,MOB_EU_THIEF_NPC_13271327,Europe (Constantinople),133,81794,0,24769,4119,6957,133,133,210,210,2,0,normal,1,3,20,83,5971
16337,MOB_EU_THIEF_NPC_13281328,Europe (Constantinople),133,81794,0,24769,4119,6957,133,133,210,210,2,0,normal,1,3,20,83,5972
16338,MOB_EU_THIEF_NPC_13291329,Europe (Constantinople),133,81794,0,24769,4119,6957,133,133,210,210,2,0,normal,1,3,20,83,5973
16339,MOB_EU_THIEF_NPC_13301330,Europe (Constantinople),133,81794,0,24769,4119,6957,133,133,210,210,2,0,normal,1,3,20,83,5974
22651,MOB_FW_BATTLEGOLEM_133,Forteresse (guerre de forteresse),133,104696301,0,47556000,4467,6414,133,133,210,210,2,3,unique_notice,1,3,42,56,12205
22231,MOB_FW_HYEONGCHEON_133,Forteresse (guerre de forteresse),133,103525238,0,35667000,4232,6772,133,133,210,210,2,3,unique_notice,1,3,23,74,11785
22371,MOB_FW_MUJIGI_133,Forteresse (guerre de forteresse),133,78522225,0,35667000,4232,6772,133,133,210,210,2,3,unique_notice,1,3,38,143,11925
21531,MOB_FW_TAESE_133,Forteresse (guerre de forteresse),133,138033651,0,47556000,4467,6414,133,133,210,210,2,3,unique_notice,1,3,10,34,11085
8905,MOB_HUNTER_NPC_13211321,AUTRE,133,81794,0,24769,4232,6772,133,133,210,210,2,0,normal,1,3,20,67,3438
8906,MOB_HUNTER_NPC_13221322,AUTRE,133,94816,0,24769,4119,6957,133,133,210,210,2,0,normal,1,3,20,67,3439
8907,MOB_HUNTER_NPC_13231323,AUTRE,133,94816,0,24769,4232,6772,133,133,210,210,2,0,normal,1,3,20,72,3440
8908,MOB_HUNTER_NPC_13241324,AUTRE,133,81794,0,24769,4348,6591,133,133,210,210,2,0,normal,1,3,20,83,3441
8909,MOB_HUNTER_NPC_13251325,AUTRE,133,81794,0,24769,4232,6772,133,133,210,210,2,0,normal,1,3,20,117,3442
8909,MOB_HUNTER_NPC_13251325,AUTRE,133,81794,0,24769,4232,6772,133,133,210,210,2,0,normal,1,3,20,117,3442
8910,MOB_HUNTER_NPC_13261326,AUTRE,133,94816,0,24769,4119,6957,133,133,210,210,2,0,normal,1,3,20,67,3443
8911,MOB_HUNTER_NPC_13271327,AUTRE,133,81794,0,24769,4232,6772,133,133,210,210,2,0,normal,1,3,20,67,3444
8912,MOB_HUNTER_NPC_13281328,AUTRE,133,94816,0,24769,4348,6591,133,133,210,210,2,0,normal,1,3,20,72,3445
8913,MOB_HUNTER_NPC_13291329,AUTRE,133,81794,0,24769,4232,6772,133,133,210,210,2,0,normal,1,3,20,83,3446
8914,MOB_HUNTER_NPC_13301330,AUTRE,133,81794,0,24769,4119,6957,133,133,210,210,2,0,normal,1,3,20,117,3447
3545,MOB_THIEF_NPC_11241324,Evenement caravan/thief,133,81794,0,24769,4348,6591,133,133,210,210,2,0,normal,1,3,20,83,1562
3542,MOB_THIEF_NPC_13211321,Evenement caravan/thief,133,81794,0,24769,4232,6772,133,133,210,210,2,0,normal,1,3,20,67,1559
3543,MOB_THIEF_NPC_13221322,Evenement caravan/thief,133,94816,0,24769,4119,6957,133,133,210,210,2,0,normal,1,3,20,323,1560
3544,MOB_THIEF_NPC_13231323,Evenement caravan/thief,133,94816,0,24769,4232,6772,133,133,210,210,2,0,normal,1,3,20,72,1561
3546,MOB_THIEF_NPC_13251325,Evenement caravan/thief,133,81794,0,24769,4232,6772,133,133,210,210,2,0,normal,1,3,20,117,1563
3547,MOB_THIEF_NPC_13261326,Evenement caravan/thief,133,94816,0,24769,4119,6957,133,133,210,210,2,0,normal,1,3,20,67,1564
3548,MOB_THIEF_NPC_13271327,Evenement caravan/thief,133,81794,0,24769,4232,6772,133,133,210,210,2,0,normal,1,3,20,67,1565
3549,MOB_THIEF_NPC_13281328,Evenement caravan/thief,133,94816,0,24769,4348,6591,133,133,210,210,2,0,normal,1,3,20,72,1566
3550,MOB_THIEF_NPC_13291329,Evenement caravan/thief,133,81794,0,24769,4232,6772,133,133,210,210,2,0,normal,1,3,50,75,1567
3551,MOB_THIEF_NPC_13301330,Evenement caravan/thief,133,81794,0,24769,4119,6957,133,133,210,210,2,0,normal,1,3,20,117,1568
24145,MOV_EV_BEAR_B_133,AUTRE,133,134672,0,99076,3733,5973,133,133,210,210,2,0,normal,1,0,50,75,13420
17740,MOB_EU_HUNTER_NPC_13311331,Europe (Constantinople),134,83990,0,25512,4467,6772,134,134,211,211,2,0,normal,1,3,20,95,7375
17741,MOB_EU_HUNTER_NPC_13321332,Europe (Constantinople),134,83990,0,25512,4467,6772,134,134,211,211,2,0,normal,1,3,20,95,7376
17742,MOB_EU_HUNTER_NPC_13331333,Europe (Constantinople),134,83990,0,25512,4467,6772,134,134,211,211,2,0,normal,1,3,20,95,7377
17743,MOB_EU_HUNTER_NPC_13341334,Europe (Constantinople),134,83990,0,25512,4348,6957,134,134,211,211,2,0,normal,1,3,20,117,7378
17744,MOB_EU_HUNTER_NPC_13351335,Europe (Constantinople),134,83990,0,25512,4348,6957,134,134,211,211,2,0,normal,1,3,20,72,7379
17745,MOB_EU_HUNTER_NPC_13361336,Europe (Constantinople),134,83990,0,25512,4232,7147,134,134,211,211,2,0,normal,1,3,20,84,7380
17746,MOB_EU_HUNTER_NPC_13371337,Europe (Constantinople),134,83990,0,25512,4232,7147,134,134,211,211,2,0,normal,1,3,20,84,7381
17747,MOB_EU_HUNTER_NPC_13381338,Europe (Constantinople),134,83990,0,25512,4232,7147,134,134,211,211,2,0,normal,1,3,20,84,7382
17748,MOB_EU_HUNTER_NPC_13391339,Europe (Constantinople),134,83990,0,25512,4232,7147,134,134,211,211,2,0,normal,1,3,20,84,7383
17749,MOB_EU_HUNTER_NPC_13401340,Europe (Constantinople),134,83990,0,25512,4232,7147,134,134,211,211,2,0,normal,1,3,20,84,7384
16340,MOB_EU_THIEF_NPC_13311331,Europe (Constantinople),134,83990,0,25512,4467,6772,134,134,211,211,2,0,normal,1,3,20,95,5975
16341,MOB_EU_THIEF_NPC_13321332,Europe (Constantinople),134,83990,0,25512,4467,6772,134,134,211,211,2,0,normal,1,3,20,95,5976
16342,MOB_EU_THIEF_NPC_13331333,Europe (Constantinople),134,83990,0,25512,4467,6772,134,134,211,211,2,0,normal,1,3,20,95,5977
16343,MOB_EU_THIEF_NPC_13341334,Europe (Constantinople),134,83990,0,25512,4348,6957,134,134,211,211,2,0,normal,1,3,20,117,5978
16345,MOB_EU_THIEF_NPC_13361336,Europe (Constantinople),134,83990,0,25512,4232,7147,134,134,211,211,2,0,normal,1,3,20,84,5980
16346,MOB_EU_THIEF_NPC_13371317,Europe (Constantinople),134,83990,0,25512,4232,7147,134,134,211,211,2,0,normal,1,3,20,84,5981
16347,MOB_EU_THIEF_NPC_13381338,Europe (Constantinople),134,83990,0,25512,4232,7147,134,134,211,211,2,0,normal,1,3,20,84,5982
16348,MOB_EU_THIEF_NPC_13391339,Europe (Constantinople),134,83990,0,25512,4232,7147,134,134,211,211,2,0,normal,1,3,20,84,5983
16349,MOB_EU_THIEF_NPC_13401340,Europe (Constantinople),134,83990,0,25512,4232,7147,134,134,211,211,2,0,normal,1,3,20,84,5984
22652,MOB_FW_BATTLEGOLEM_134,Forteresse (guerre de forteresse),134,107506917,0,48982680,4589,6591,134,134,211,211,2,3,unique_notice,1,3,42,56,12206
22232,MOB_FW_HYEONGCHEON_134,Forteresse (guerre de forteresse),134,106312433,0,36737010,4348,6957,134,134,211,211,2,3,unique_notice,1,3,23,74,11786
22372,MOB_FW_MUJIGI_134,Forteresse (guerre de forteresse),134,80630188,0,36737010,4348,6957,134,134,211,211,2,3,unique_notice,1,3,38,143,11926
21532,MOB_FW_TAESE_134,Forteresse (guerre de forteresse),134,141749911,0,48982680,4589,6591,134,134,211,211,2,3,unique_notice,1,3,10,34,11086
8915,MOB_HUNTER_NPC_13311331,AUTRE,134,97366,0,25512,4348,6957,134,134,211,211,2,0,normal,1,3,20,67,3448
8916,MOB_HUNTER_NPC_13321332,AUTRE,134,97366,0,25512,4467,6772,134,16777350,211,211,2,0,normal,1,3,20,67,3449
8917,MOB_HUNTER_NPC_13331333,AUTRE,134,83990,0,25512,4348,6957,134,134,211,211,2,0,normal,1,3,20,72,3450
8919,MOB_HUNTER_NPC_13351335,AUTRE,134,83990,0,25512,4348,6957,134,134,211,211,2,0,normal,1,3,20,117,3452
8920,MOB_HUNTER_NPC_13361336,AUTRE,134,83990,0,25512,4467,6772,134,134,211,211,2,0,normal,1,3,20,67,3453
8921,MOB_HUNTER_NPC_13371337,AUTRE,134,97366,0,25512,4348,6957,134,134,211,211,2,0,normal,1,3,20,67,3454
8922,MOB_HUNTER_NPC_13381338,AUTRE,134,97366,0,25512,4232,7147,134,134,211,211,2,0,normal,1,3,20,72,3455
8923,MOB_HUNTER_NPC_13391339,AUTRE,134,83990,0,25512,4348,6957,134,134,211,211,2,0,normal,1,3,20,84,3456
8924,MOB_HUNTER_NPC_13401340,AUTRE,134,83990,0,25512,4467,6772,134,134,211,211,2,0,normal,1,3,20,117,3457
3561,MOB_THIEF_NPC_11401340,Evenement caravan/thief,134,83990,0,25512,4467,6772,134,134,211,211,2,0,normal,1,3,20,117,1578
3553,MOB_THIEF_NPC_13321332,Evenement caravan/thief,134,97366,0,25512,4467,6772,134,134,211,211,2,0,normal,1,3,20,67,1570
3554,MOB_THIEF_NPC_13331333,Evenement caravan/thief,134,83990,0,25512,4348,6957,134,134,211,211,2,0,normal,1,3,20,72,1571
3555,MOB_THIEF_NPC_13341334,Evenement caravan/thief,134,83990,0,25512,4232,7147,134,134,211,211,2,0,normal,1,3,20,84,1572
3556,MOB_THIEF_NPC_13351335,Evenement caravan/thief,134,83990,0,25512,4348,6957,134,134,211,211,2,0,normal,1,3,20,117,1573
3557,MOB_THIEF_NPC_13361336,Evenement caravan/thief,134,83990,0,25512,4467,6772,134,134,211,211,2,0,normal,1,3,20,67,1574
3558,MOB_THIEF_NPC_13371337,Evenement caravan/thief,134,97366,0,25512,4348,6957,134,134,211,211,2,0,normal,1,3,20,67,1575
3559,MOB_THIEF_NPC_13381338,Evenement caravan/thief,134,97366,0,25512,4232,7147,134,134,211,211,2,0,normal,1,3,20,328,1576
3560,MOB_THIEF_NPC_13391339,Evenement caravan/thief,134,83990,0,25512,4348,6957,134,16777350,211,211,2,0,normal,1,3,20,84,1577
24146,MOV_EV_BEAR_B_134,AUTRE,134,138368,0,102048,3835,6136,134,134,211,211,2,0,normal,1,0,50,75,13421
17750,MOB_EU_HUNTER_NPC_13411341,Europe (Constantinople),135,86241,0,26277,4589,6957,135,16777351,212,212,2,0,normal,1,3,20,95,7385
17752,MOB_EU_HUNTER_NPC_13431343,Europe (Constantinople),135,86241,0,26277,4589,6957,135,135,212,212,2,0,normal,1,3,20,95,7387
17753,MOB_EU_HUNTER_NPC_13441344,Europe (Constantinople),135,86241,0,26277,4467,7147,135,135,212,212,2,0,normal,1,3,20,118,7388
17754,MOB_EU_HUNTER_NPC_13451345,Europe (Constantinople),135,86241,0,26277,4467,7147,135,135,212,212,2,0,normal,1,3,20,73,7389
17755,MOB_EU_HUNTER_NPC_13461346,Europe (Constantinople),135,86241,0,26277,4348,7343,135,135,212,212,2,0,normal,1,3,20,84,7390
17756,MOB_EU_HUNTER_NPC_13471347,Europe (Constantinople),135,86241,0,26277,4348,7343,135,135,212,212,2,0,normal,1,3,20,84,7391
17757,MOB_EU_HUNTER_NPC_13481348,Europe (Constantinople),135,86241,0,26277,4348,7343,135,135,212,212,2,0,normal,1,3,20,84,7392
17758,MOB_EU_HUNTER_NPC_13491349,Europe (Constantinople),135,86241,0,26277,4348,7343,135,135,212,212,2,0,normal,1,3,20,84,7393
16350,MOB_EU_THIEF_NPC_13411341,Europe (Constantinople),135,86241,0,26277,4589,6957,135,135,212,212,2,0,normal,1,3,20,95,5985
16351,MOB_EU_THIEF_NPC_13421342,Europe (Constantinople),135,86241,0,26277,4589,6957,135,135,212,212,2,0,normal,1,3,20,95,5986
16352,MOB_EU_THIEF_NPC_13431343,Europe (Constantinople),135,86241,0,26277,4589,6957,135,135,212,212,2,0,normal,1,3,20,95,5987
16353,MOB_EU_THIEF_NPC_13441344,Europe (Constantinople),135,86241,0,26277,4467,7147,135,135,212,212,2,0,normal,1,3,20,118,5988
16354,MOB_EU_THIEF_NPC_13451345,Europe (Constantinople),135,86241,0,26277,4467,7147,135,135,212,212,2,0,normal,1,3,20,73,5989
16355,MOB_EU_THIEF_NPC_13461346,Europe (Constantinople),135,86241,0,26277,4348,7343,135,135,212,212,2,0,normal,1,3,20,84,5990
16356,MOB_EU_THIEF_NPC_13471347,Europe (Constantinople),135,86241,0,26277,4348,7343,135,135,212,212,2,0,normal,1,3,20,84,5991
16357,MOB_EU_THIEF_NPC_13481348,Europe (Constantinople),135,86241,0,26277,4348,7343,135,135,212,212,2,0,normal,1,3,20,84,5992
16358,MOB_EU_THIEF_NPC_13491349,Europe (Constantinople),135,86241,0,26277,4348,7343,135,16777351,212,212,2,0,normal,1,3,20,84,5993
16359,MOB_EU_THIEF_NPC_13501350,Europe (Constantinople),135,86241,0,26277,4348,7343,135,135,212,212,2,0,normal,1,3,20,84,5994
22653,MOB_FW_BATTLEGOLEM_135,Forteresse (guerre de forteresse),135,110388079,0,50452159,4714,6772,135,135,212,212,2,3,unique_notice,1,3,42,56,12207
22233,MOB_FW_HYEONGCHEON_135,Forteresse (guerre de forteresse),135,109169706,0,37839119,4467,7147,135,135,212,212,2,3,unique_notice,1,3,23,74,11787
22373,MOB_FW_MUJIGI_135,Forteresse (guerre de forteresse),135,82791059,0,37839119,4467,7147,135,135,212,212,2,3,unique_notice,1,3,38,143,11927
21533,MOB_FW_TAESE_135,Forteresse (guerre de forteresse),135,145559608,0,50452159,4714,6772,135,135,212,212,2,3,unique_notice,1,3,10,34,11087
8925,MOB_HUNTER_NPC_13411341,AUTRE,135,99980,0,26277,4467,7147,135,135,212,212,2,0,normal,1,3,20,67,3458
8926,MOB_HUNTER_NPC_13421342,AUTRE,135,86241,0,26277,4348,7343,135,135,212,212,2,0,normal,1,3,20,67,3459
8927,MOB_HUNTER_NPC_13431343,AUTRE,135,99980,0,26277,4467,7147,135,135,212,212,2,0,normal,1,3,20,73,3460
8928,MOB_HUNTER_NPC_13441344,AUTRE,135,86241,0,26277,4589,6957,135,135,212,212,2,0,normal,1,3,20,84,3461
8929,MOB_HUNTER_NPC_13451345,AUTRE,135,86241,0,26277,4467,7147,135,135,212,212,2,0,normal,1,3,20,118,3462
8930,MOB_HUNTER_NPC_13461346,AUTRE,135,99980,0,26277,4348,7343,135,135,212,212,2,0,normal,1,3,20,67,3463
8931,MOB_HUNTER_NPC_13471347,AUTRE,135,99980,0,26277,4467,7147,135,135,212,212,2,0,normal,1,3,20,67,3464
8932,MOB_HUNTER_NPC_13481348,AUTRE,135,86241,0,26277,4589,6957,135,135,212,212,2,0,normal,1,3,20,73,3465
8933,MOB_HUNTER_NPC_13491349,AUTRE,135,86241,0,26277,4467,7147,135,135,212,212,2,0,normal,1,3,20,84,3466
8934,MOB_HUNTER_NPC_13501350,AUTRE,135,86241,0,26277,4348,7343,135,135,212,212,2,0,normal,1,3,20,118,3467
3562,MOB_THIEF_NPC_13411341,Evenement caravan/thief,135,99980,0,26277,4467,7147,135,135,212,212,2,0,normal,1,3,20,67,1579
3563,MOB_THIEF_NPC_13421342,Evenement caravan/thief,135,86241,0,26277,4348,7343,135,135,212,212,2,0,normal,1,3,20,67,1580
3564,MOB_THIEF_NPC_13431343,Evenement caravan/thief,135,99980,0,26277,4467,7147,135,135,212,212,2,0,normal,1,3,20,73,1581
3565,MOB_THIEF_NPC_13441344,Evenement caravan/thief,135,86241,0,26277,4589,6957,135,135,212,212,2,0,normal,1,3,20,84,1582
3566,MOB_THIEF_NPC_13451345,Evenement caravan/thief,135,86241,0,26277,4467,7147,135,135,212,212,2,0,normal,1,3,20,118,1583
3567,MOB_THIEF_NPC_13461346,Evenement caravan/thief,135,99980,0,26277,4348,7343,135,135,212,212,2,0,normal,1,3,20,67,1584
3569,MOB_THIEF_NPC_13481348,Evenement caravan/thief,135,86241,0,26277,4589,6957,135,135,212,212,2,0,normal,1,3,20,73,1586
3570,MOB_THIEF_NPC_13491349,Evenement caravan/thief,135,86241,0,26277,4467,7147,135,135,212,212,2,0,normal,1,3,20,84,1587
3571,MOB_THIEF_NPC_13501350,Evenement caravan/thief,135,86241,0,26277,4348,7343,135,135,212,212,2,0,normal,1,3,20,118,1588
24147,MOV_EV_BEAR_B_135,AUTRE,135,142158,0,105108,3940,6303,135,135,212,212,2,0,normal,1,0,50,75,13422
8936,MMB_HUNTER_NPC_13521352,AUTRE,136,102659,0,27065,4714,7147,136,136,213,213,2,0,normal,1,3,20,67,3469
24148,MMV_EV_BEAR_B_136,AUTRE,136,146044,0,108260,4047,6475,136,136,213,213,2,0,normal,1,0,50,75,13423
17760,MOB_EU_HUNTER_NPC_13511351,Europe (Constantinople),136,88548,0,27065,4714,7147,136,136,213,213,2,0,normal,1,3,20,95,7395
17761,MOB_EU_HUNTER_NPC_13521352,Europe (Constantinople),136,88548,0,27065,4714,7147,136,136,213,213,2,0,normal,1,3,20,95,7396
17762,MOB_EU_HUNTER_NPC_13531353,Europe (Constantinople),136,88548,0,27065,4714,7147,136,136,213,213,2,0,normal,1,3,20,95,7397
17763,MOB_EU_HUNTER_NPC_13541354,Europe (Constantinople),136,88548,0,27065,4589,7343,136,136,213,213,2,0,normal,1,3,20,118,7398
17764,MOB_EU_HUNTER_NPC_13551355,Europe (Constantinople),136,88548,0,27065,4589,7343,136,136,213,213,2,0,normal,1,3,20,73,7399
17765,MOB_EU_HUNTER_NPC_13561356,Europe (Constantinople),136,88548,0,27065,4467,7543,136,136,213,213,2,0,normal,1,3,20,84,7400
17766,MOB_EU_HUNTER_NPC_13571357,Europe (Constantinople),136,88548,0,27065,4467,7543,136,136,213,213,2,0,normal,1,3,20,84,7401
17767,MOB_EU_HUNTER_NPC_13581358,Europe (Constantinople),136,88548,0,27065,4467,7543,136,136,213,213,2,0,normal,1,3,20,84,7402
17768,MOB_EU_HUNTER_NPC_13591359,Europe (Constantinople),136,88548,0,27065,4467,7543,136,136,213,213,2,0,normal,1,3,20,84,7403
17769,MOB_EU_HUNTER_NPC_13601360,Europe (Constantinople),136,88548,0,27065,4467,7543,136,136,213,213,2,0,normal,1,3,20,84,7404
16360,MOB_EU_THIEF_NPC_13511351,Europe (Constantinople),136,88548,0,27065,4714,7147,136,136,213,213,2,0,normal,1,3,20,351,5995
16361,MOB_EU_THIEF_NPC_13521352,Europe (Constantinople),136,88548,0,27065,4714,7147,136,136,213,213,2,0,normal,1,3,20,95,5996
16363,MOB_EU_THIEF_NPC_13541354,Europe (Constantinople),136,88548,0,27065,4589,7343,136,136,213,213,2,0,normal,1,3,20,118,5998
16364,MOB_EU_THIEF_NPC_13551355,Europe (Constantinople),136,88548,0,27065,4589,7343,136,136,213,213,2,0,normal,1,3,20,73,5999
16365,MOB_EU_THIEF_NPC_13561356,Europe (Constantinople),136,88548,0,27065,4467,7543,136,136,213,213,2,0,normal,1,3,20,84,6000
16366,MOB_EU_THIEF_NPC_13571357,Europe (Constantinople),136,88548,0,27065,4467,7543,136,136,213,213,2,0,normal,1,3,20,84,6001
16367,MOB_EU_THIEF_NPC_13581358,Europe (Constantinople),136,88548,0,27065,4467,7543,136,136,213,213,2,0,normal,1,3,20,84,6002
16368,MOB_EU_THIEF_NPC_13591359,Europe (Constantinople),136,88548,0,27065,4467,7543,136,136,213,213,2,0,normal,1,3,20,84,6003
22654,MOB_FW_BATTLEGOLEM_136,Forteresse (guerre de forteresse),136,113341485,0,51965723,4842,6957,136,136,213,213,2,3,unique_notice,1,3,42,56,12208
22234,MOB_FW_HYEONGCHEON_136,Forteresse (guerre de forteresse),136,112098744,0,38974292,4589,7343,136,136,213,213,2,3,unique_notice,1,3,23,74,11788
22374,MOB_FW_MUJIGI_136,Forteresse (guerre de forteresse),136,85006114,0,38974292,4589,7343,136,136,213,213,2,3,unique_notice,1,3,38,143,11928
21534,MOB_FW_TAESE_136,Forteresse (guerre de forteresse),136,149464993,0,51965723,4842,6957,136,136,213,213,2,3,unique_notice,1,3,10,34,11088
8935,MOB_HUNTER_NPC_13511351,AUTRE,136,88548,0,27065,4589,7343,136,136,213,213,2,0,normal,1,3,20,67,3468
8937,MOB_HUNTER_NPC_13531353,AUTRE,136,102659,0,27065,4589,7343,136,136,213,213,2,0,normal,1,3,20,73,3470
8938,MOB_HUNTER_NPC_13541354,AUTRE,136,88548,0,27065,4467,7543,136,136,213,213,2,0,normal,1,3,20,84,3471
8939,MOB_HUNTER_NPC_13551355,AUTRE,136,88548,0,27065,4589,7343,136,136,213,213,2,0,normal,1,3,20,118,3472
8940,MOB_HUNTER_NPC_13561356,AUTRE,136,102659,0,27065,4714,7147,136,16777352,213,213,2,0,normal,1,3,20,67,3473
8941,MOB_HUNTER_NPC_13571357,AUTRE,136,88548,0,27065,4589,7343,136,136,213,213,2,0,normal,1,3,20,67,3474
8941,MOB_HUNTER_NPC_13571357,AUTRE,136,88548,0,27065,4589,7343,136,136,213,213,2,0,normal,1,3,20,67,3474
8942,MOB_HUNTER_NPC_13581358,AUTRE,136,102659,0,27065,4467,7543,136,136,213,213,2,0,normal,1,3,20,73,3475
8943,MOB_HUNTER_NPC_13591359,AUTRE,136,88548,0,27065,4589,7343,136,136,213,213,2,0,normal,1,3,20,84,3476
8944,MOB_HUNTER_NPC_13601360,AUTRE,136,88548,0,27065,4714,7147,136,136,213,213,2,0,normal,1,3,20,118,3477
3578,MOB_THIEF_NPC_11571357,Evenement caravan/thief,136,88548,0,27065,4589,7343,136,136,213,213,2,0,normal,1,3,20,67,1595
3572,MOB_THIEF_NPC_13511351,Evenement caravan/thief,136,88548,0,27065,4589,7343,136,136,213,213,2,0,normal,1,3,20,67,1589
3573,MOB_THIEF_NPC_13521352,Evenement caravan/thief,136,102659,0,27065,4714,7147,136,136,213,213,2,0,normal,1,3,20,67,1590
3574,MOB_THIEF_NPC_13531353,Evenement caravan/thief,136,102659,0,27065,4589,7343,136,136,213,213,2,0,normal,1,3,20,73,1591
3575,MOB_THIEF_NPC_13541354,Evenement caravan/thief,136,88548,0,27065,4467,7543,136,136,213,213,2,0,normal,1,3,20,84,1592
3576,MOB_THIEF_NPC_13551355,Evenement caravan/thief,136,88548,0,27065,4589,7343,136,136,213,213,2,0,normal,1,3,20,374,1593
3577,MOB_THIEF_NPC_13561356,Evenement caravan/thief,136,102659,0,27065,4714,7147,136,136,213,213,2,0,normal,1,3,20,67,1594
3579,MOB_THIEF_NPC_13581358,Evenement caravan/thief,136,102659,0,27065,4467,7543,136,136,213,213,2,0,normal,1,3,20,73,1596
3580,MOB_THIEF_NPC_13591359,Evenement caravan/thief,136,88548,0,27065,4589,7343,136,136,213,213,2,0,normal,1,3,20,84,1597
3581,MOB_THIEF_NPC_13601360,Evenement caravan/thief,136,88548,0,27065,4714,7147,136,136,213,213,2,0,normal,1,3,20,118,1598
17770,MOB_EU_HUNTER_NPC_13611361,Europe (Constantinople),137,90913,0,27877,4842,7343,137,137,214,214,2,0,normal,1,3,20,96,7405
17771,MOB_EU_HUNTER_NPC_13621362,Europe (Constantinople),137,90913,0,27877,4842,7343,137,137,214,214,2,0,normal,1,3,20,96,7406
17772,MOB_EU_HUNTER_NPC_13631363,Europe (Constantinople),137,90913,0,27877,4842,7343,137,137,214,214,2,0,normal,1,3,20,96,7407
17773,MOB_EU_HUNTER_NPC_13641364,Europe (Constantinople),137,90913,0,27877,4714,7543,137,137,214,214,2,0,normal,1,3,20,119,7408
17774,MOB_EU_HUNTER_NPC_13651365,Europe (Constantinople),137,90913,0,27877,4714,7543,137,16777353,214,214,2,0,normal,1,3,20,73,7409
17775,MOB_EU_HUNTER_NPC_13661366,Europe (Constantinople),137,90913,0,27877,4589,7748,137,137,214,214,2,0,normal,1,3,20,84,7410
17776,MOB_EU_HUNTER_NPC_13671367,Europe (Constantinople),137,90913,0,27877,4589,7748,137,137,214,214,2,0,normal,1,3,20,84,7411
17777,MOB_EU_HUNTER_NPC_13681368,Europe (Constantinople),137,90913,0,27877,4589,7748,137,137,214,214,2,0,normal,1,3,20,84,7412
17778,MOB_EU_HUNTER_NPC_13691369,Europe (Constantinople),137,90913,0,27877,4589,7748,137,137,214,214,2,0,normal,1,3,20,84,7413
17779,MOB_EU_HUNTER_NPC_13701370,Europe (Constantinople),137,90913,0,27877,4589,7748,137,137,214,214,2,0,normal,1,3,20,84,7414
16370,MOB_EU_THIEF_NPC_13611361,Europe (Constantinople),137,90913,0,27877,4842,7343,137,137,214,214,2,0,normal,1,3,20,96,6005
16371,MOB_EU_THIEF_NPC_13621362,Europe (Constantinople),137,90913,0,27877,4842,7343,137,137,214,214,2,0,normal,1,3,20,96,6006
16372,MOB_EU_THIEF_NPC_13631363,Europe (Constantinople),137,90913,0,27877,4842,7343,137,137,214,214,2,0,normal,1,3,20,96,6007
16373,MOB_EU_THIEF_NPC_13641364,Europe (Constantinople),137,90913,0,27877,4714,7543,137,137,214,214,2,0,normal,1,3,20,119,6008
16374,MOB_EU_THIEF_NPC_13651365,Europe (Constantinople),137,90913,0,27877,4714,7543,137,137,214,214,2,0,normal,1,3,20,73,6009
16376,MOB_EU_THIEF_NPC_13671367,Europe (Constantinople),137,90913,0,27877,4589,7748,137,137,214,214,2,0,normal,1,3,20,84,6011
16377,MOB_EU_THIEF_NPC_13681168,Europe (Constantinople),137,90913,0,27877,4589,7748,137,137,214,214,2,0,normal,1,3,20,84,6012
16378,MOB_EU_THIEF_NPC_13691369,Europe (Constantinople),137,90913,0,27877,4589,7748,137,137,214,214,2,0,normal,1,3,20,84,6013
16379,MOB_EU_THIEF_NPC_13701370,Europe (Constantinople),137,90913,0,27877,4589,7748,137,137,214,214,2,0,normal,1,3,20,84,6014
22655,MOB_FW_BATTLEGOLEM_137,Forteresse (guerre de forteresse),137,116368873,0,53524695,4974,7147,137,16777353,214,214,2,3,unique_notice,1,3,42,56,12209
22235,MOB_FW_HYEONGCHEON_137,Forteresse (guerre de forteresse),137,115101277,0,40143521,4714,7543,137,137,214,214,2,3,unique_notice,1,3,23,74,11789
22375,MOB_FW_MUJIGI_137,Forteresse (guerre de forteresse),137,87276654,0,40143521,4714,7543,137,137,214,214,2,3,unique_notice,1,3,38,143,11929
21535,MOB_FW_TAESE_137,Forteresse (guerre de forteresse),137,153468369,0,53524695,4974,7147,137,137,214,214,2,3,unique_notice,1,3,10,34,11089
8945,MOB_HUNTER_NPC_13611361,AUTRE,137,105405,0,27877,4714,7543,137,137,214,214,2,0,normal,1,3,20,67,3478
8946,MOB_HUNTER_NPC_13621362,AUTRE,137,105405,0,27877,4589,7748,137,137,214,214,2,0,normal,1,3,20,67,3479
8947,MOB_HUNTER_NPC_13631363,AUTRE,137,90913,0,27877,4714,7543,137,137,214,214,2,0,normal,1,3,20,73,3480
8948,MOB_HUNTER_NPC_13641364,AUTRE,137,90913,0,27877,4842,7343,137,137,214,214,2,0,normal,1,3,20,84,3481
8949,MOB_HUNTER_NPC_13651365,AUTRE,137,90913,0,27877,4714,7543,137,137,214,214,2,0,normal,1,3,20,119,3482
8951,MOB_HUNTER_NPC_13671367,AUTRE,137,105405,0,27877,4714,7543,137,137,214,214,2,0,normal,1,3,20,67,3484
8952,MOB_HUNTER_NPC_13681368,AUTRE,137,105405,0,27877,4842,7343,137,137,214,214,2,0,normal,1,3,20,73,3485
8953,MOB_HUNTER_NPC_13691369,AUTRE,137,90913,0,27877,4714,7543,137,137,214,214,2,0,normal,1,3,20,84,3486
8954,MOB_HUNTER_NPC_13701370,AUTRE,137,90913,0,27877,4589,7748,137,137,214,214,2,0,normal,1,3,20,119,3487
3582,MOB_THIEF_NPC_13611361,Evenement caravan/thief,137,105405,0,27877,4714,7543,137,137,214,214,2,0,normal,1,3,20,67,1599
3583,MOB_THIEF_NPC_13621362,Evenement caravan/thief,137,105405,0,27877,4589,7748,137,137,214,214,2,0,normal,1,3,20,67,1600
3584,MOB_THIEF_NPC_13631363,Evenement caravan/thief,137,90913,0,27877,4714,7543,137,16777353,214,214,2,0,normal,1,3,20,73,1601
3586,MOB_THIEF_NPC_13651365,Evenement caravan/thief,137,90913,0,27877,4714,7543,137,137,214,214,2,0,normal,1,3,20,119,1603
3587,MOB_THIEF_NPC_13661366,Evenement caravan/thief,137,90913,0,27877,4589,7748,137,137,214,214,2,0,normal,1,3,20,67,1604
3588,MOB_THIEF_NPC_13671367,Evenement caravan/thief,137,105405,0,27877,4714,7543,137,137,214,214,2,0,normal,1,3,20,67,1605
3589,MOB_THIEF_NPC_13681368,Evenement caravan/thief,137,105405,0,27877,4842,7343,137,137,214,214,2,0,normal,1,3,20,73,1606
3590,MOB_THIEF_NPC_13691369,Evenement caravan/thief,137,90913,0,27877,4714,7543,137,137,214,214,2,0,normal,1,3,20,84,1607
3591,MOB_THIEF_NPC_13701370,Evenement caravan/thief,137,90913,0,27877,4589,7748,137,137,214,214,2,0,normal,1,3,20,119,1608
24149,MOV_EV_BEAR_B_137,AUTRE,137,150029,0,111508,4156,6650,137,137,214,214,2,0,normal,1,0,50,75,13424
17780,MOB_EU_HUNTER_NPC_13711371,Europe (Constantinople),138,93338,0,28714,4974,7543,138,138,215,215,2,0,normal,1,3,20,96,7415
17781,MOB_EU_HUNTER_NPC_13721372,Europe (Constantinople),138,93338,0,28714,4974,7543,138,138,215,215,2,0,normal,1,3,20,96,7416
17782,MOB_EU_HUNTER_NPC_13731373,Europe (Constantinople),138,93338,0,28714,4974,7543,138,138,215,215,2,0,normal,1,3,20,96,7417
17783,MOB_EU_HUNTER_NPC_13741374,Europe (Constantinople),138,93338,0,28714,4842,7748,138,138,215,215,2,0,normal,1,3,20,119,7418
17784,MOB_EU_HUNTER_NPC_13751375,Europe (Constantinople),138,93338,0,28714,4842,7748,138,138,215,215,2,0,normal,1,3,20,73,7419
17785,MOB_EU_HUNTER_NPC_13761376,Europe (Constantinople),138,93338,0,28714,4714,7958,138,138,215,215,2,0,normal,1,3,20,85,7420
17786,MOB_EU_HUNTER_NPC_13771377,Europe (Constantinople),138,93338,0,28714,4714,7958,138,138,215,215,2,0,normal,1,3,20,85,7421
17787,MOB_EU_HUNTER_NPC_13781378,Europe (Constantinople),138,93338,0,28714,4714,7958,138,138,215,215,2,0,normal,1,3,20,85,7422
17788,MOB_EU_HUNTER_NPC_13791379,Europe (Constantinople),138,93338,0,28714,4714,7958,138,138,215,215,2,0,normal,1,3,20,85,7423
17789,MOB_EU_HUNTER_NPC_13801380,Europe (Constantinople),138,93338,0,28714,4714,7958,138,138,215,215,2,0,normal,1,3,20,85,7424
16380,MOB_EU_THIEF_NPC_13711371,Europe (Constantinople),138,93338,0,28714,4974,7543,138,138,215,215,2,0,normal,1,3,20,96,6015
16381,MOB_EU_THIEF_NPC_13721372,Europe (Constantinople),138,93338,0,28714,4974,7543,138,138,215,215,2,0,normal,1,3,20,96,6016
16382,MOB_EU_THIEF_NPC_13731373,Europe (Constantinople),138,93338,0,28714,4974,7543,138,16777354,215,215,2,0,normal,1,3,20,96,6017
16383,MOB_EU_THIEF_NPC_13741374,Europe (Constantinople),138,93338,0,28714,4842,7748,138,138,215,215,2,0,normal,1,3,20,119,6018
16384,MOB_EU_THIEF_NPC_13751375,Europe (Constantinople),138,93338,0,28714,4842,7748,138,138,215,215,2,0,normal,1,3,20,73,6019
16385,MOB_EU_THIEF_NPC_13761376,Europe (Constantinople),138,93338,0,28714,4714,7958,138,138,215,215,2,0,normal,1,3,20,85,6020
16386,MOB_EU_THIEF_NPC_13771377,Europe (Constantinople),138,93338,0,28714,4714,7958,138,138,215,215,2,0,normal,1,3,20,85,6021
16387,MOB_EU_THIEF_NPC_13781378,Europe (Constantinople),138,93338,0,28714,4714,7958,138,138,215,215,2,0,normal,1,3,20,85,6022
16388,MOB_EU_THIEF_NPC_13791379,Europe (Constantinople),138,93338,0,28714,4714,7958,138,138,215,215,2,0,normal,1,3,20,85,6023
16389,MOB_EU_THIEF_NPC_13801380,Europe (Constantinople),138,93338,0,28714,4714,7958,138,138,215,215,2,0,normal,1,3,20,85,6024
22656,MOB_FW_BATTLEGOLEM_138,Forteresse (guerre de forteresse),138,119472019,0,55130438,5108,7343,138,138,215,215,2,3,unique_notice,1,3,42,56,12210
22236,MOB_FW_HYEONGCHEON_138,Forteresse (guerre de forteresse),138,118179071,0,41347828,4842,7748,138,138,215,215,2,3,unique_notice,1,3,23,74,11790
22376,MOB_FW_MUJIGI_138,Forteresse (guerre de forteresse),138,89604014,0,41347828,4842,7748,138,138,215,215,2,3,unique_notice,1,3,38,143,11930
21536,MOB_FW_TAESE_138,Forteresse (guerre de forteresse),138,157572095,0,55130438,5108,7343,138,138,215,215,2,3,unique_notice,1,3,10,34,11090
8955,MOB_HUNTER_NPC_13711371,AUTRE,138,108220,0,28714,4842,7748,138,138,215,215,2,0,normal,1,3,20,67,3488
8956,MOB_HUNTER_NPC_13721372,AUTRE,138,93338,0,28714,4974,7543,138,138,215,215,2,0,normal,1,3,20,67,3489
8957,MOB_HUNTER_NPC_13731373,AUTRE,138,108220,0,28714,4842,7748,138,138,215,215,2,0,normal,1,3,20,73,3490
8958,MOB_HUNTER_NPC_13741374,AUTRE,138,93338,0,28714,4714,7958,138,138,215,215,2,0,normal,1,3,20,85,3491
8959,MOB_HUNTER_NPC_13751375,AUTRE,138,93338,0,28714,4842,7748,138,138,215,215,2,0,normal,1,3,20,119,3492
8960,MOB_HUNTER_NPC_13761376,AUTRE,138,108220,0,28714,4974,7543,138,138,215,215,2,0,normal,1,3,20,67,3493
8961,MOB_HUNTER_NPC_13771377,AUTRE,138,108220,0,28714,4842,7748,138,138,215,215,2,0,normal,1,3,20,67,3494
8962,MOB_HUNTER_NPC_13781378,AUTRE,138,93338,0,28714,4714,7958,138,138,215,215,2,0,normal,1,3,20,73,3495
8963,MOB_HUNTER_NPC_13791379,AUTRE,138,93338,0,28714,4842,7748,138,138,215,215,2,0,normal,1,3,20,85,3496
8964,MOB_HUNTER_NPC_13801380,AUTRE,138,93338,0,28714,4974,7543,138,16777354,215,215,2,0,normal,1,3,20,119,3497
3594,MOB_THIEF_NPC_11731373,Evenement caravan/thief,138,108220,0,28714,4842,7748,138,138,215,215,2,0,normal,1,3,20,73,1611
3592,MOB_THIEF_NPC_13711371,Evenement caravan/thief,138,108220,0,28714,4842,7748,138,138,215,215,2,0,normal,1,3,20,323,1609
3593,MOB_THIEF_NPC_13721372,Evenement caravan/thief,138,93338,0,28714,4974,7543,138,138,215,215,2,0,normal,1,3,20,67,1610
3595,MOB_THIEF_NPC_13741374,Evenement caravan/thief,138,93338,0,28714,4714,7958,138,138,215,215,2,0,normal,1,3,20,85,1612
3596,MOB_THIEF_NPC_13751375,Evenement caravan/thief,138,93338,0,28714,4842,7748,138,138,215,215,2,0,normal,1,3,20,119,1613
3597,MOB_THIEF_NPC_13761376,Evenement caravan/thief,138,108220,0,28714,4974,7543,138,138,215,215,2,0,normal,1,3,20,67,1614
3598,MOB_THIEF_NPC_13771377,Evenement caravan/thief,138,108220,0,28714,4842,7748,138,138,215,215,2,0,normal,1,3,20,67,1615
3599,MOB_THIEF_NPC_13781378,Evenement caravan/thief,138,93338,0,28714,4714,7958,138,138,215,215,2,0,normal,1,3,20,73,1616
3600,MOB_THIEF_NPC_13791379,Evenement caravan/thief,138,93338,0,28714,4842,7748,138,138,215,215,2,0,normal,1,3,20,85,1617
24150,MOV_EV_BEAR_B_138,AUTRE,138,154115,0,114856,4269,6830,138,138,215,215,2,0,normal,1,0,50,75,13425
6094,PET_WOLF_A_138,AUTRE,138,133371,0,28714,4395,7031,138,138,215,215,2,0,normal,0,3,37,112,1901
8968,MMB_HUNTER_NPC_13841384,AUTRE,139,95822,0,29575,5108,7748,139,139,216,216,2,0,normal,1,3,20,85,3501
17792,MOB_EU_HUNTER_NPC,Europe (Constantinople),139,95822,0,29575,5108,7748,139,139,216,216,2,0,normal,1,3,20,96,7427
17791,MOB_EU_HUNTER_NPC_13821382,Europe (Constantinople),139,95822,0,29575,5108,7748,139,139,216,216,2,0,normal,1,3,20,96,7426
17793,MOB_EU_HUNTER_NPC_13841384,Europe (Constantinople),139,95822,0,29575,4974,7958,139,139,216,216,2,0,normal,1,3,20,119,7428
17794,MOB_EU_HUNTER_NPC_13851385,Europe (Constantinople),139,95822,0,29575,4974,7958,139,139,216,216,2,0,normal,1,3,20,73,7429
17795,MOB_EU_HUNTER_NPC_13861386,Europe (Constantinople),139,95822,0,29575,4842,8174,139,139,216,216,2,0,normal,1,3,20,85,7430
17796,MOB_EU_HUNTER_NPC_13871387,Europe (Constantinople),139,95822,0,29575,4842,8174,139,139,216,216,2,0,normal,1,3,20,85,7431
17797,MOB_EU_HUNTER_NPC_13881388,Europe (Constantinople),139,95822,0,29575,4842,8174,139,139,216,216,2,0,normal,1,3,20,85,7432
17798,MOB_EU_HUNTER_NPC_13891389,Europe (Constantinople),139,95822,0,29575,4842,8174,139,16777355,216,216,2,0,normal,1,3,20,85,7433
17799,MOB_EU_HUNTER_NPC_13901390,Europe (Constantinople),139,95822,0,29575,4842,8174,139,139,216,216,2,0,normal,1,3,20,85,7434
16390,MOB_EU_THIEF_NPC_13811381,Europe (Constantinople),139,95822,0,29575,5108,7748,139,139,216,216,2,0,normal,1,3,20,96,6025
16391,MOB_EU_THIEF_NPC_13821382,Europe (Constantinople),139,95822,0,29575,5108,7748,139,139,216,216,2,0,normal,1,3,20,352,6026
16392,MOB_EU_THIEF_NPC_13831383,Europe (Constantinople),139,95822,0,29575,5108,7748,139,139,216,216,2,0,normal,1,3,20,96,6027
16393,MOB_EU_THIEF_NPC_13841384,Europe (Constantinople),139,95822,0,29575,4974,7958,139,139,216,216,2,0,normal,1,3,20,119,6028
16394,MOB_EU_THIEF_NPC_13851385,Europe (Constantinople),139,95822,0,29575,4974,7958,139,139,216,216,2,0,normal,1,3,20,73,6029
16395,MOB_EU_THIEF_NPC_13861386,Europe (Constantinople),139,95822,0,29575,4842,8174,139,139,216,216,2,0,normal,1,3,20,85,6030
16396,MOB_EU_THIEF_NPC_13871387,Europe (Constantinople),139,95822,0,29575,4842,8174,139,139,216,216,2,0,normal,1,3,20,85,6031
16397,MOB_EU_THIEF_NPC_13881388,Europe (Constantinople),139,95822,0,29575,4842,8174,139,139,216,216,2,0,normal,1,3,20,85,6032
16398,MOB_EU_THIEF_NPC_13891389,Europe (Constantinople),139,95822,0,29575,4842,8174,139,139,216,216,2,0,normal,1,3,20,85,6033
16399,MOB_EU_THIEF_NPC_13901390,Europe (Constantinople),139,95822,0,29575,4842,8174,139,139,216,216,2,0,normal,1,3,20,85,6034
22657,MOB_FW_BATTLEGOLEM_139,Forteresse (guerre de forteresse),139,122652743,0,56784353,5247,7543,139,139,216,216,2,3,unique_notice,1,3,42,56,12211
22237,MOB_FW_HYEONGCHEON_139,Forteresse (guerre de forteresse),139,121333936,0,42588264,4974,7958,139,139,216,216,2,3,unique_notice,1,3,23,74,11791
21537,MOB_FW_TAESE_139,Forteresse (guerre de forteresse),139,161778582,0,56784353,5247,7543,139,139,216,216,2,3,unique_notice,1,3,10,34,11091
8965,MOB_HUNTER_NPC_13811381,AUTRE,139,95822,0,29575,4974,7958,139,139,216,216,2,0,normal,1,3,20,67,3498
8966,MOB_HUNTER_NPC_13821382,AUTRE,139,111106,0,29575,4842,8174,139,139,216,216,2,0,normal,1,3,20,67,3499
8967,MOB_HUNTER_NPC_13831383,AUTRE,139,111106,0,29575,4974,7958,139,139,216,216,2,0,normal,1,3,20,73,3500
8969,MOB_HUNTER_NPC_13851385,AUTRE,139,95822,0,29575,4974,7958,139,139,216,216,2,0,normal,1,3,20,119,3502
8970,MOB_HUNTER_NPC_13861386,AUTRE,139,111106,0,29575,4842,8174,139,139,216,216,2,0,normal,1,3,20,67,3503
8971,MOB_HUNTER_NPC_13871387,AUTRE,139,95822,0,29575,4974,7958,139,139,216,216,2,0,normal,1,3,20,67,3504
8972,MOB_HUNTER_NPC_13881388,AUTRE,139,111106,0,29575,5108,7748,139,139,216,216,2,0,normal,1,3,20,73,3505
8973,MOB_HUNTER_NPC_13891389,AUTRE,139,95822,0,29575,4974,7958,139,139,216,216,2,0,normal,1,3,20,85,3506
8973,MOB_HUNTER_NPC_13891389,AUTRE,139,95822,0,29575,4974,7958,139,139,216,216,2,0,normal,1,3,20,85,3506
8974,MOB_HUNTER_NPC_13901390,AUTRE,139,95822,0,29575,4842,8174,139,139,216,216,2,0,normal,1,3,20,119,3507
3611,MOB_THIEF_NPC_11901390,Evenement caravan/thief,139,95822,0,29575,4842,8174,139,139,216,216,2,0,normal,1,3,20,119,1628
3602,MOB_THIEF_NPC_13811381,Evenement caravan/thief,139,95822,0,29575,4974,7958,139,139,216,216,2,0,normal,1,3,20,67,1619
3603,MOB_THIEF_NPC_13821382,Evenement caravan/thief,139,111106,0,29575,4842,8174,139,139,216,216,2,0,normal,1,3,20,67,1620
3604,MOB_THIEF_NPC_13831383,Evenement caravan/thief,139,111106,0,29575,4974,7958,139,139,216,216,2,0,normal,1,3,20,73,1621
3605,MOB_THIEF_NPC_13841384,Evenement caravan/thief,139,95822,0,29575,5108,7748,139,139,216,216,2,0,normal,1,3,20,85,1622
3606,MOB_THIEF_NPC_13851385,Evenement caravan/thief,139,95822,0,29575,4974,7958,139,139,216,216,2,0,normal,1,3,20,119,1623
3607,MOB_THIEF_NPC_13861386,Evenement caravan/thief,139,111106,0,29575,4842,8174,139,139,216,216,2,0,normal,1,3,20,67,1624
3608,MOB_THIEF_NPC_13871387,Evenement caravan/thief,139,95822,0,29575,4974,7958,139,16777355,216,216,2,0,normal,1,3,20,67,1625
3609,MOB_THIEF_NPC_13881388,Evenement caravan/thief,139,111106,0,29575,5108,7748,139,139,216,216,2,0,normal,1,3,20,329,1626
3610,MOB_THIEF_NPC_13891389,Evenement caravan/thief,139,95822,0,29575,4974,7958,139,139,216,216,2,0,normal,1,3,20,85,1627
24151,MOV_EV_BEAR_B_139,AUTRE,139,158304,0,118300,4384,7015,139,139,216,216,2,0,normal,1,0,50,75,13426
23904,COS_C_SEAHORSE_120,COS (pets/vehicules),140,57634,0,30462,0,0,140,140,217,217,2,0,normal,0,3,45,150,13247
34067,MOB_BOT_SUMMON,AUTRE,140,688586213,0,0,6657,10651,140,140,217,217,2,0,normal,1,3,0,0,17700
34066,MOB_BOT_SUMMON_NOTIFY,AUTRE,140,688586213,0,0,6657,10651,140,140,217,217,2,0,normal,1,3,0,0,17699
17800,MOB_EU_HUNTER_NPC_13911391,Europe (Constantinople),140,98369,0,30462,5247,7958,140,140,217,217,2,0,normal,1,3,20,97,7435
17801,MOB_EU_HUNTER_NPC_13921392,Europe (Constantinople),140,98369,0,30462,5247,7958,140,140,217,217,2,0,normal,1,3,20,97,7436
17802,MOB_EU_HUNTER_NPC_13931393,Europe (Constantinople),140,98369,0,30462,5247,7958,140,140,217,217,2,0,normal,1,3,20,97,7437
17803,MOB_EU_HUNTER_NPC_13941394,Europe (Constantinople),140,98369,0,30462,5108,8174,140,140,217,217,2,0,normal,1,3,20,120,7438
17804,MOB_EU_HUNTER_NPC_13951395,Europe (Constantinople),140,98369,0,30462,5108,8174,140,140,217,217,2,0,normal,1,3,20,73,7439
17805,MOB_EU_HUNTER_NPC_13961396,Europe (Constantinople),140,98369,0,30462,4974,8395,140,140,217,217,2,0,normal,1,3,20,85,7440
17806,MOB_EU_HUNTER_NPC_13971397,Europe (Constantinople),140,98369,0,30462,4974,8395,140,140,217,217,2,0,normal,1,3,20,85,7441
17807,MOB_EU_HUNTER_NPC_13981398,Europe (Constantinople),140,98369,0,30462,4974,8395,140,140,217,217,2,0,normal,1,3,20,85,7442
17808,MOB_EU_HUNTER_NPC_13991399,Europe (Constantinople),140,98369,0,30462,4974,8395,140,140,217,217,2,0,normal,1,3,20,85,7443
17809,MOB_EU_HUNTER_NPC_14001400,Europe (Constantinople),140,98369,0,30462,4974,8395,140,140,217,217,2,0,normal,1,3,20,85,7444
16400,MOB_EU_THIEF_NPC_13911391,Europe (Constantinople),140,98369,0,30462,5247,7958,140,140,217,217,2,0,normal,1,3,20,97,6035
16401,MOB_EU_THIEF_NPC_13921392,Europe (Constantinople),140,98369,0,30462,5247,7958,140,140,217,217,2,0,normal,1,3,20,97,6036
16402,MOB_EU_THIEF_NPC_13931393,Europe (Constantinople),140,98369,0,30462,5247,7958,140,140,217,217,2,0,normal,1,3,20,97,6037
16403,MOB_EU_THIEF_NPC_13941394,Europe (Constantinople),140,98369,0,30462,5108,8174,140,140,217,217,2,0,normal,1,3,20,120,6038
16404,MOB_EU_THIEF_NPC_13951395,Europe (Constantinople),140,98369,0,30462,5108,8174,140,140,217,217,2,0,normal,1,3,20,73,6039
16405,MOB_EU_THIEF_NPC_13961396,Europe (Constantinople),140,98369,0,30462,4974,8395,140,140,217,217,2,0,normal,1,3,20,85,6040
16406,MOB_EU_THIEF_NPC_13971397,Europe (Constantinople),140,98369,0,30462,4974,8395,140,16777356,217,217,2,0,normal,1,3,20,85,6041
16407,MOB_EU_THIEF_NPC_13981398,Europe (Constantinople),140,98369,0,30462,4974,8395,140,140,217,217,2,0,normal,1,3,20,85,6042
16408,MOB_EU_THIEF_NPC_13991199,Europe (Constantinople),140,98369,0,30462,4974,8395,140,140,217,217,2,0,normal,1,3,20,85,6043
16409,MOB_EU_THIEF_NPC_14001400,Europe (Constantinople),140,98369,0,30462,4974,8395,140,140,217,217,2,0,normal,1,3,20,85,6044
22238,MOB_FW_HYEONGCHEON_140,Forteresse (guerre de forteresse),140,124567725,0,43865913,5108,8174,140,140,217,217,2,3,unique_notice,1,3,23,74,11792
21538,MOB_FW_TAESE_140,Forteresse (guerre de forteresse),140,166090300,0,58487884,5388,7748,140,140,217,217,2,3,unique_notice,1,3,10,34,11092
8975,MOB_HUNTER_NPC_13911391,AUTRE,140,114064,0,30462,5108,8174,140,140,217,217,2,0,normal,1,3,20,68,3508
8976,MOB_HUNTER_NPC_13921392,AUTRE,140,114064,0,30462,5247,7958,140,140,217,217,2,0,normal,1,3,20,68,3509
8977,MOB_HUNTER_NPC_13931393,AUTRE,140,98369,0,30462,5108,8174,140,140,217,217,2,0,normal,1,3,20,73,3510
8978,MOB_HUNTER_NPC_13941394,AUTRE,140,98369,0,30462,4974,8395,140,140,217,217,2,0,normal,1,3,20,85,3511
8979,MOB_HUNTER_NPC_13951395,AUTRE,140,98369,0,30462,5108,8174,140,140,217,217,2,0,normal,1,3,20,120,3512
8980,MOB_HUNTER_NPC_13961396,AUTRE,140,98369,0,30462,5247,7958,140,140,217,217,2,0,normal,1,3,20,68,3513
8981,MOB_HUNTER_NPC_13971397,AUTRE,140,114064,0,30462,5108,8174,140,140,217,217,2,0,normal,1,3,20,68,3514
8983,MOB_HUNTER_NPC_13991399,AUTRE,140,98369,0,30462,5108,8174,140,140,217,217,2,0,normal,1,3,20,85,3516
8984,MOB_HUNTER_NPC_14001400,AUTRE,140,98369,0,30462,5247,7958,140,140,217,217,2,0,normal,1,3,20,120,3517
3612,MOB_THIEF_NPC_13911391,Evenement caravan/thief,140,114064,0,30462,5108,8174,140,140,217,217,2,0,normal,1,3,20,68,1629
3613,MOB_THIEF_NPC_13921392,Evenement caravan/thief,140,114064,0,30462,5247,7958,140,140,217,217,2,0,normal,1,3,20,68,1630
3614,MOB_THIEF_NPC_13931393,Evenement caravan/thief,140,98369,0,30462,5108,8174,140,140,217,217,2,0,normal,1,3,20,73,1631
3615,MOB_THIEF_NPC_13941394,Evenement caravan/thief,140,98369,0,30462,4974,8395,140,140,217,217,2,0,normal,1,3,20,85,1632
3616,MOB_THIEF_NPC_13951395,Evenement caravan/thief,140,98369,0,30462,5108,8174,140,140,217,217,2,0,normal,1,3,20,120,1633
3617,MOB_THIEF_NPC_13961396,Evenement caravan/thief,140,98369,0,30462,5247,7958,140,140,217,217,2,0,normal,1,3,20,68,1634
3619,MOB_THIEF_NPC_13981398,Evenement caravan/thief,140,114064,0,30462,4974,8395,140,140,217,217,2,0,normal,1,3,20,73,1636
3620,MOB_THIEF_NPC_13991399,Evenement caravan/thief,140,98369,0,30462,5108,8174,140,140,217,217,2,0,normal,1,3,20,85,1637
3621,MOB_THIEF_NPC_14001400,Evenement caravan/thief,140,98369,0,30462,5247,7958,140,140,217,217,2,0,normal,1,3,20,120,1638
24152,MOV_EV_BEAR_B_140,AUTRE,140,162599,0,121848,4503,7204,140,140,217,217,2,0,normal,1,0,50,75,13427
